JobId=2063313 JobName=GSL-dry
   UserId=wahba(2286) GroupId=ra_staff(5011) MCS_label=N/A
   Priority=300 Nice=0 Account=l40s QOS=normal
   JobState=RUNNING Reason=None Dependency=(null)
   Requeue=1 Restarts=0 BatchFlag=1 Reboot=0 ExitCode=0:0
   RunTime=00:00:01 TimeLimit=23:00:00 TimeMin=N/A
   SubmitTime=2026-05-03T00:39:57 EligibleTime=2026-05-03T00:39:57
   AccrueTime=2026-05-03T00:39:57
   StartTime=2026-05-03T00:39:57 EndTime=2026-05-03T23:39:57 Deadline=N/A
   SuspendTime=None SecsPreSuspend=0 LastSchedEval=2026-05-03T00:39:57 Scheduler=Main
   Partition=L40Sday AllocNode:Sid=tcml-login3:635997
   ReqNodeList=(null) ExcNodeList=(null)
   NodeList=tcml-node4
   BatchHost=tcml-node4
   NumNodes=1 NumCPUs=1 NumTasks=1 CPUs/Task=1 ReqB:S:C:T=0:0:*:*
   ReqTRES=cpu=1,mem=100G,node=1,billing=19,gres/gpu=1
   AllocTRES=cpu=1,mem=100G,node=1,billing=19,gres/gpu=1
   Socks/Node=* NtasksPerN:B:S:C=0:0:*:* CoreSpec=*
   MinCPUsNode=1 MinMemoryCPU=100G MinTmpDiskNode=0
   Features=(null) DelayBoot=00:00:00
   OverSubscribe=OK Contiguous=0 Licenses=(null) LicensesAlloc=(null) Network=(null)
   Command=/mnt/beegfs/home/wahba/git/temporal-coherence-vlm/experiments/grounding-stability-layers/sbatch_dry.sh
   WorkDir=/mnt/beegfs/home/wahba/git/temporal-coherence-vlm/experiments/grounding-stability-layers
   StdErr=/mnt/beegfs/home/wahba/git/temporal-coherence-vlm/experiments/grounding-stability-layers/logs/GSL-dry-2063313.err
   StdIn=/dev/null
   StdOut=/mnt/beegfs/home/wahba/git/temporal-coherence-vlm/experiments/grounding-stability-layers/logs/GSL-dry-2063313.out
   TresPerNode=gres/gpu:1
   

Sun May  3 00:39:58 2026       
+-----------------------------------------------------------------------------------------+
| NVIDIA-SMI 580.126.09             Driver Version: 580.126.09     CUDA Version: 13.0     |
+-----------------------------------------+------------------------+----------------------+
| GPU  Name                 Persistence-M | Bus-Id          Disp.A | Volatile Uncorr. ECC |
| Fan  Temp   Perf          Pwr:Usage/Cap |           Memory-Usage | GPU-Util  Compute M. |
|                                         |                        |               MIG M. |
|=========================================+========================+======================|
|   0  NVIDIA L40S                    Off |   00000000:61:00.0 Off |                    0 |
| N/A   30C    P8             33W /  350W |       0MiB /  46068MiB |      0%      Default |
|                                         |                        |                  N/A |
+-----------------------------------------+------------------------+----------------------+

+-----------------------------------------------------------------------------------------+
| Processes:                                                                              |
|  GPU   GI   CI              PID   Type   Process name                        GPU Memory |
|        ID   ID                                                               Usage      |
|=========================================================================================|
|  No running processes found                                                             |
+-----------------------------------------------------------------------------------------+
Layer indices : [-1, -2, -3, -4, -5, -6, -7, -8, -9, -10]
Cumavg Ks     : [1, 2, 3, 4, 5, 6, 7, 8, 9, 10]
video_mode    : False
save_dir      : results/grounding-layers-e16
dry_run       : False

Loading model: Qwen/Qwen3-VL-8B-Instruct
Running grounding-stability-layers on 236 items [layers=[-1, -2, -3, -4, -5, -6, -7, -8, -9, -10], cumavg_Ks=[1, 2, 3, 4, 5, 6, 7, 8, 9, 10], apply_norm=True]

[1/236] bike-packing
  Running bike-packing_exp0 | "a black bike"
    [layer_tam] vision_shape=(9, 15, 28), n_gen_tokens=356, apply_norm=False
    [variant layer_-1] logits built in 0.0s
    [variant layer_-1] TAM in 57.1s
    [variant layer_-2] logits built in 0.0s
    [variant layer_-2] TAM in 58.3s
    [variant layer_-3] logits built in 0.0s
    [variant layer_-3] TAM in 47.1s
    [variant layer_-4] logits built in 0.0s
    [variant layer_-4] TAM in 43.9s
    [variant layer_-5] logits built in 0.0s
    [variant layer_-5] TAM in 49.1s
    [variant layer_-6] logits built in 0.0s
    [variant layer_-6] TAM in 49.4s
    [variant layer_-7] logits built in 0.0s
    [variant layer_-7] TAM in 50.3s
    [variant layer_-8] logits built in 0.0s
    [variant layer_-8] TAM in 52.1s
    [variant layer_-9] logits built in 0.0s
    [variant layer_-9] TAM in 52.1s
    [variant layer_-10] logits built in 0.0s
    [variant layer_-10] TAM in 56.9s
    [variant cumavg_1] logits built in 0.0s
    [variant cumavg_1] TAM in 59.3s
    [variant cumavg_2] logits built in 0.4s
    [variant cumavg_2] TAM in 59.7s
    [variant cumavg_3] logits built in 1.0s
    [variant cumavg_3] TAM in 59.8s
    [variant cumavg_4] logits built in 1.7s
    [variant cumavg_4] TAM in 60.0s
    [variant cumavg_5] logits built in 2.3s
    [variant cumavg_5] TAM in 59.8s
    [variant cumavg_6] logits built in 2.9s
    [variant cumavg_6] TAM in 59.8s
    [variant cumavg_7] logits built in 3.6s
    [variant cumavg_7] TAM in 59.6s
    [variant cumavg_8] logits built in 4.2s
    [variant cumavg_8] TAM in 59.3s
    [variant cumavg_9] logits built in 4.8s
    [variant cumavg_9] TAM in 58.9s
    [variant cumavg_10] logits built in 6.5s
    [variant cumavg_10] TAM in 59.1s

[2/236] bike-packing
  Running bike-packing_exp1 | "black and white coloured bike"
    [layer_tam] vision_shape=(9, 15, 28), n_gen_tokens=372, apply_norm=False
    [variant layer_-1] logits built in 0.0s
    [variant layer_-1] TAM in 60.9s
    [variant layer_-2] logits built in 0.0s
    [variant layer_-2] TAM in 61.4s
    [variant layer_-3] logits built in 0.0s
    [variant layer_-3] TAM in 50.2s
    [variant layer_-4] logits built in 0.0s
    [variant layer_-4] TAM in 47.2s
    [variant layer_-5] logits built in 0.0s
    [variant layer_-5] TAM in 52.1s
    [variant layer_-6] logits built in 0.0s
    [variant layer_-6] TAM in 51.9s
    [variant layer_-7] logits built in 0.0s
    [variant layer_-7] TAM in 52.4s
    [variant layer_-8] logits built in 0.0s
    [variant layer_-8] TAM in 54.5s
    [variant layer_-9] logits built in 0.0s
    [variant layer_-9] TAM in 54.5s
    [variant layer_-10] logits built in 0.0s
    [variant layer_-10] TAM in 59.1s
    [variant cumavg_1] logits built in 0.0s
    [variant cumavg_1] TAM in 60.7s
    [variant cumavg_2] logits built in 0.4s
    [variant cumavg_2] TAM in 61.4s
    [variant cumavg_3] logits built in 1.1s
    [variant cumavg_3] TAM in 61.8s
    [variant cumavg_4] logits built in 1.8s
    [variant cumavg_4] TAM in 61.8s
    [variant cumavg_5] logits built in 2.4s
    [variant cumavg_5] TAM in 61.8s
    [variant cumavg_6] logits built in 3.1s
    [variant cumavg_6] TAM in 61.7s
    [variant cumavg_7] logits built in 3.8s
    [variant cumavg_7] TAM in 61.4s
    [variant cumavg_8] logits built in 4.4s
    [variant cumavg_8] TAM in 61.3s
    [variant cumavg_9] logits built in 5.1s
    [variant cumavg_9] TAM in 61.3s
    [variant cumavg_10] logits built in 5.8s
    [variant cumavg_10] TAM in 61.7s

[3/236] bike-packing
  Running bike-packing_exp2 | "a black bike upside-down"
    [layer_tam] vision_shape=(9, 15, 28), n_gen_tokens=372, apply_norm=False
    [variant layer_-1] logits built in 0.0s
    [variant layer_-1] TAM in 52.7s
    [variant layer_-2] logits built in 0.0s
    [variant layer_-2] TAM in 53.2s
    [variant layer_-3] logits built in 0.0s
    [variant layer_-3] TAM in 41.4s
    [variant layer_-4] logits built in 0.0s
    [variant layer_-4] TAM in 38.4s
    [variant layer_-5] logits built in 0.0s
    [variant layer_-5] TAM in 43.0s
    [variant layer_-6] logits built in 0.0s
    [variant layer_-6] TAM in 43.1s
    [variant layer_-7] logits built in 0.0s
    [variant layer_-7] TAM in 43.7s
    [variant layer_-8] logits built in 0.0s
    [variant layer_-8] TAM in 45.7s
    [variant layer_-9] logits built in 0.0s
    [variant layer_-9] TAM in 45.4s
    [variant layer_-10] logits built in 0.0s
    [variant layer_-10] TAM in 50.3s
    [variant cumavg_1] logits built in 0.0s
    [variant cumavg_1] TAM in 52.3s
    [variant cumavg_2] logits built in 0.4s
    [variant cumavg_2] TAM in 53.1s
    [variant cumavg_3] logits built in 1.1s
    [variant cumavg_3] TAM in 53.3s
    [variant cumavg_4] logits built in 1.8s
    [variant cumavg_4] TAM in 53.4s
    [variant cumavg_5] logits built in 2.4s
    [variant cumavg_5] TAM in 53.3s
    [variant cumavg_6] logits built in 3.1s
    [variant cumavg_6] TAM in 53.1s
    [variant cumavg_7] logits built in 3.8s
    [variant cumavg_7] TAM in 52.7s
    [variant cumavg_8] logits built in 4.4s
    [variant cumavg_8] TAM in 52.5s
    [variant cumavg_9] logits built in 5.1s
    [variant cumavg_9] TAM in 52.2s
    [variant cumavg_10] logits built in 5.8s
    [variant cumavg_10] TAM in 52.0s

[4/236] bike-packing
  Running bike-packing_exp3 | "an upside-down bike"
    [layer_tam] vision_shape=(9, 15, 28), n_gen_tokens=364, apply_norm=False
    [variant layer_-1] logits built in 0.0s
    [variant layer_-1] TAM in 58.9s
    [variant layer_-2] logits built in 0.0s
    [variant layer_-2] TAM in 59.5s
    [variant layer_-3] logits built in 0.0s
    [variant layer_-3] TAM in 48.3s
    [variant layer_-4] logits built in 0.0s
    [variant layer_-4] TAM in 45.3s
    [variant layer_-5] logits built in 0.0s
    [variant layer_-5] TAM in 49.9s
    [variant layer_-6] logits built in 0.0s
    [variant layer_-6] TAM in 49.9s
    [variant layer_-7] logits built in 0.0s
    [variant layer_-7] TAM in 50.6s
    [variant layer_-8] logits built in 0.0s
    [variant layer_-8] TAM in 52.8s
    [variant layer_-9] logits built in 0.0s
    [variant layer_-9] TAM in 52.7s
    [variant layer_-10] logits built in 0.0s
    [variant layer_-10] TAM in 57.3s
    [variant cumavg_1] logits built in 0.0s
    [variant cumavg_1] TAM in 59.1s
    [variant cumavg_2] logits built in 0.4s
    [variant cumavg_2] TAM in 59.8s
    [variant cumavg_3] logits built in 1.1s
    [variant cumavg_3] TAM in 60.0s
    [variant cumavg_4] logits built in 1.7s
    [variant cumavg_4] TAM in 60.0s
    [variant cumavg_5] logits built in 2.4s
    [variant cumavg_5] TAM in 60.0s
    [variant cumavg_6] logits built in 3.0s
    [variant cumavg_6] TAM in 59.6s
    [variant cumavg_7] logits built in 3.7s
    [variant cumavg_7] TAM in 59.5s
    [variant cumavg_8] logits built in 4.3s
    [variant cumavg_8] TAM in 59.0s
    [variant cumavg_9] logits built in 5.0s
    [variant cumavg_9] TAM in 58.8s
    [variant cumavg_10] logits built in 5.6s
    [variant cumavg_10] TAM in 58.8s

[5/236] bike-packing
  Running bike-packing_exp4 | "a man wearing a cap"
    [layer_tam] vision_shape=(9, 15, 28), n_gen_tokens=371, apply_norm=False
    [variant layer_-1] logits built in 0.0s
    [variant layer_-1] TAM in 52.6s
    [variant layer_-2] logits built in 0.0s
    [variant layer_-2] TAM in 52.9s
    [variant layer_-3] logits built in 0.0s
    [variant layer_-3] TAM in 41.1s
    [variant layer_-4] logits built in 0.0s
    [variant layer_-4] TAM in 37.9s
    [variant layer_-5] logits built in 0.0s
    [variant layer_-5] TAM in 42.4s
    [variant layer_-6] logits built in 0.0s
    [variant layer_-6] TAM in 42.3s
    [variant layer_-7] logits built in 0.0s
    [variant layer_-7] TAM in 42.8s
    [variant layer_-8] logits built in 0.0s
    [variant layer_-8] TAM in 50.9s
    [variant layer_-9] logits built in 0.0s
    [variant layer_-9] TAM in 44.7s
    [variant layer_-10] logits built in 0.0s
    [variant layer_-10] TAM in 49.8s
    [variant cumavg_1] logits built in 0.0s
    [variant cumavg_1] TAM in 52.2s
    [variant cumavg_2] logits built in 0.4s
    [variant cumavg_2] TAM in 52.7s
    [variant cumavg_3] logits built in 1.1s
    [variant cumavg_3] TAM in 52.9s
    [variant cumavg_4] logits built in 1.8s
    [variant cumavg_4] TAM in 53.0s
    [variant cumavg_5] logits built in 2.4s
    [variant cumavg_5] TAM in 52.9s
    [variant cumavg_6] logits built in 3.1s
    [variant cumavg_6] TAM in 52.5s
    [variant cumavg_7] logits built in 3.8s
    [variant cumavg_7] TAM in 52.2s
    [variant cumavg_8] logits built in 4.4s
    [variant cumavg_8] TAM in 51.9s
    [variant cumavg_9] logits built in 5.1s
    [variant cumavg_9] TAM in 51.6s
    [variant cumavg_10] logits built in 5.7s
    [variant cumavg_10] TAM in 51.5s

[6/236] bike-packing
  Running bike-packing_exp5 | "a man holding a bike"
    [layer_tam] vision_shape=(9, 15, 28), n_gen_tokens=372, apply_norm=False
    [variant layer_-1] logits built in 0.0s
    [variant layer_-1] TAM in 52.7s
    [variant layer_-2] logits built in 0.0s
    [variant layer_-2] TAM in 60.7s
    [variant layer_-3] logits built in 0.0s
    [variant layer_-3] TAM in 49.2s
    [variant layer_-4] logits built in 0.0s
    [variant layer_-4] TAM in 46.0s
    [variant layer_-5] logits built in 0.0s
    [variant layer_-5] TAM in 50.7s
    [variant layer_-6] logits built in 0.0s
    [variant layer_-6] TAM in 50.6s
    [variant layer_-7] logits built in 0.0s
    [variant layer_-7] TAM in 51.3s
    [variant layer_-8] logits built in 0.0s
    [variant layer_-8] TAM in 53.4s
    [variant layer_-9] logits built in 0.0s
    [variant layer_-9] TAM in 53.2s
    [variant layer_-10] logits built in 0.0s
    [variant layer_-10] TAM in 58.2s
    [variant cumavg_1] logits built in 0.0s
    [variant cumavg_1] TAM in 60.3s
    [variant cumavg_2] logits built in 0.4s
    [variant cumavg_2] TAM in 60.8s
    [variant cumavg_3] logits built in 1.1s
    [variant cumavg_3] TAM in 61.0s
    [variant cumavg_4] logits built in 1.8s
    [variant cumavg_4] TAM in 61.0s
    [variant cumavg_5] logits built in 2.4s
    [variant cumavg_5] TAM in 61.1s
    [variant cumavg_6] logits built in 3.1s
    [variant cumavg_6] TAM in 60.7s
    [variant cumavg_7] logits built in 3.8s
    [variant cumavg_7] TAM in 60.4s
    [variant cumavg_8] logits built in 4.4s
    [variant cumavg_8] TAM in 60.2s
    [variant cumavg_9] logits built in 5.1s
    [variant cumavg_9] TAM in 59.9s
    [variant cumavg_10] logits built in 5.8s
    [variant cumavg_10] TAM in 59.6s

[7/236] bike-packing
  Running bike-packing_exp6 | "a man"
    [layer_tam] vision_shape=(9, 15, 28), n_gen_tokens=347, apply_norm=False
    [variant layer_-1] logits built in 0.0s
    [variant layer_-1] TAM in 49.2s
    [variant layer_-2] logits built in 0.0s
    [variant layer_-2] TAM in 56.8s
    [variant layer_-3] logits built in 0.0s
    [variant layer_-3] TAM in 45.1s
    [variant layer_-4] logits built in 0.0s
    [variant layer_-4] TAM in 42.0s
    [variant layer_-5] logits built in 0.0s
    [variant layer_-5] TAM in 46.7s
    [variant layer_-6] logits built in 0.0s
    [variant layer_-6] TAM in 46.7s
    [variant layer_-7] logits built in 0.0s
    [variant layer_-7] TAM in 47.3s
    [variant layer_-8] logits built in 0.0s
    [variant layer_-8] TAM in 49.7s
    [variant layer_-9] logits built in 0.0s
    [variant layer_-9] TAM in 49.2s
    [variant layer_-10] logits built in 0.0s
    [variant layer_-10] TAM in 54.1s
    [variant cumavg_1] logits built in 0.0s
    [variant cumavg_1] TAM in 56.3s
    [variant cumavg_2] logits built in 0.4s
    [variant cumavg_2] TAM in 57.0s
    [variant cumavg_3] logits built in 1.0s
    [variant cumavg_3] TAM in 57.1s
    [variant cumavg_4] logits built in 1.6s
    [variant cumavg_4] TAM in 57.1s
    [variant cumavg_5] logits built in 2.2s
    [variant cumavg_5] TAM in 57.1s
    [variant cumavg_6] logits built in 2.8s
    [variant cumavg_6] TAM in 56.7s
    [variant cumavg_7] logits built in 3.5s
    [variant cumavg_7] TAM in 56.4s
    [variant cumavg_8] logits built in 4.1s
    [variant cumavg_8] TAM in 56.1s
    [variant cumavg_9] logits built in 4.7s
    [variant cumavg_9] TAM in 56.0s
    [variant cumavg_10] logits built in 6.9s
    [variant cumavg_10] TAM in 55.3s

[8/236] bike-packing
  Running bike-packing_exp7 | "a man wearing a cap and shorts"
    [layer_tam] vision_shape=(9, 15, 28), n_gen_tokens=388, apply_norm=False
    [variant layer_-1] logits built in 0.0s
    [variant layer_-1] TAM in 55.0s
    [variant layer_-2] logits built in 0.0s
    [variant layer_-2] TAM in 63.1s
    [variant layer_-3] logits built in 0.0s
    [variant layer_-3] TAM in 50.9s
    [variant layer_-4] logits built in 0.0s
    [variant layer_-4] TAM in 47.9s
    [variant layer_-5] logits built in 0.0s
    [variant layer_-5] TAM in 52.6s
    [variant layer_-6] logits built in 0.0s
    [variant layer_-6] TAM in 52.5s
    [variant layer_-7] logits built in 0.0s
    [variant layer_-7] TAM in 53.2s
    [variant layer_-8] logits built in 0.0s
    [variant layer_-8] TAM in 55.7s
    [variant layer_-9] logits built in 0.0s
    [variant layer_-9] TAM in 55.0s
    [variant layer_-10] logits built in 0.0s
    [variant layer_-10] TAM in 60.2s
    [variant cumavg_1] logits built in 0.0s
    [variant cumavg_1] TAM in 62.6s
    [variant cumavg_2] logits built in 0.5s
    [variant cumavg_2] TAM in 63.1s
    [variant cumavg_3] logits built in 1.2s
    [variant cumavg_3] TAM in 63.2s
    [variant cumavg_4] logits built in 1.9s
    [variant cumavg_4] TAM in 63.2s
    [variant cumavg_5] logits built in 2.6s
    [variant cumavg_5] TAM in 63.1s
    [variant cumavg_6] logits built in 3.3s
    [variant cumavg_6] TAM in 62.9s
    [variant cumavg_7] logits built in 4.0s
    [variant cumavg_7] TAM in 62.5s
    [variant cumavg_8] logits built in 4.7s
    [variant cumavg_8] TAM in 62.3s
    [variant cumavg_9] logits built in 5.3s
    [variant cumavg_9] TAM in 62.0s
    [variant cumavg_10] logits built in 6.0s
    [variant cumavg_10] TAM in 61.9s

[9/236] blackswan
  Running blackswan_exp0 | "a black swan"
    [layer_tam] vision_shape=(7, 15, 27), n_gen_tokens=275, apply_norm=False
    [variant layer_-1] logits built in 0.0s
    [variant layer_-1] TAM in 30.9s
    [variant layer_-2] logits built in 0.0s
    [variant layer_-2] TAM in 31.1s
    [variant layer_-3] logits built in 0.0s
    [variant layer_-3] TAM in 23.6s
    [variant layer_-4] logits built in 0.0s
    [variant layer_-4] TAM in 21.3s
    [variant layer_-5] logits built in 0.0s
    [variant layer_-5] TAM in 23.8s
    [variant layer_-6] logits built in 0.0s
    [variant layer_-6] TAM in 24.2s
    [variant layer_-7] logits built in 0.0s
    [variant layer_-7] TAM in 24.5s
    [variant layer_-8] logits built in 0.0s
    [variant layer_-8] TAM in 25.3s
    [variant layer_-9] logits built in 0.0s
    [variant layer_-9] TAM in 25.8s
    [variant layer_-10] logits built in 0.0s
    [variant layer_-10] TAM in 28.1s
    [variant cumavg_1] logits built in 0.0s
    [variant cumavg_1] TAM in 30.8s
    [variant cumavg_2] logits built in 0.1s
    [variant cumavg_2] TAM in 31.4s
    [variant cumavg_3] logits built in 0.6s
    [variant cumavg_3] TAM in 31.6s
    [variant cumavg_4] logits built in 1.1s
    [variant cumavg_4] TAM in 31.6s
    [variant cumavg_5] logits built in 1.6s
    [variant cumavg_5] TAM in 31.4s
    [variant cumavg_6] logits built in 2.1s
    [variant cumavg_6] TAM in 31.1s
    [variant cumavg_7] logits built in 2.6s
    [variant cumavg_7] TAM in 30.8s
    [variant cumavg_8] logits built in 3.0s
    [variant cumavg_8] TAM in 30.6s
    [variant cumavg_9] logits built in 3.5s
    [variant cumavg_9] TAM in 30.4s
    [variant cumavg_10] logits built in 4.0s
    [variant cumavg_10] TAM in 30.3s

[10/236] blackswan
  Running blackswan_exp1 | "a black feathered swan"
    [layer_tam] vision_shape=(7, 15, 27), n_gen_tokens=287, apply_norm=False
    [variant layer_-1] logits built in 1.4s
    [variant layer_-1] TAM in 32.1s
    [variant layer_-2] logits built in 0.0s
    [variant layer_-2] TAM in 32.4s
    [variant layer_-3] logits built in 0.0s
    [variant layer_-3] TAM in 24.8s
    [variant layer_-4] logits built in 0.0s
    [variant layer_-4] TAM in 22.6s
    [variant layer_-5] logits built in 0.0s
    [variant layer_-5] TAM in 25.0s
    [variant layer_-6] logits built in 0.0s
    [variant layer_-6] TAM in 25.5s
    [variant layer_-7] logits built in 0.0s
    [variant layer_-7] TAM in 25.8s
    [variant layer_-8] logits built in 0.0s
    [variant layer_-8] TAM in 26.6s
    [variant layer_-9] logits built in 0.0s
    [variant layer_-9] TAM in 27.1s
    [variant layer_-10] logits built in 0.0s
    [variant layer_-10] TAM in 29.4s
    [variant cumavg_1] logits built in 0.0s
    [variant cumavg_1] TAM in 32.0s
    [variant cumavg_2] logits built in 0.1s
    [variant cumavg_2] TAM in 32.6s
    [variant cumavg_3] logits built in 0.7s
    [variant cumavg_3] TAM in 32.8s
    [variant cumavg_4] logits built in 1.2s
    [variant cumavg_4] TAM in 32.7s
    [variant cumavg_5] logits built in 1.7s
    [variant cumavg_5] TAM in 32.6s
    [variant cumavg_6] logits built in 2.2s
    [variant cumavg_6] TAM in 32.3s
    [variant cumavg_7] logits built in 2.7s
    [variant cumavg_7] TAM in 32.1s
    [variant cumavg_8] logits built in 3.2s
    [variant cumavg_8] TAM in 31.8s
    [variant cumavg_9] logits built in 3.7s
    [variant cumavg_9] TAM in 31.6s
    [variant cumavg_10] logits built in 4.2s
    [variant cumavg_10] TAM in 31.4s

[11/236] blackswan
  Running blackswan_exp2 | "a swan"
    [layer_tam] vision_shape=(7, 15, 27), n_gen_tokens=269, apply_norm=False
    [variant layer_-1] logits built in 0.0s
    [variant layer_-1] TAM in 30.2s
    [variant layer_-2] logits built in 0.0s
    [variant layer_-2] TAM in 30.4s
    [variant layer_-3] logits built in 0.0s
    [variant layer_-3] TAM in 23.1s
    [variant layer_-4] logits built in 0.0s
    [variant layer_-4] TAM in 20.8s
    [variant layer_-5] logits built in 0.0s
    [variant layer_-5] TAM in 23.3s
    [variant layer_-6] logits built in 0.0s
    [variant layer_-6] TAM in 23.7s
    [variant layer_-7] logits built in 0.0s
    [variant layer_-7] TAM in 23.9s
    [variant layer_-8] logits built in 0.0s
    [variant layer_-8] TAM in 24.6s
    [variant layer_-9] logits built in 0.0s
    [variant layer_-9] TAM in 25.2s
    [variant layer_-10] logits built in 0.0s
    [variant layer_-10] TAM in 27.5s
    [variant cumavg_1] logits built in 0.0s
    [variant cumavg_1] TAM in 30.0s
    [variant cumavg_2] logits built in 0.1s
    [variant cumavg_2] TAM in 30.7s
    [variant cumavg_3] logits built in 0.6s
    [variant cumavg_3] TAM in 30.8s
    [variant cumavg_4] logits built in 1.0s
    [variant cumavg_4] TAM in 30.8s
    [variant cumavg_5] logits built in 1.5s
    [variant cumavg_5] TAM in 30.6s
    [variant cumavg_6] logits built in 2.0s
    [variant cumavg_6] TAM in 30.4s
    [variant cumavg_7] logits built in 2.5s
    [variant cumavg_7] TAM in 30.1s
    [variant cumavg_8] logits built in 3.0s
    [variant cumavg_8] TAM in 29.9s
    [variant cumavg_9] logits built in 4.5s
    [variant cumavg_9] TAM in 29.6s
    [variant cumavg_10] logits built in 3.9s
    [variant cumavg_10] TAM in 29.6s

[12/236] blackswan
  Running blackswan_exp3 | "a black swan"
    [layer_tam] vision_shape=(7, 15, 27), n_gen_tokens=275, apply_norm=False
    [variant layer_-1] logits built in 0.0s
    [variant layer_-1] TAM in 30.8s
    [variant layer_-2] logits built in 0.0s
    [variant layer_-2] TAM in 30.9s
    [variant layer_-3] logits built in 0.0s
    [variant layer_-3] TAM in 23.9s
    [variant layer_-4] logits built in 0.0s
    [variant layer_-4] TAM in 21.5s
    [variant layer_-5] logits built in 0.0s
    [variant layer_-5] TAM in 23.9s
    [variant layer_-6] logits built in 0.0s
    [variant layer_-6] TAM in 24.3s
    [variant layer_-7] logits built in 0.0s
    [variant layer_-7] TAM in 24.6s
    [variant layer_-8] logits built in 0.0s
    [variant layer_-8] TAM in 25.3s
    [variant layer_-9] logits built in 0.0s
    [variant layer_-9] TAM in 25.9s
    [variant layer_-10] logits built in 0.0s
    [variant layer_-10] TAM in 28.2s
    [variant cumavg_1] logits built in 0.0s
    [variant cumavg_1] TAM in 30.7s
    [variant cumavg_2] logits built in 0.1s
    [variant cumavg_2] TAM in 31.3s
    [variant cumavg_3] logits built in 0.6s
    [variant cumavg_3] TAM in 31.4s
    [variant cumavg_4] logits built in 1.1s
    [variant cumavg_4] TAM in 31.4s
    [variant cumavg_5] logits built in 1.6s
    [variant cumavg_5] TAM in 31.2s
    [variant cumavg_6] logits built in 2.1s
    [variant cumavg_6] TAM in 31.0s
    [variant cumavg_7] logits built in 2.6s
    [variant cumavg_7] TAM in 30.7s
    [variant cumavg_8] logits built in 3.1s
    [variant cumavg_8] TAM in 30.5s
    [variant cumavg_9] logits built in 3.5s
    [variant cumavg_9] TAM in 30.3s
    [variant cumavg_10] logits built in 4.0s
    [variant cumavg_10] TAM in 30.1s

[13/236] bmx-trees
  Running bmx-trees_exp0 | "a red bmx bike"
    [layer_tam] vision_shape=(10, 15, 27), n_gen_tokens=418, apply_norm=False
    [variant layer_-1] logits built in 0.0s
    [variant layer_-1] TAM in 63.7s
    [variant layer_-2] logits built in 0.0s
    [variant layer_-2] TAM in 63.3s
    [variant layer_-3] logits built in 0.0s
    [variant layer_-3] TAM in 51.7s
    [variant layer_-4] logits built in 0.0s
    [variant layer_-4] TAM in 47.1s
    [variant layer_-5] logits built in 0.0s
    [variant layer_-5] TAM in 53.9s
    [variant layer_-6] logits built in 0.0s
    [variant layer_-6] TAM in 53.6s
    [variant layer_-7] logits built in 0.0s
    [variant layer_-7] TAM in 53.8s
    [variant layer_-8] logits built in 0.0s
    [variant layer_-8] TAM in 54.6s
    [variant layer_-9] logits built in 0.0s
    [variant layer_-9] TAM in 54.7s
    [variant layer_-10] logits built in 0.0s
    [variant layer_-10] TAM in 60.6s
    [variant cumavg_1] logits built in 0.0s
    [variant cumavg_1] TAM in 63.4s
    [variant cumavg_2] logits built in 0.6s
    [variant cumavg_2] TAM in 63.8s
    [variant cumavg_3] logits built in 1.4s
    [variant cumavg_3] TAM in 64.1s
    [variant cumavg_4] logits built in 2.1s
    [variant cumavg_4] TAM in 64.0s
    [variant cumavg_5] logits built in 2.8s
    [variant cumavg_5] TAM in 63.8s
    [variant cumavg_6] logits built in 3.6s
    [variant cumavg_6] TAM in 63.5s
    [variant cumavg_7] logits built in 4.3s
    [variant cumavg_7] TAM in 63.2s
    [variant cumavg_8] logits built in 5.1s
    [variant cumavg_8] TAM in 63.0s
    [variant cumavg_9] logits built in 5.8s
    [variant cumavg_9] TAM in 62.6s
    [variant cumavg_10] logits built in 6.6s
    [variant cumavg_10] TAM in 62.5s

[14/236] bmx-trees
  Running bmx-trees_exp1 | "a black bike"
    [layer_tam] vision_shape=(10, 15, 27), n_gen_tokens=400, apply_norm=False
    [variant layer_-1] logits built in 0.0s
    [variant layer_-1] TAM in 61.6s
    [variant layer_-2] logits built in 0.0s
    [variant layer_-2] TAM in 61.1s
    [variant layer_-3] logits built in 0.0s
    [variant layer_-3] TAM in 49.7s
    [variant layer_-4] logits built in 0.0s
    [variant layer_-4] TAM in 45.3s
    [variant layer_-5] logits built in 0.0s
    [variant layer_-5] TAM in 52.0s
    [variant layer_-6] logits built in 0.0s
    [variant layer_-6] TAM in 51.4s
    [variant layer_-7] logits built in 0.0s
    [variant layer_-7] TAM in 51.8s
    [variant layer_-8] logits built in 0.0s
    [variant layer_-8] TAM in 52.6s
    [variant layer_-9] logits built in 0.0s
    [variant layer_-9] TAM in 52.8s
    [variant layer_-10] logits built in 0.0s
    [variant layer_-10] TAM in 58.5s
    [variant cumavg_1] logits built in 0.0s
    [variant cumavg_1] TAM in 61.5s
    [variant cumavg_2] logits built in 0.5s
    [variant cumavg_2] TAM in 61.8s
    [variant cumavg_3] logits built in 1.3s
    [variant cumavg_3] TAM in 62.1s
    [variant cumavg_4] logits built in 2.0s
    [variant cumavg_4] TAM in 61.7s
    [variant cumavg_5] logits built in 2.7s
    [variant cumavg_5] TAM in 61.7s
    [variant cumavg_6] logits built in 3.4s
    [variant cumavg_6] TAM in 61.3s
    [variant cumavg_7] logits built in 4.1s
    [variant cumavg_7] TAM in 61.1s
    [variant cumavg_8] logits built in 4.8s
    [variant cumavg_8] TAM in 60.7s
    [variant cumavg_9] logits built in 5.5s
    [variant cumavg_9] TAM in 60.6s
    [variant cumavg_10] logits built in 6.3s
    [variant cumavg_10] TAM in 60.3s

[15/236] bmx-trees
  Running bmx-trees_exp2 | "a bmx bike"
    [layer_tam] vision_shape=(10, 15, 27), n_gen_tokens=409, apply_norm=False
    [variant layer_-1] logits built in 0.0s
    [variant layer_-1] TAM in 61.9s
    [variant layer_-2] logits built in 0.0s
    [variant layer_-2] TAM in 61.7s
    [variant layer_-3] logits built in 0.0s
    [variant layer_-3] TAM in 50.3s
    [variant layer_-4] logits built in 0.0s
    [variant layer_-4] TAM in 45.8s
    [variant layer_-5] logits built in 0.0s
    [variant layer_-5] TAM in 52.4s
    [variant layer_-6] logits built in 0.0s
    [variant layer_-6] TAM in 52.1s
    [variant layer_-7] logits built in 0.0s
    [variant layer_-7] TAM in 52.3s
    [variant layer_-8] logits built in 0.0s
    [variant layer_-8] TAM in 53.1s
    [variant layer_-9] logits built in 0.0s
    [variant layer_-9] TAM in 53.1s
    [variant layer_-10] logits built in 0.0s
    [variant layer_-10] TAM in 59.2s
    [variant cumavg_1] logits built in 0.0s
    [variant cumavg_1] TAM in 61.9s
    [variant cumavg_2] logits built in 0.6s
    [variant cumavg_2] TAM in 62.3s
    [variant cumavg_3] logits built in 1.3s
    [variant cumavg_3] TAM in 62.7s
    [variant cumavg_4] logits built in 2.0s
    [variant cumavg_4] TAM in 62.5s
    [variant cumavg_5] logits built in 2.8s
    [variant cumavg_5] TAM in 62.4s
    [variant cumavg_6] logits built in 3.5s
    [variant cumavg_6] TAM in 62.2s
    [variant cumavg_7] logits built in 4.2s
    [variant cumavg_7] TAM in 61.9s
    [variant cumavg_8] logits built in 5.0s
    [variant cumavg_8] TAM in 61.5s
    [variant cumavg_9] logits built in 5.7s
    [variant cumavg_9] TAM in 61.2s
    [variant cumavg_10] logits built in 6.4s
    [variant cumavg_10] TAM in 61.1s

[16/236] bmx-trees
  Running bmx-trees_exp3 | "a bicycle"
    [layer_tam] vision_shape=(10, 15, 27), n_gen_tokens=391, apply_norm=False
    [variant layer_-1] logits built in 0.0s
    [variant layer_-1] TAM in 59.9s
    [variant layer_-2] logits built in 0.0s
    [variant layer_-2] TAM in 59.3s
    [variant layer_-3] logits built in 0.0s
    [variant layer_-3] TAM in 47.9s
    [variant layer_-4] logits built in 0.0s
    [variant layer_-4] TAM in 43.4s
    [variant layer_-5] logits built in 0.0s
    [variant layer_-5] TAM in 50.0s
    [variant layer_-6] logits built in 0.0s
    [variant layer_-6] TAM in 49.8s
    [variant layer_-7] logits built in 0.0s
    [variant layer_-7] TAM in 50.0s
    [variant layer_-8] logits built in 0.0s
    [variant layer_-8] TAM in 51.0s
    [variant layer_-9] logits built in 0.0s
    [variant layer_-9] TAM in 51.0s
    [variant layer_-10] logits built in 0.0s
    [variant layer_-10] TAM in 56.8s
    [variant cumavg_1] logits built in 0.0s
    [variant cumavg_1] TAM in 59.7s
    [variant cumavg_2] logits built in 0.5s
    [variant cumavg_2] TAM in 60.1s
    [variant cumavg_3] logits built in 1.2s
    [variant cumavg_3] TAM in 60.3s
    [variant cumavg_4] logits built in 1.9s
    [variant cumavg_4] TAM in 60.3s
    [variant cumavg_5] logits built in 2.6s
    [variant cumavg_5] TAM in 60.0s
    [variant cumavg_6] logits built in 3.3s
    [variant cumavg_6] TAM in 59.7s
    [variant cumavg_7] logits built in 4.0s
    [variant cumavg_7] TAM in 59.4s
    [variant cumavg_8] logits built in 4.7s
    [variant cumavg_8] TAM in 59.1s
    [variant cumavg_9] logits built in 5.4s
    [variant cumavg_9] TAM in 58.8s
    [variant cumavg_10] logits built in 6.1s
    [variant cumavg_10] TAM in 58.7s

[17/236] bmx-trees
  Running bmx-trees_exp4 | "a boy wearing a white tshirt"
    [layer_tam] vision_shape=(10, 15, 27), n_gen_tokens=436, apply_norm=False
    [variant layer_-1] logits built in 0.2s
    [variant layer_-1] TAM in 66.7s
    [variant layer_-2] logits built in 0.0s
    [variant layer_-2] TAM in 66.4s
    [variant layer_-3] logits built in 0.0s
    [variant layer_-3] TAM in 54.5s
    [variant layer_-4] logits built in 0.0s
    [variant layer_-4] TAM in 50.1s
    [variant layer_-5] logits built in 0.0s
    [variant layer_-5] TAM in 56.8s
    [variant layer_-6] logits built in 0.0s
    [variant layer_-6] TAM in 56.5s
    [variant layer_-7] logits built in 0.0s
    [variant layer_-7] TAM in 56.8s
    [variant layer_-8] logits built in 0.0s
    [variant layer_-8] TAM in 57.9s
    [variant layer_-9] logits built in 0.0s
    [variant layer_-9] TAM in 57.9s
    [variant layer_-10] logits built in 0.0s
    [variant layer_-10] TAM in 64.0s
    [variant cumavg_1] logits built in 0.0s
    [variant cumavg_1] TAM in 66.6s
    [variant cumavg_2] logits built in 0.7s
    [variant cumavg_2] TAM in 66.9s
    [variant cumavg_3] logits built in 1.4s
    [variant cumavg_3] TAM in 67.3s
    [variant cumavg_4] logits built in 2.2s
    [variant cumavg_4] TAM in 67.3s
    [variant cumavg_5] logits built in 3.0s
    [variant cumavg_5] TAM in 67.0s
    [variant cumavg_6] logits built in 3.8s
    [variant cumavg_6] TAM in 66.6s
    [variant cumavg_7] logits built in 4.6s
    [variant cumavg_7] TAM in 66.4s
    [variant cumavg_8] logits built in 5.3s
    [variant cumavg_8] TAM in 66.0s
    [variant cumavg_9] logits built in 6.1s
    [variant cumavg_9] TAM in 65.8s
    [variant cumavg_10] logits built in 6.9s
    [variant cumavg_10] TAM in 65.7s

[18/236] bmx-trees
  Running bmx-trees_exp5 | "a boy riding a bicycle"
    [layer_tam] vision_shape=(10, 15, 27), n_gen_tokens=418, apply_norm=False
    [variant layer_-1] logits built in 0.0s
    [variant layer_-1] TAM in 64.2s
    [variant layer_-2] logits built in 0.0s
    [variant layer_-2] TAM in 63.5s
    [variant layer_-3] logits built in 0.0s
    [variant layer_-3] TAM in 52.0s
    [variant layer_-4] logits built in 0.0s
    [variant layer_-4] TAM in 47.4s
    [variant layer_-5] logits built in 0.0s
    [variant layer_-5] TAM in 54.1s
    [variant layer_-6] logits built in 0.0s
    [variant layer_-6] TAM in 53.8s
    [variant layer_-7] logits built in 0.0s
    [variant layer_-7] TAM in 54.1s
    [variant layer_-8] logits built in 0.0s
    [variant layer_-8] TAM in 55.1s
    [variant layer_-9] logits built in 0.0s
    [variant layer_-9] TAM in 55.2s
    [variant layer_-10] logits built in 0.1s
    [variant layer_-10] TAM in 61.0s
    [variant cumavg_1] logits built in 0.0s
    [variant cumavg_1] TAM in 63.9s
    [variant cumavg_2] logits built in 0.6s
    [variant cumavg_2] TAM in 64.1s
    [variant cumavg_3] logits built in 1.4s
    [variant cumavg_3] TAM in 64.3s
    [variant cumavg_4] logits built in 2.1s
    [variant cumavg_4] TAM in 64.3s
    [variant cumavg_5] logits built in 2.8s
    [variant cumavg_5] TAM in 64.0s
    [variant cumavg_6] logits built in 3.6s
    [variant cumavg_6] TAM in 63.7s
    [variant cumavg_7] logits built in 4.3s
    [variant cumavg_7] TAM in 63.5s
    [variant cumavg_8] logits built in 5.1s
    [variant cumavg_8] TAM in 63.2s
    [variant cumavg_9] logits built in 5.8s
    [variant cumavg_9] TAM in 62.8s
    [variant cumavg_10] logits built in 6.6s
    [variant cumavg_10] TAM in 62.8s

[19/236] bmx-trees
  Running bmx-trees_exp6 | "a boy riding a bmx bike"
    [layer_tam] vision_shape=(10, 15, 27), n_gen_tokens=436, apply_norm=False
    [variant layer_-1] logits built in 0.0s
    [variant layer_-1] TAM in 66.2s
    [variant layer_-2] logits built in 0.0s
    [variant layer_-2] TAM in 65.9s
    [variant layer_-3] logits built in 0.0s
    [variant layer_-3] TAM in 54.3s
    [variant layer_-4] logits built in 0.0s
    [variant layer_-4] TAM in 49.9s
    [variant layer_-5] logits built in 0.0s
    [variant layer_-5] TAM in 56.5s
    [variant layer_-6] logits built in 0.0s
    [variant layer_-6] TAM in 56.2s
    [variant layer_-7] logits built in 0.0s
    [variant layer_-7] TAM in 56.5s
    [variant layer_-8] logits built in 0.0s
    [variant layer_-8] TAM in 57.4s
    [variant layer_-9] logits built in 0.0s
    [variant layer_-9] TAM in 57.5s
    [variant layer_-10] logits built in 0.0s
    [variant layer_-10] TAM in 63.6s
    [variant cumavg_1] logits built in 0.0s
    [variant cumavg_1] TAM in 66.2s
    [variant cumavg_2] logits built in 0.7s
    [variant cumavg_2] TAM in 66.4s
    [variant cumavg_3] logits built in 1.4s
    [variant cumavg_3] TAM in 66.8s
    [variant cumavg_4] logits built in 2.2s
    [variant cumavg_4] TAM in 66.8s
    [variant cumavg_5] logits built in 3.0s
    [variant cumavg_5] TAM in 66.6s
    [variant cumavg_6] logits built in 3.8s
    [variant cumavg_6] TAM in 66.4s
    [variant cumavg_7] logits built in 4.5s
    [variant cumavg_7] TAM in 66.0s
    [variant cumavg_8] logits built in 5.3s
    [variant cumavg_8] TAM in 65.6s
    [variant cumavg_9] logits built in 6.1s
    [variant cumavg_9] TAM in 65.5s
    [variant cumavg_10] logits built in 6.9s
    [variant cumavg_10] TAM in 65.3s

[20/236] bmx-trees
  Running bmx-trees_exp7 | "a man in a white shirt and shorts"
    [layer_tam] vision_shape=(10, 15, 27), n_gen_tokens=445, apply_norm=False
    [variant layer_-1] logits built in 0.0s
    [variant layer_-1] TAM in 68.6s
    [variant layer_-2] logits built in 0.0s
    [variant layer_-2] TAM in 67.9s
    [variant layer_-3] logits built in 0.0s
    [variant layer_-3] TAM in 55.6s
    [variant layer_-4] logits built in 0.0s
    [variant layer_-4] TAM in 51.3s
    [variant layer_-5] logits built in 0.0s
    [variant layer_-5] TAM in 57.9s
    [variant layer_-6] logits built in 0.0s
    [variant layer_-6] TAM in 57.6s
    [variant layer_-7] logits built in 0.0s
    [variant layer_-7] TAM in 58.0s
    [variant layer_-8] logits built in 0.0s
    [variant layer_-8] TAM in 58.9s
    [variant layer_-9] logits built in 0.0s
    [variant layer_-9] TAM in 58.8s
    [variant layer_-10] logits built in 0.0s
    [variant layer_-10] TAM in 65.2s
    [variant cumavg_1] logits built in 0.0s
    [variant cumavg_1] TAM in 68.4s
    [variant cumavg_2] logits built in 0.7s
    [variant cumavg_2] TAM in 68.5s
    [variant cumavg_3] logits built in 1.5s
    [variant cumavg_3] TAM in 68.8s
    [variant cumavg_4] logits built in 2.3s
    [variant cumavg_4] TAM in 68.6s
    [variant cumavg_5] logits built in 3.1s
    [variant cumavg_5] TAM in 68.4s
    [variant cumavg_6] logits built in 3.9s
    [variant cumavg_6] TAM in 68.1s
    [variant cumavg_7] logits built in 4.7s
    [variant cumavg_7] TAM in 67.8s
    [variant cumavg_8] logits built in 5.5s
    [variant cumavg_8] TAM in 67.3s
    [variant cumavg_9] logits built in 6.2s
    [variant cumavg_9] TAM in 67.0s
    [variant cumavg_10] logits built in 7.0s
    [variant cumavg_10] TAM in 66.9s

[21/236] breakdance
  Running breakdance_exp0 | "a man in a red sweatshirt performing breakdance"
    [layer_tam] vision_shape=(11, 15, 27), n_gen_tokens=562, apply_norm=False
    [variant layer_-1] logits built in 0.1s
    [variant layer_-1] TAM in 92.7s
    [variant layer_-2] logits built in 0.1s
    [variant layer_-2] TAM in 93.1s
    [variant layer_-3] logits built in 0.1s
    [variant layer_-3] TAM in 76.8s
    [variant layer_-4] logits built in 0.1s
    [variant layer_-4] TAM in 71.5s
    [variant layer_-5] logits built in 0.1s
    [variant layer_-5] TAM in 78.0s
    [variant layer_-6] logits built in 0.1s
    [variant layer_-6] TAM in 77.5s
    [variant layer_-7] logits built in 0.1s
    [variant layer_-7] TAM in 77.0s
    [variant layer_-8] logits built in 0.1s
    [variant layer_-8] TAM in 80.4s
    [variant layer_-9] logits built in 0.1s
    [variant layer_-9] TAM in 81.1s
    [variant layer_-10] logits built in 0.1s
    [variant layer_-10] TAM in 87.9s
    [variant cumavg_1] logits built in 0.1s
    [variant cumavg_1] TAM in 92.0s
    [variant cumavg_2] logits built in 1.1s
    [variant cumavg_2] TAM in 92.4s
    [variant cumavg_3] logits built in 2.1s
    [variant cumavg_3] TAM in 93.0s
    [variant cumavg_4] logits built in 3.1s
    [variant cumavg_4] TAM in 93.1s
    [variant cumavg_5] logits built in 4.1s
    [variant cumavg_5] TAM in 92.9s
    [variant cumavg_6] logits built in 5.1s
    [variant cumavg_6] TAM in 93.3s
    [variant cumavg_7] logits built in 6.1s
    [variant cumavg_7] TAM in 106.7s
    [variant cumavg_8] logits built in 7.1s
    [variant cumavg_8] TAM in 106.3s
    [variant cumavg_9] logits built in 8.1s
    [variant cumavg_9] TAM in 105.7s
    [variant cumavg_10] logits built in 9.1s
    [variant cumavg_10] TAM in 105.1s

[22/236] breakdance
  Running breakdance_exp1 | "a boy in a red tshirt performing a breakdance"
    [layer_tam] vision_shape=(11, 15, 27), n_gen_tokens=573, apply_norm=False
    [variant layer_-1] logits built in 0.1s
    [variant layer_-1] TAM in 92.7s
    [variant layer_-2] logits built in 0.1s
    [variant layer_-2] TAM in 92.9s
    [variant layer_-3] logits built in 0.1s
    [variant layer_-3] TAM in 76.2s
    [variant layer_-4] logits built in 0.1s
    [variant layer_-4] TAM in 70.7s
    [variant layer_-5] logits built in 0.1s
    [variant layer_-5] TAM in 77.9s
    [variant layer_-6] logits built in 0.1s
    [variant layer_-6] TAM in 77.1s
    [variant layer_-7] logits built in 0.1s
    [variant layer_-7] TAM in 76.4s
    [variant layer_-8] logits built in 0.1s
    [variant layer_-8] TAM in 80.0s
    [variant layer_-9] logits built in 0.1s
    [variant layer_-9] TAM in 80.6s
    [variant layer_-10] logits built in 0.1s
    [variant layer_-10] TAM in 87.9s
    [variant cumavg_1] logits built in 0.1s
    [variant cumavg_1] TAM in 92.4s
    [variant cumavg_2] logits built in 1.1s
    [variant cumavg_2] TAM in 92.7s
    [variant cumavg_3] logits built in 2.2s
    [variant cumavg_3] TAM in 93.2s
    [variant cumavg_4] logits built in 3.2s
    [variant cumavg_4] TAM in 93.3s
    [variant cumavg_5] logits built in 4.2s
    [variant cumavg_5] TAM in 93.1s
    [variant cumavg_6] logits built in 5.2s
    [variant cumavg_6] TAM in 92.6s
    [variant cumavg_7] logits built in 6.2s
    [variant cumavg_7] TAM in 91.9s
    [variant cumavg_8] logits built in 7.2s
    [variant cumavg_8] TAM in 91.4s
    [variant cumavg_9] logits built in 8.3s
    [variant cumavg_9] TAM in 90.7s
    [variant cumavg_10] logits built in 9.3s
    [variant cumavg_10] TAM in 90.6s

[23/236] breakdance
  Running breakdance_exp2 | "a man performing a headspin"
    [layer_tam] vision_shape=(11, 15, 27), n_gen_tokens=470, apply_norm=False
    [variant layer_-1] logits built in 0.0s
    [variant layer_-1] TAM in 78.4s
    [variant layer_-2] logits built in 0.0s
    [variant layer_-2] TAM in 78.6s
    [variant layer_-3] logits built in 0.0s
    [variant layer_-3] TAM in 64.3s
    [variant layer_-4] logits built in 0.0s
    [variant layer_-4] TAM in 59.3s
    [variant layer_-5] logits built in 0.0s
    [variant layer_-5] TAM in 65.6s
    [variant layer_-6] logits built in 0.0s
    [variant layer_-6] TAM in 65.0s
    [variant layer_-7] logits built in 0.0s
    [variant layer_-7] TAM in 64.3s
    [variant layer_-8] logits built in 0.0s
    [variant layer_-8] TAM in 67.6s
    [variant layer_-9] logits built in 0.0s
    [variant layer_-9] TAM in 68.2s
    [variant layer_-10] logits built in 0.1s
    [variant layer_-10] TAM in 74.5s
    [variant cumavg_1] logits built in 0.0s
    [variant cumavg_1] TAM in 78.1s
    [variant cumavg_2] logits built in 0.8s
    [variant cumavg_2] TAM in 78.3s
    [variant cumavg_3] logits built in 1.6s
    [variant cumavg_3] TAM in 78.8s
    [variant cumavg_4] logits built in 2.5s
    [variant cumavg_4] TAM in 78.8s
    [variant cumavg_5] logits built in 3.3s
    [variant cumavg_5] TAM in 78.7s
    [variant cumavg_6] logits built in 4.1s
    [variant cumavg_6] TAM in 78.3s
    [variant cumavg_7] logits built in 5.0s
    [variant cumavg_7] TAM in 77.6s
    [variant cumavg_8] logits built in 5.8s
    [variant cumavg_8] TAM in 77.2s
    [variant cumavg_9] logits built in 6.7s
    [variant cumavg_9] TAM in 76.8s
    [variant cumavg_10] logits built in 7.5s
    [variant cumavg_10] TAM in 76.4s

[24/236] breakdance
  Running breakdance_exp3 | "a guy in a brown shirt and blue jeans breakdancing"
    [layer_tam] vision_shape=(11, 15, 27), n_gen_tokens=531, apply_norm=False
    [variant layer_-1] logits built in 0.1s
    [variant layer_-1] TAM in 88.6s
    [variant layer_-2] logits built in 0.1s
    [variant layer_-2] TAM in 88.6s
    [variant layer_-3] logits built in 0.1s
    [variant layer_-3] TAM in 73.5s
    [variant layer_-4] logits built in 0.1s
    [variant layer_-4] TAM in 68.3s
    [variant layer_-5] logits built in 0.1s
    [variant layer_-5] TAM in 74.7s
    [variant layer_-6] logits built in 0.1s
    [variant layer_-6] TAM in 74.0s
    [variant layer_-7] logits built in 0.1s
    [variant layer_-7] TAM in 73.3s
    [variant layer_-8] logits built in 0.1s
    [variant layer_-8] TAM in 76.5s
    [variant layer_-9] logits built in 0.1s
    [variant layer_-9] TAM in 77.2s
    [variant layer_-10] logits built in 0.1s
    [variant layer_-10] TAM in 83.8s
    [variant cumavg_1] logits built in 0.1s
    [variant cumavg_1] TAM in 88.5s
    [variant cumavg_2] logits built in 1.0s
    [variant cumavg_2] TAM in 88.8s
    [variant cumavg_3] logits built in 1.9s
    [variant cumavg_3] TAM in 89.2s
    [variant cumavg_4] logits built in 2.9s
    [variant cumavg_4] TAM in 89.1s
    [variant cumavg_5] logits built in 3.8s
    [variant cumavg_5] TAM in 88.9s
    [variant cumavg_6] logits built in 4.8s
    [variant cumavg_6] TAM in 88.5s
    [variant cumavg_7] logits built in 5.7s
    [variant cumavg_7] TAM in 87.6s
    [variant cumavg_8] logits built in 6.7s
    [variant cumavg_8] TAM in 86.8s
    [variant cumavg_9] logits built in 7.6s
    [variant cumavg_9] TAM in 86.4s
    [variant cumavg_10] logits built in 8.5s
    [variant cumavg_10] TAM in 86.1s

[25/236] camel
  Running camel_exp0 | "a brown camel in the front"
    [layer_tam] vision_shape=(12, 15, 27), n_gen_tokens=520, apply_norm=False
    [variant layer_-1] logits built in 0.0s
    [variant layer_-1] TAM in 92.5s
    [variant layer_-2] logits built in 0.0s
    [variant layer_-2] TAM in 91.9s
    [variant layer_-3] logits built in 0.0s
    [variant layer_-3] TAM in 71.8s
    [variant layer_-4] logits built in 0.0s
    [variant layer_-4] TAM in 66.8s
    [variant layer_-5] logits built in 0.0s
    [variant layer_-5] TAM in 76.0s
    [variant layer_-6] logits built in 0.0s
    [variant layer_-6] TAM in 74.3s
    [variant layer_-7] logits built in 0.0s
    [variant layer_-7] TAM in 75.6s
    [variant layer_-8] logits built in 0.0s
    [variant layer_-8] TAM in 77.1s
    [variant layer_-9] logits built in 0.0s
    [variant layer_-9] TAM in 77.4s
    [variant layer_-10] logits built in 0.0s
    [variant layer_-10] TAM in 84.3s
    [variant cumavg_1] logits built in 0.0s
    [variant cumavg_1] TAM in 92.3s
    [variant cumavg_2] logits built in 1.0s
    [variant cumavg_2] TAM in 92.6s
    [variant cumavg_3] logits built in 1.9s
    [variant cumavg_3] TAM in 92.8s
    [variant cumavg_4] logits built in 2.8s
    [variant cumavg_4] TAM in 92.5s
    [variant cumavg_5] logits built in 3.7s
    [variant cumavg_5] TAM in 91.9s
    [variant cumavg_6] logits built in 4.7s
    [variant cumavg_6] TAM in 91.2s
    [variant cumavg_7] logits built in 5.6s
    [variant cumavg_7] TAM in 90.6s
    [variant cumavg_8] logits built in 6.5s
    [variant cumavg_8] TAM in 89.8s
    [variant cumavg_9] logits built in 7.5s
    [variant cumavg_9] TAM in 89.4s
    [variant cumavg_10] logits built in 8.4s
    [variant cumavg_10] TAM in 89.1s

[26/236] camel
  Running camel_exp1 | "a camel moving"
    [layer_tam] vision_shape=(12, 15, 27), n_gen_tokens=487, apply_norm=False
    [variant layer_-1] logits built in 0.0s
    [variant layer_-1] TAM in 88.5s
    [variant layer_-2] logits built in 0.0s
    [variant layer_-2] TAM in 87.8s
    [variant layer_-3] logits built in 0.0s
    [variant layer_-3] TAM in 68.7s
    [variant layer_-4] logits built in 0.0s
    [variant layer_-4] TAM in 63.6s
    [variant layer_-5] logits built in 0.0s
    [variant layer_-5] TAM in 72.3s
    [variant layer_-6] logits built in 0.0s
    [variant layer_-6] TAM in 70.6s
    [variant layer_-7] logits built in 0.0s
    [variant layer_-7] TAM in 71.8s
    [variant layer_-8] logits built in 0.0s
    [variant layer_-8] TAM in 73.3s
    [variant layer_-9] logits built in 0.0s
    [variant layer_-9] TAM in 73.4s
    [variant layer_-10] logits built in 0.0s
    [variant layer_-10] TAM in 80.4s
    [variant cumavg_1] logits built in 0.0s
    [variant cumavg_1] TAM in 88.3s
    [variant cumavg_2] logits built in 0.9s
    [variant cumavg_2] TAM in 88.7s
    [variant cumavg_3] logits built in 1.7s
    [variant cumavg_3] TAM in 89.0s
    [variant cumavg_4] logits built in 2.6s
    [variant cumavg_4] TAM in 88.7s
    [variant cumavg_5] logits built in 3.5s
    [variant cumavg_5] TAM in 88.1s
    [variant cumavg_6] logits built in 4.3s
    [variant cumavg_6] TAM in 87.3s
    [variant cumavg_7] logits built in 5.2s
    [variant cumavg_7] TAM in 86.7s
    [variant cumavg_8] logits built in 6.1s
    [variant cumavg_8] TAM in 86.0s
    [variant cumavg_9] logits built in 6.9s
    [variant cumavg_9] TAM in 85.5s
    [variant cumavg_10] logits built in 7.8s
    [variant cumavg_10] TAM in 85.3s

[27/236] camel
  Running camel_exp2 | "a camel walking"
    [layer_tam] vision_shape=(12, 15, 27), n_gen_tokens=487, apply_norm=False
    [variant layer_-1] logits built in 0.0s
    [variant layer_-1] TAM in 87.9s
    [variant layer_-2] logits built in 0.0s
    [variant layer_-2] TAM in 87.3s
    [variant layer_-3] logits built in 0.0s
    [variant layer_-3] TAM in 68.9s
    [variant layer_-4] logits built in 0.0s
    [variant layer_-4] TAM in 63.8s
    [variant layer_-5] logits built in 0.0s
    [variant layer_-5] TAM in 72.1s
    [variant layer_-6] logits built in 0.0s
    [variant layer_-6] TAM in 70.7s
    [variant layer_-7] logits built in 0.0s
    [variant layer_-7] TAM in 71.8s
    [variant layer_-8] logits built in 0.0s
    [variant layer_-8] TAM in 73.3s
    [variant layer_-9] logits built in 0.0s
    [variant layer_-9] TAM in 73.4s
    [variant layer_-10] logits built in 0.0s
    [variant layer_-10] TAM in 80.2s
    [variant cumavg_1] logits built in 0.0s
    [variant cumavg_1] TAM in 87.6s
    [variant cumavg_2] logits built in 0.9s
    [variant cumavg_2] TAM in 87.9s
    [variant cumavg_3] logits built in 1.7s
    [variant cumavg_3] TAM in 88.2s
    [variant cumavg_4] logits built in 2.6s
    [variant cumavg_4] TAM in 88.0s
    [variant cumavg_5] logits built in 3.5s
    [variant cumavg_5] TAM in 87.4s
    [variant cumavg_6] logits built in 4.3s
    [variant cumavg_6] TAM in 86.9s
    [variant cumavg_7] logits built in 5.2s
    [variant cumavg_7] TAM in 86.2s
    [variant cumavg_8] logits built in 6.1s
    [variant cumavg_8] TAM in 85.5s
    [variant cumavg_9] logits built in 7.0s
    [variant cumavg_9] TAM in 84.9s
    [variant cumavg_10] logits built in 7.8s
    [variant cumavg_10] TAM in 84.7s

[28/236] camel
  Running camel_exp3 | "a brown camel walking"
    [layer_tam] vision_shape=(12, 15, 27), n_gen_tokens=498, apply_norm=False
    [variant layer_-1] logits built in 0.0s
    [variant layer_-1] TAM in 89.6s
    [variant layer_-2] logits built in 0.0s
    [variant layer_-2] TAM in 89.4s
    [variant layer_-3] logits built in 0.0s
    [variant layer_-3] TAM in 70.3s
    [variant layer_-4] logits built in 0.0s
    [variant layer_-4] TAM in 65.4s
    [variant layer_-5] logits built in 0.0s
    [variant layer_-5] TAM in 74.1s
    [variant layer_-6] logits built in 0.0s
    [variant layer_-6] TAM in 72.6s
    [variant layer_-7] logits built in 0.0s
    [variant layer_-7] TAM in 73.8s
    [variant layer_-8] logits built in 0.0s
    [variant layer_-8] TAM in 75.1s
    [variant layer_-9] logits built in 0.0s
    [variant layer_-9] TAM in 75.1s
    [variant layer_-10] logits built in 0.0s
    [variant layer_-10] TAM in 82.3s
    [variant cumavg_1] logits built in 0.0s
    [variant cumavg_1] TAM in 89.6s
    [variant cumavg_2] logits built in 0.9s
    [variant cumavg_2] TAM in 90.0s
    [variant cumavg_3] logits built in 1.8s
    [variant cumavg_3] TAM in 90.2s
    [variant cumavg_4] logits built in 2.7s
    [variant cumavg_4] TAM in 89.9s
    [variant cumavg_5] logits built in 3.6s
    [variant cumavg_5] TAM in 89.3s
    [variant cumavg_6] logits built in 4.5s
    [variant cumavg_6] TAM in 88.5s
    [variant cumavg_7] logits built in 5.3s
    [variant cumavg_7] TAM in 88.0s
    [variant cumavg_8] logits built in 6.2s
    [variant cumavg_8] TAM in 87.3s
    [variant cumavg_9] logits built in 7.1s
    [variant cumavg_9] TAM in 86.8s
    [variant cumavg_10] logits built in 8.0s
    [variant cumavg_10] TAM in 86.6s

[29/236] car-roundabout
  Running car-roundabout_exp0 | "a black car"
    [layer_tam] vision_shape=(10, 15, 27), n_gen_tokens=400, apply_norm=False
    [variant layer_-1] logits built in 0.0s
    [variant layer_-1] TAM in 61.4s
    [variant layer_-2] logits built in 0.0s
    [variant layer_-2] TAM in 60.8s
    [variant layer_-3] logits built in 0.0s
    [variant layer_-3] TAM in 49.7s
    [variant layer_-4] logits built in 0.0s
    [variant layer_-4] TAM in 44.8s
    [variant layer_-5] logits built in 0.0s
    [variant layer_-5] TAM in 49.6s
    [variant layer_-6] logits built in 0.0s
    [variant layer_-6] TAM in 48.9s
    [variant layer_-7] logits built in 0.0s
    [variant layer_-7] TAM in 49.2s
    [variant layer_-8] logits built in 0.0s
    [variant layer_-8] TAM in 51.8s
    [variant layer_-9] logits built in 0.0s
    [variant layer_-9] TAM in 52.0s
    [variant layer_-10] logits built in 0.0s
    [variant layer_-10] TAM in 57.4s
    [variant cumavg_1] logits built in 0.0s
    [variant cumavg_1] TAM in 61.2s
    [variant cumavg_2] logits built in 0.5s
    [variant cumavg_2] TAM in 61.6s
    [variant cumavg_3] logits built in 1.3s
    [variant cumavg_3] TAM in 61.8s
    [variant cumavg_4] logits built in 2.0s
    [variant cumavg_4] TAM in 61.6s
    [variant cumavg_5] logits built in 2.7s
    [variant cumavg_5] TAM in 61.5s
    [variant cumavg_6] logits built in 3.4s
    [variant cumavg_6] TAM in 61.3s
    [variant cumavg_7] logits built in 4.1s
    [variant cumavg_7] TAM in 60.9s
    [variant cumavg_8] logits built in 4.8s
    [variant cumavg_8] TAM in 60.8s
    [variant cumavg_9] logits built in 5.5s
    [variant cumavg_9] TAM in 60.4s
    [variant cumavg_10] logits built in 6.3s
    [variant cumavg_10] TAM in 60.4s

[30/236] car-roundabout
  Running car-roundabout_exp1 | "a black car moving through a roundabout"
    [layer_tam] vision_shape=(10, 15, 27), n_gen_tokens=445, apply_norm=False
    [variant layer_-1] logits built in 0.0s
    [variant layer_-1] TAM in 67.6s
    [variant layer_-2] logits built in 0.0s
    [variant layer_-2] TAM in 67.6s
    [variant layer_-3] logits built in 0.0s
    [variant layer_-3] TAM in 56.4s
    [variant layer_-4] logits built in 0.0s
    [variant layer_-4] TAM in 51.2s
    [variant layer_-5] logits built in 0.0s
    [variant layer_-5] TAM in 56.0s
    [variant layer_-6] logits built in 0.0s
    [variant layer_-6] TAM in 55.3s
    [variant layer_-7] logits built in 0.0s
    [variant layer_-7] TAM in 55.6s
    [variant layer_-8] logits built in 0.1s
    [variant layer_-8] TAM in 58.3s
    [variant layer_-9] logits built in 0.0s
    [variant layer_-9] TAM in 58.7s
    [variant layer_-10] logits built in 0.0s
    [variant layer_-10] TAM in 64.4s
    [variant cumavg_1] logits built in 0.0s
    [variant cumavg_1] TAM in 67.6s
    [variant cumavg_2] logits built in 0.7s
    [variant cumavg_2] TAM in 68.1s
    [variant cumavg_3] logits built in 1.5s
    [variant cumavg_3] TAM in 68.2s
    [variant cumavg_4] logits built in 2.3s
    [variant cumavg_4] TAM in 68.7s
    [variant cumavg_5] logits built in 3.1s
    [variant cumavg_5] TAM in 68.6s
    [variant cumavg_6] logits built in 3.9s
    [variant cumavg_6] TAM in 68.3s
    [variant cumavg_7] logits built in 4.7s
    [variant cumavg_7] TAM in 68.1s
    [variant cumavg_8] logits built in 5.4s
    [variant cumavg_8] TAM in 67.5s
    [variant cumavg_9] logits built in 6.2s
    [variant cumavg_9] TAM in 67.0s
    [variant cumavg_10] logits built in 7.0s
    [variant cumavg_10] TAM in 66.9s

[31/236] car-roundabout
  Running car-roundabout_exp2 | "a black car"
    [layer_tam] vision_shape=(10, 15, 27), n_gen_tokens=400, apply_norm=False
    [variant layer_-1] logits built in 0.5s
    [variant layer_-1] TAM in 61.6s
    [variant layer_-2] logits built in 0.0s
    [variant layer_-2] TAM in 61.2s
    [variant layer_-3] logits built in 0.0s
    [variant layer_-3] TAM in 49.7s
    [variant layer_-4] logits built in 0.0s
    [variant layer_-4] TAM in 44.6s
    [variant layer_-5] logits built in 0.0s
    [variant layer_-5] TAM in 49.4s
    [variant layer_-6] logits built in 0.0s
    [variant layer_-6] TAM in 48.6s
    [variant layer_-7] logits built in 0.0s
    [variant layer_-7] TAM in 49.0s
    [variant layer_-8] logits built in 0.0s
    [variant layer_-8] TAM in 51.7s
    [variant layer_-9] logits built in 0.0s
    [variant layer_-9] TAM in 52.0s
    [variant layer_-10] logits built in 0.0s
    [variant layer_-10] TAM in 57.5s
    [variant cumavg_1] logits built in 0.0s
    [variant cumavg_1] TAM in 61.2s
    [variant cumavg_2] logits built in 0.5s
    [variant cumavg_2] TAM in 61.8s
    [variant cumavg_3] logits built in 1.3s
    [variant cumavg_3] TAM in 61.7s
    [variant cumavg_4] logits built in 2.0s
    [variant cumavg_4] TAM in 62.0s
    [variant cumavg_5] logits built in 2.7s
    [variant cumavg_5] TAM in 61.6s
    [variant cumavg_6] logits built in 3.4s
    [variant cumavg_6] TAM in 61.3s
    [variant cumavg_7] logits built in 4.1s
    [variant cumavg_7] TAM in 61.0s
    [variant cumavg_8] logits built in 4.8s
    [variant cumavg_8] TAM in 60.7s
    [variant cumavg_9] logits built in 5.5s
    [variant cumavg_9] TAM in 60.4s
    [variant cumavg_10] logits built in 6.3s
    [variant cumavg_10] TAM in 60.3s

[32/236] car-roundabout
  Running car-roundabout_exp3 | "a space-grey car in a roundabout"
    [layer_tam] vision_shape=(10, 15, 27), n_gen_tokens=445, apply_norm=False
    [variant layer_-1] logits built in 0.0s
    [variant layer_-1] TAM in 66.9s
    [variant layer_-2] logits built in 0.0s
    [variant layer_-2] TAM in 67.4s
    [variant layer_-3] logits built in 0.0s
    [variant layer_-3] TAM in 55.8s
    [variant layer_-4] logits built in 0.0s
    [variant layer_-4] TAM in 50.5s
    [variant layer_-5] logits built in 0.0s
    [variant layer_-5] TAM in 55.6s
    [variant layer_-6] logits built in 0.0s
    [variant layer_-6] TAM in 55.0s
    [variant layer_-7] logits built in 0.0s
    [variant layer_-7] TAM in 55.4s
    [variant layer_-8] logits built in 0.0s
    [variant layer_-8] TAM in 58.2s
    [variant layer_-9] logits built in 0.0s
    [variant layer_-9] TAM in 58.3s
    [variant layer_-10] logits built in 0.0s
    [variant layer_-10] TAM in 64.2s
    [variant cumavg_1] logits built in 0.0s
    [variant cumavg_1] TAM in 66.6s
    [variant cumavg_2] logits built in 0.7s
    [variant cumavg_2] TAM in 67.5s
    [variant cumavg_3] logits built in 1.5s
    [variant cumavg_3] TAM in 67.8s
    [variant cumavg_4] logits built in 2.3s
    [variant cumavg_4] TAM in 67.9s
    [variant cumavg_5] logits built in 3.1s
    [variant cumavg_5] TAM in 68.0s
    [variant cumavg_6] logits built in 3.9s
    [variant cumavg_6] TAM in 67.7s
    [variant cumavg_7] logits built in 4.7s
    [variant cumavg_7] TAM in 67.3s
    [variant cumavg_8] logits built in 5.5s
    [variant cumavg_8] TAM in 67.1s
    [variant cumavg_9] logits built in 6.2s
    [variant cumavg_9] TAM in 66.7s
    [variant cumavg_10] logits built in 7.0s
    [variant cumavg_10] TAM in 66.7s

[33/236] car-shadow
  Running car-shadow_exp0 | "a silver car"
    [layer_tam] vision_shape=(5, 15, 27), n_gen_tokens=181, apply_norm=False
    [variant layer_-1] logits built in 0.0s
    [variant layer_-1] TAM in 15.9s
    [variant layer_-2] logits built in 0.0s
    [variant layer_-2] TAM in 15.9s
    [variant layer_-3] logits built in 0.0s
    [variant layer_-3] TAM in 12.7s
    [variant layer_-4] logits built in 0.0s
    [variant layer_-4] TAM in 11.5s
    [variant layer_-5] logits built in 0.0s
    [variant layer_-5] TAM in 13.2s
    [variant layer_-6] logits built in 0.0s
    [variant layer_-6] TAM in 13.0s
    [variant layer_-7] logits built in 0.0s
    [variant layer_-7] TAM in 12.9s
    [variant layer_-8] logits built in 0.0s
    [variant layer_-8] TAM in 13.4s
    [variant layer_-9] logits built in 0.0s
    [variant layer_-9] TAM in 13.5s
    [variant layer_-10] logits built in 0.0s
    [variant layer_-10] TAM in 15.1s
    [variant cumavg_1] logits built in 0.0s
    [variant cumavg_1] TAM in 15.9s
    [variant cumavg_2] logits built in 0.0s
    [variant cumavg_2] TAM in 16.3s
    [variant cumavg_3] logits built in 0.1s
    [variant cumavg_3] TAM in 16.6s
    [variant cumavg_4] logits built in 0.4s
    [variant cumavg_4] TAM in 16.6s
    [variant cumavg_5] logits built in 0.7s
    [variant cumavg_5] TAM in 16.6s
    [variant cumavg_6] logits built in 1.1s
    [variant cumavg_6] TAM in 16.5s
    [variant cumavg_7] logits built in 1.4s
    [variant cumavg_7] TAM in 16.5s
    [variant cumavg_8] logits built in 1.7s
    [variant cumavg_8] TAM in 16.4s
    [variant cumavg_9] logits built in 2.0s
    [variant cumavg_9] TAM in 16.3s
    [variant cumavg_10] logits built in 2.4s
    [variant cumavg_10] TAM in 16.3s

[34/236] car-shadow
  Running car-shadow_exp1 | "a white car crossing a signal"
    [layer_tam] vision_shape=(5, 15, 27), n_gen_tokens=193, apply_norm=False
    [variant layer_-1] logits built in 0.0s
    [variant layer_-1] TAM in 16.8s
    [variant layer_-2] logits built in 0.0s
    [variant layer_-2] TAM in 16.9s
    [variant layer_-3] logits built in 0.0s
    [variant layer_-3] TAM in 13.6s
    [variant layer_-4] logits built in 0.0s
    [variant layer_-4] TAM in 12.4s
    [variant layer_-5] logits built in 0.0s
    [variant layer_-5] TAM in 14.1s
    [variant layer_-6] logits built in 0.0s
    [variant layer_-6] TAM in 14.0s
    [variant layer_-7] logits built in 0.0s
    [variant layer_-7] TAM in 13.9s
    [variant layer_-8] logits built in 0.0s
    [variant layer_-8] TAM in 14.4s
    [variant layer_-9] logits built in 0.0s
    [variant layer_-9] TAM in 14.4s
    [variant layer_-10] logits built in 0.0s
    [variant layer_-10] TAM in 15.9s
    [variant cumavg_1] logits built in 0.0s
    [variant cumavg_1] TAM in 16.8s
    [variant cumavg_2] logits built in 0.0s
    [variant cumavg_2] TAM in 17.3s
    [variant cumavg_3] logits built in 0.2s
    [variant cumavg_3] TAM in 17.6s
    [variant cumavg_4] logits built in 0.5s
    [variant cumavg_4] TAM in 17.6s
    [variant cumavg_5] logits built in 0.8s
    [variant cumavg_5] TAM in 17.6s
    [variant cumavg_6] logits built in 1.2s
    [variant cumavg_6] TAM in 17.5s
    [variant cumavg_7] logits built in 1.5s
    [variant cumavg_7] TAM in 17.4s
    [variant cumavg_8] logits built in 1.9s
    [variant cumavg_8] TAM in 17.3s
    [variant cumavg_9] logits built in 2.2s
    [variant cumavg_9] TAM in 17.2s
    [variant cumavg_10] logits built in 2.6s
    [variant cumavg_10] TAM in 17.2s

[35/236] car-shadow
  Running car-shadow_exp2 | "a car on the road"
    [layer_tam] vision_shape=(5, 15, 27), n_gen_tokens=189, apply_norm=False
    [variant layer_-1] logits built in 0.0s
    [variant layer_-1] TAM in 16.6s
    [variant layer_-2] logits built in 0.0s
    [variant layer_-2] TAM in 16.6s
    [variant layer_-3] logits built in 0.0s
    [variant layer_-3] TAM in 13.3s
    [variant layer_-4] logits built in 0.0s
    [variant layer_-4] TAM in 12.0s
    [variant layer_-5] logits built in 0.0s
    [variant layer_-5] TAM in 13.7s
    [variant layer_-6] logits built in 0.0s
    [variant layer_-6] TAM in 13.7s
    [variant layer_-7] logits built in 0.0s
    [variant layer_-7] TAM in 13.6s
    [variant layer_-8] logits built in 0.0s
    [variant layer_-8] TAM in 14.1s
    [variant layer_-9] logits built in 0.0s
    [variant layer_-9] TAM in 14.1s
    [variant layer_-10] logits built in 0.0s
    [variant layer_-10] TAM in 15.6s
    [variant cumavg_1] logits built in 0.0s
    [variant cumavg_1] TAM in 16.6s
    [variant cumavg_2] logits built in 0.0s
    [variant cumavg_2] TAM in 17.1s
    [variant cumavg_3] logits built in 0.1s
    [variant cumavg_3] TAM in 17.4s
    [variant cumavg_4] logits built in 0.5s
    [variant cumavg_4] TAM in 17.4s
    [variant cumavg_5] logits built in 0.8s
    [variant cumavg_5] TAM in 17.3s
    [variant cumavg_6] logits built in 1.1s
    [variant cumavg_6] TAM in 17.2s
    [variant cumavg_7] logits built in 1.5s
    [variant cumavg_7] TAM in 17.2s
    [variant cumavg_8] logits built in 1.8s
    [variant cumavg_8] TAM in 17.1s
    [variant cumavg_9] logits built in 2.2s
    [variant cumavg_9] TAM in 17.0s
    [variant cumavg_10] logits built in 2.5s
    [variant cumavg_10] TAM in 16.9s

[36/236] car-shadow
  Running car-shadow_exp3 | "a sliver car going from shade to sunlight"
    [layer_tam] vision_shape=(5, 15, 27), n_gen_tokens=205, apply_norm=False
    [variant layer_-1] logits built in 0.0s
    [variant layer_-1] TAM in 17.7s
    [variant layer_-2] logits built in 0.0s
    [variant layer_-2] TAM in 17.9s
    [variant layer_-3] logits built in 0.0s
    [variant layer_-3] TAM in 14.4s
    [variant layer_-4] logits built in 0.0s
    [variant layer_-4] TAM in 13.2s
    [variant layer_-5] logits built in 0.0s
    [variant layer_-5] TAM in 15.0s
    [variant layer_-6] logits built in 0.0s
    [variant layer_-6] TAM in 14.8s
    [variant layer_-7] logits built in 0.0s
    [variant layer_-7] TAM in 14.8s
    [variant layer_-8] logits built in 0.0s
    [variant layer_-8] TAM in 15.3s
    [variant layer_-9] logits built in 0.0s
    [variant layer_-9] TAM in 15.4s
    [variant layer_-10] logits built in 0.0s
    [variant layer_-10] TAM in 16.9s
    [variant cumavg_1] logits built in 0.0s
    [variant cumavg_1] TAM in 17.7s
    [variant cumavg_2] logits built in 0.0s
    [variant cumavg_2] TAM in 18.3s
    [variant cumavg_3] logits built in 0.2s
    [variant cumavg_3] TAM in 18.5s
    [variant cumavg_4] logits built in 0.6s
    [variant cumavg_4] TAM in 18.4s
    [variant cumavg_5] logits built in 0.9s
    [variant cumavg_5] TAM in 18.5s
    [variant cumavg_6] logits built in 1.3s
    [variant cumavg_6] TAM in 18.4s
    [variant cumavg_7] logits built in 1.7s
    [variant cumavg_7] TAM in 18.4s
    [variant cumavg_8] logits built in 2.0s
    [variant cumavg_8] TAM in 18.3s
    [variant cumavg_9] logits built in 2.4s
    [variant cumavg_9] TAM in 18.2s
    [variant cumavg_10] logits built in 2.8s
    [variant cumavg_10] TAM in 18.1s

[37/236] cows
  Running cows_exp0 | "a cow with a bell around its neck"
    [layer_tam] vision_shape=(13, 15, 27), n_gen_tokens=639, apply_norm=False
    [variant layer_-1] logits built in 0.3s
    [variant layer_-1] TAM in 124.1s
    [variant layer_-2] logits built in 0.3s
    [variant layer_-2] TAM in 122.2s
    [variant layer_-3] logits built in 0.3s
    [variant layer_-3] TAM in 99.5s
    [variant layer_-4] logits built in 0.3s
    [variant layer_-4] TAM in 92.0s
    [variant layer_-5] logits built in 0.3s
    [variant layer_-5] TAM in 103.1s
    [variant layer_-6] logits built in 0.3s
    [variant layer_-6] TAM in 102.1s
    [variant layer_-7] logits built in 0.3s
    [variant layer_-7] TAM in 103.2s
    [variant layer_-8] logits built in 0.3s
    [variant layer_-8] TAM in 105.4s
    [variant layer_-9] logits built in 0.3s
    [variant layer_-9] TAM in 106.6s
    [variant layer_-10] logits built in 0.3s
    [variant layer_-10] TAM in 116.7s
    [variant cumavg_1] logits built in 0.3s
    [variant cumavg_1] TAM in 123.5s
    [variant cumavg_2] logits built in 1.4s
    [variant cumavg_2] TAM in 123.8s
    [variant cumavg_3] logits built in 2.5s
    [variant cumavg_3] TAM in 123.8s
    [variant cumavg_4] logits built in 3.7s
    [variant cumavg_4] TAM in 123.3s
    [variant cumavg_5] logits built in 4.8s
    [variant cumavg_5] TAM in 122.7s
    [variant cumavg_6] logits built in 5.9s
    [variant cumavg_6] TAM in 121.8s
    [variant cumavg_7] logits built in 7.1s
    [variant cumavg_7] TAM in 121.2s
    [variant cumavg_8] logits built in 8.2s
    [variant cumavg_8] TAM in 120.5s
    [variant cumavg_9] logits built in 9.3s
    [variant cumavg_9] TAM in 119.9s
    [variant cumavg_10] logits built in 10.5s
    [variant cumavg_10] TAM in 119.6s

[38/236] cows
  Running cows_exp1 | "a cow in the field"
    [layer_tam] vision_shape=(13, 15, 27), n_gen_tokens=555, apply_norm=False
    [variant layer_-1] logits built in 0.1s
    [variant layer_-1] TAM in 121.8s
    [variant layer_-2] logits built in 0.1s
    [variant layer_-2] TAM in 120.3s
    [variant layer_-3] logits built in 0.1s
    [variant layer_-3] TAM in 98.9s
    [variant layer_-4] logits built in 0.1s
    [variant layer_-4] TAM in 91.7s
    [variant layer_-5] logits built in 0.1s
    [variant layer_-5] TAM in 102.7s
    [variant layer_-6] logits built in 0.1s
    [variant layer_-6] TAM in 101.3s
    [variant layer_-7] logits built in 0.1s
    [variant layer_-7] TAM in 101.8s
    [variant layer_-8] logits built in 0.1s
    [variant layer_-8] TAM in 104.8s
    [variant layer_-9] logits built in 0.1s
    [variant layer_-9] TAM in 105.9s
    [variant layer_-10] logits built in 0.1s
    [variant layer_-10] TAM in 115.2s
    [variant cumavg_1] logits built in 0.1s
    [variant cumavg_1] TAM in 122.4s
    [variant cumavg_2] logits built in 1.1s
    [variant cumavg_2] TAM in 122.3s
    [variant cumavg_3] logits built in 2.1s
    [variant cumavg_3] TAM in 123.0s
    [variant cumavg_4] logits built in 3.1s
    [variant cumavg_4] TAM in 122.7s
    [variant cumavg_5] logits built in 4.1s
    [variant cumavg_5] TAM in 122.1s
    [variant cumavg_6] logits built in 5.1s
    [variant cumavg_6] TAM in 121.3s
    [variant cumavg_7] logits built in 6.0s
    [variant cumavg_7] TAM in 120.5s
    [variant cumavg_8] logits built in 7.0s
    [variant cumavg_8] TAM in 119.8s
    [variant cumavg_9] logits built in 8.0s
    [variant cumavg_9] TAM in 119.3s
    [variant cumavg_10] logits built in 9.0s
    [variant cumavg_10] TAM in 119.3s

[39/236] cows
  Running cows_exp2 | "a white cow with brown patches"
    [layer_tam] vision_shape=(13, 15, 27), n_gen_tokens=567, apply_norm=False
    [variant layer_-1] logits built in 0.1s
    [variant layer_-1] TAM in 108.9s
    [variant layer_-2] logits built in 0.1s
    [variant layer_-2] TAM in 107.6s
    [variant layer_-3] logits built in 0.1s
    [variant layer_-3] TAM in 86.2s
    [variant layer_-4] logits built in 0.1s
    [variant layer_-4] TAM in 79.5s
    [variant layer_-5] logits built in 0.1s
    [variant layer_-5] TAM in 90.0s
    [variant layer_-6] logits built in 0.1s
    [variant layer_-6] TAM in 88.7s
    [variant layer_-7] logits built in 0.1s
    [variant layer_-7] TAM in 89.9s
    [variant layer_-8] logits built in 0.1s
    [variant layer_-8] TAM in 92.1s
    [variant layer_-9] logits built in 0.1s
    [variant layer_-9] TAM in 92.9s
    [variant layer_-10] logits built in 0.1s
    [variant layer_-10] TAM in 102.0s
    [variant cumavg_1] logits built in 0.1s
    [variant cumavg_1] TAM in 108.2s
    [variant cumavg_2] logits built in 1.1s
    [variant cumavg_2] TAM in 108.4s
    [variant cumavg_3] logits built in 2.1s
    [variant cumavg_3] TAM in 108.8s
    [variant cumavg_4] logits built in 3.2s
    [variant cumavg_4] TAM in 108.6s
    [variant cumavg_5] logits built in 4.2s
    [variant cumavg_5] TAM in 108.2s
    [variant cumavg_6] logits built in 5.2s
    [variant cumavg_6] TAM in 107.5s
    [variant cumavg_7] logits built in 6.2s
    [variant cumavg_7] TAM in 106.8s
    [variant cumavg_8] logits built in 7.2s
    [variant cumavg_8] TAM in 106.2s
    [variant cumavg_9] logits built in 8.2s
    [variant cumavg_9] TAM in 105.5s
    [variant cumavg_10] logits built in 9.2s
    [variant cumavg_10] TAM in 105.2s

[40/236] cows
  Running cows_exp3 | "a brown and white cow"
    [layer_tam] vision_shape=(13, 15, 27), n_gen_tokens=555, apply_norm=False
    [variant layer_-1] logits built in 0.1s
    [variant layer_-1] TAM in 106.5s
    [variant layer_-2] logits built in 0.1s
    [variant layer_-2] TAM in 105.3s
    [variant layer_-3] logits built in 0.1s
    [variant layer_-3] TAM in 83.3s
    [variant layer_-4] logits built in 0.1s
    [variant layer_-4] TAM in 76.5s
    [variant layer_-5] logits built in 0.1s
    [variant layer_-5] TAM in 86.9s
    [variant layer_-6] logits built in 0.1s
    [variant layer_-6] TAM in 85.8s
    [variant layer_-7] logits built in 0.1s
    [variant layer_-7] TAM in 86.8s
    [variant layer_-8] logits built in 0.1s
    [variant layer_-8] TAM in 88.9s
    [variant layer_-9] logits built in 0.1s
    [variant layer_-9] TAM in 90.0s
    [variant layer_-10] logits built in 0.1s
    [variant layer_-10] TAM in 99.7s
    [variant cumavg_1] logits built in 0.1s
    [variant cumavg_1] TAM in 106.1s
    [variant cumavg_2] logits built in 1.1s
    [variant cumavg_2] TAM in 106.5s
    [variant cumavg_3] logits built in 2.1s
    [variant cumavg_3] TAM in 106.6s
    [variant cumavg_4] logits built in 3.1s
    [variant cumavg_4] TAM in 106.5s
    [variant cumavg_5] logits built in 4.1s
    [variant cumavg_5] TAM in 106.1s
    [variant cumavg_6] logits built in 5.1s
    [variant cumavg_6] TAM in 105.5s
    [variant cumavg_7] logits built in 6.0s
    [variant cumavg_7] TAM in 104.6s
    [variant cumavg_8] logits built in 7.0s
    [variant cumavg_8] TAM in 104.1s
    [variant cumavg_9] logits built in 8.0s
    [variant cumavg_9] TAM in 103.5s
    [variant cumavg_10] logits built in 9.0s
    [variant cumavg_10] TAM in 103.2s

[41/236] dance-twirl
  Running dance-twirl_exp0 | "a girl with blonde hair dressed in blue"
    [layer_tam] vision_shape=(12, 15, 27), n_gen_tokens=591, apply_norm=False
    [variant layer_-1] logits built in 0.2s
    [variant layer_-1] TAM in 106.5s
    [variant layer_-2] logits built in 0.2s
    [variant layer_-2] TAM in 104.7s
    [variant layer_-3] logits built in 0.2s
    [variant layer_-3] TAM in 82.1s
    [variant layer_-4] logits built in 0.2s
    [variant layer_-4] TAM in 78.0s
    [variant layer_-5] logits built in 0.2s
    [variant layer_-5] TAM in 87.7s
    [variant layer_-6] logits built in 0.2s
    [variant layer_-6] TAM in 86.6s
    [variant layer_-7] logits built in 0.2s
    [variant layer_-7] TAM in 86.6s
    [variant layer_-8] logits built in 0.2s
    [variant layer_-8] TAM in 91.9s
    [variant layer_-9] logits built in 0.2s
    [variant layer_-9] TAM in 91.1s
    [variant layer_-10] logits built in 0.2s
    [variant layer_-10] TAM in 100.2s
    [variant cumavg_1] logits built in 0.2s
    [variant cumavg_1] TAM in 105.8s
    [variant cumavg_2] logits built in 1.2s
    [variant cumavg_2] TAM in 106.5s
    [variant cumavg_3] logits built in 2.3s
    [variant cumavg_3] TAM in 106.8s
    [variant cumavg_4] logits built in 3.3s
    [variant cumavg_4] TAM in 106.5s
    [variant cumavg_5] logits built in 4.4s
    [variant cumavg_5] TAM in 105.8s
    [variant cumavg_6] logits built in 7.1s
    [variant cumavg_6] TAM in 104.6s
    [variant cumavg_7] logits built in 6.5s
    [variant cumavg_7] TAM in 104.2s
    [variant cumavg_8] logits built in 7.5s
    [variant cumavg_8] TAM in 104.1s
    [variant cumavg_9] logits built in 8.6s
    [variant cumavg_9] TAM in 102.8s
    [variant cumavg_10] logits built in 9.6s
    [variant cumavg_10] TAM in 102.3s

[42/236] dance-twirl
  Running dance-twirl_exp1 | "a girl in a blue dress twirling"
    [layer_tam] vision_shape=(12, 15, 27), n_gen_tokens=590, apply_norm=False
    [variant layer_-1] logits built in 0.2s
    [variant layer_-1] TAM in 103.9s
    [variant layer_-2] logits built in 0.2s
    [variant layer_-2] TAM in 103.0s
    [variant layer_-3] logits built in 0.2s
    [variant layer_-3] TAM in 80.3s
    [variant layer_-4] logits built in 0.2s
    [variant layer_-4] TAM in 76.0s
    [variant layer_-5] logits built in 0.2s
    [variant layer_-5] TAM in 85.6s
    [variant layer_-6] logits built in 0.2s
    [variant layer_-6] TAM in 84.2s
    [variant layer_-7] logits built in 0.2s
    [variant layer_-7] TAM in 84.2s
    [variant layer_-8] logits built in 0.2s
    [variant layer_-8] TAM in 89.4s
    [variant layer_-9] logits built in 0.2s
    [variant layer_-9] TAM in 88.5s
    [variant layer_-10] logits built in 0.2s
    [variant layer_-10] TAM in 97.7s
    [variant cumavg_1] logits built in 0.2s
    [variant cumavg_1] TAM in 103.7s
    [variant cumavg_2] logits built in 1.2s
    [variant cumavg_2] TAM in 104.2s
    [variant cumavg_3] logits built in 2.3s
    [variant cumavg_3] TAM in 104.4s
    [variant cumavg_4] logits built in 3.3s
    [variant cumavg_4] TAM in 104.3s
    [variant cumavg_5] logits built in 4.4s
    [variant cumavg_5] TAM in 103.9s
    [variant cumavg_6] logits built in 5.4s
    [variant cumavg_6] TAM in 102.9s
    [variant cumavg_7] logits built in 6.4s
    [variant cumavg_7] TAM in 102.1s
    [variant cumavg_8] logits built in 7.5s
    [variant cumavg_8] TAM in 101.5s
    [variant cumavg_9] logits built in 8.5s
    [variant cumavg_9] TAM in 100.8s
    [variant cumavg_10] logits built in 9.6s
    [variant cumavg_10] TAM in 100.2s

[43/236] dance-twirl
  Running dance-twirl_exp2 | "girl dancing in blue"
    [layer_tam] vision_shape=(12, 15, 27), n_gen_tokens=543, apply_norm=False
    [variant layer_-1] logits built in 0.1s
    [variant layer_-1] TAM in 95.6s
    [variant layer_-2] logits built in 0.1s
    [variant layer_-2] TAM in 95.1s
    [variant layer_-3] logits built in 0.1s
    [variant layer_-3] TAM in 72.9s
    [variant layer_-4] logits built in 0.1s
    [variant layer_-4] TAM in 68.8s
    [variant layer_-5] logits built in 0.1s
    [variant layer_-5] TAM in 78.3s
    [variant layer_-6] logits built in 0.1s
    [variant layer_-6] TAM in 77.1s
    [variant layer_-7] logits built in 0.1s
    [variant layer_-7] TAM in 76.9s
    [variant layer_-8] logits built in 0.1s
    [variant layer_-8] TAM in 82.4s
    [variant layer_-9] logits built in 0.1s
    [variant layer_-9] TAM in 81.6s
    [variant layer_-10] logits built in 0.1s
    [variant layer_-10] TAM in 90.4s
    [variant cumavg_1] logits built in 0.1s
    [variant cumavg_1] TAM in 95.4s
    [variant cumavg_2] logits built in 1.0s
    [variant cumavg_2] TAM in 96.1s
    [variant cumavg_3] logits built in 2.0s
    [variant cumavg_3] TAM in 96.3s
    [variant cumavg_4] logits built in 3.0s
    [variant cumavg_4] TAM in 96.1s
    [variant cumavg_5] logits built in 4.0s
    [variant cumavg_5] TAM in 95.9s
    [variant cumavg_6] logits built in 4.9s
    [variant cumavg_6] TAM in 95.0s
    [variant cumavg_7] logits built in 5.9s
    [variant cumavg_7] TAM in 94.2s
    [variant cumavg_8] logits built in 6.9s
    [variant cumavg_8] TAM in 93.6s
    [variant cumavg_9] logits built in 7.8s
    [variant cumavg_9] TAM in 93.0s
    [variant cumavg_10] logits built in 9.5s
    [variant cumavg_10] TAM in 92.6s

[44/236] dance-twirl
  Running dance-twirl_exp3 | "a blonde haired girl dancing in a blue dress"
    [layer_tam] vision_shape=(12, 15, 27), n_gen_tokens=603, apply_norm=False
    [variant layer_-1] logits built in 0.2s
    [variant layer_-1] TAM in 106.7s
    [variant layer_-2] logits built in 0.2s
    [variant layer_-2] TAM in 105.6s
    [variant layer_-3] logits built in 0.2s
    [variant layer_-3] TAM in 82.9s
    [variant layer_-4] logits built in 0.2s
    [variant layer_-4] TAM in 78.6s
    [variant layer_-5] logits built in 0.2s
    [variant layer_-5] TAM in 88.4s
    [variant layer_-6] logits built in 0.2s
    [variant layer_-6] TAM in 86.7s
    [variant layer_-7] logits built in 0.2s
    [variant layer_-7] TAM in 86.7s
    [variant layer_-8] logits built in 0.2s
    [variant layer_-8] TAM in 92.1s
    [variant layer_-9] logits built in 0.2s
    [variant layer_-9] TAM in 91.1s
    [variant layer_-10] logits built in 0.2s
    [variant layer_-10] TAM in 100.4s
    [variant cumavg_1] logits built in 0.2s
    [variant cumavg_1] TAM in 106.2s
    [variant cumavg_2] logits built in 1.3s
    [variant cumavg_2] TAM in 106.9s
    [variant cumavg_3] logits built in 2.3s
    [variant cumavg_3] TAM in 107.3s
    [variant cumavg_4] logits built in 3.4s
    [variant cumavg_4] TAM in 107.1s
    [variant cumavg_5] logits built in 4.5s
    [variant cumavg_5] TAM in 106.3s
    [variant cumavg_6] logits built in 5.5s
    [variant cumavg_6] TAM in 105.6s
    [variant cumavg_7] logits built in 6.6s
    [variant cumavg_7] TAM in 104.5s
    [variant cumavg_8] logits built in 7.7s
    [variant cumavg_8] TAM in 103.9s
    [variant cumavg_9] logits built in 8.7s
    [variant cumavg_9] TAM in 103.4s
    [variant cumavg_10] logits built in 9.8s
    [variant cumavg_10] TAM in 102.9s

[45/236] dog
  Running dog_exp0 | "a golden retriever walking in the grass"
    [layer_tam] vision_shape=(8, 15, 27), n_gen_tokens=342, apply_norm=False
    [variant layer_-1] logits built in 0.0s
    [variant layer_-1] TAM in 43.0s
    [variant layer_-2] logits built in 0.0s
    [variant layer_-2] TAM in 43.0s
    [variant layer_-3] logits built in 0.0s
    [variant layer_-3] TAM in 33.4s
    [variant layer_-4] logits built in 0.0s
    [variant layer_-4] TAM in 31.0s
    [variant layer_-5] logits built in 0.0s
    [variant layer_-5] TAM in 34.3s
    [variant layer_-6] logits built in 0.0s
    [variant layer_-6] TAM in 34.5s
    [variant layer_-7] logits built in 0.0s
    [variant layer_-7] TAM in 34.7s
    [variant layer_-8] logits built in 0.0s
    [variant layer_-8] TAM in 35.6s
    [variant layer_-9] logits built in 0.0s
    [variant layer_-9] TAM in 36.1s
    [variant layer_-10] logits built in 0.0s
    [variant layer_-10] TAM in 39.5s
    [variant cumavg_1] logits built in 0.0s
    [variant cumavg_1] TAM in 42.7s
    [variant cumavg_2] logits built in 0.3s
    [variant cumavg_2] TAM in 43.4s
    [variant cumavg_3] logits built in 0.9s
    [variant cumavg_3] TAM in 43.7s
    [variant cumavg_4] logits built in 1.6s
    [variant cumavg_4] TAM in 43.5s
    [variant cumavg_5] logits built in 2.2s
    [variant cumavg_5] TAM in 43.4s
    [variant cumavg_6] logits built in 2.8s
    [variant cumavg_6] TAM in 43.2s
    [variant cumavg_7] logits built in 3.4s
    [variant cumavg_7] TAM in 43.0s
    [variant cumavg_8] logits built in 4.0s
    [variant cumavg_8] TAM in 42.5s
    [variant cumavg_9] logits built in 4.6s
    [variant cumavg_9] TAM in 42.3s
    [variant cumavg_10] logits built in 5.2s
    [variant cumavg_10] TAM in 42.1s

[46/236] dog
  Running dog_exp1 | "a dog walking"
    [layer_tam] vision_shape=(8, 15, 27), n_gen_tokens=305, apply_norm=False
    [variant layer_-1] logits built in 0.0s
    [variant layer_-1] TAM in 38.6s
    [variant layer_-2] logits built in 0.0s
    [variant layer_-2] TAM in 38.5s
    [variant layer_-3] logits built in 0.0s
    [variant layer_-3] TAM in 29.3s
    [variant layer_-4] logits built in 0.0s
    [variant layer_-4] TAM in 27.1s
    [variant layer_-5] logits built in 0.0s
    [variant layer_-5] TAM in 30.2s
    [variant layer_-6] logits built in 0.0s
    [variant layer_-6] TAM in 30.6s
    [variant layer_-7] logits built in 0.0s
    [variant layer_-7] TAM in 31.0s
    [variant layer_-8] logits built in 0.0s
    [variant layer_-8] TAM in 31.5s
    [variant layer_-9] logits built in 0.0s
    [variant layer_-9] TAM in 32.0s
    [variant layer_-10] logits built in 0.0s
    [variant layer_-10] TAM in 35.4s
    [variant cumavg_1] logits built in 0.0s
    [variant cumavg_1] TAM in 38.6s
    [variant cumavg_2] logits built in 0.2s
    [variant cumavg_2] TAM in 39.2s
    [variant cumavg_3] logits built in 0.8s
    [variant cumavg_3] TAM in 39.2s
    [variant cumavg_4] logits built in 1.3s
    [variant cumavg_4] TAM in 39.1s
    [variant cumavg_5] logits built in 1.8s
    [variant cumavg_5] TAM in 38.9s
    [variant cumavg_6] logits built in 2.4s
    [variant cumavg_6] TAM in 38.5s
    [variant cumavg_7] logits built in 2.9s
    [variant cumavg_7] TAM in 38.3s
    [variant cumavg_8] logits built in 3.5s
    [variant cumavg_8] TAM in 38.1s
    [variant cumavg_9] logits built in 4.0s
    [variant cumavg_9] TAM in 38.0s
    [variant cumavg_10] logits built in 4.6s
    [variant cumavg_10] TAM in 37.9s

[47/236] dog
  Running dog_exp2 | "a dog with a ball in its mouth"
    [layer_tam] vision_shape=(8, 15, 27), n_gen_tokens=336, apply_norm=False
    [variant layer_-1] logits built in 0.0s
    [variant layer_-1] TAM in 42.4s
    [variant layer_-2] logits built in 0.0s
    [variant layer_-2] TAM in 42.3s
    [variant layer_-3] logits built in 0.0s
    [variant layer_-3] TAM in 32.9s
    [variant layer_-4] logits built in 0.0s
    [variant layer_-4] TAM in 30.6s
    [variant layer_-5] logits built in 0.0s
    [variant layer_-5] TAM in 33.7s
    [variant layer_-6] logits built in 0.0s
    [variant layer_-6] TAM in 33.9s
    [variant layer_-7] logits built in 0.0s
    [variant layer_-7] TAM in 34.2s
    [variant layer_-8] logits built in 0.0s
    [variant layer_-8] TAM in 35.1s
    [variant layer_-9] logits built in 0.0s
    [variant layer_-9] TAM in 35.4s
    [variant layer_-10] logits built in 0.0s
    [variant layer_-10] TAM in 38.8s
    [variant cumavg_1] logits built in 0.0s
    [variant cumavg_1] TAM in 42.3s
    [variant cumavg_2] logits built in 0.3s
    [variant cumavg_2] TAM in 42.8s
    [variant cumavg_3] logits built in 0.9s
    [variant cumavg_3] TAM in 43.0s
    [variant cumavg_4] logits built in 1.5s
    [variant cumavg_4] TAM in 43.0s
    [variant cumavg_5] logits built in 2.1s
    [variant cumavg_5] TAM in 42.8s
    [variant cumavg_6] logits built in 2.7s
    [variant cumavg_6] TAM in 42.4s
    [variant cumavg_7] logits built in 3.3s
    [variant cumavg_7] TAM in 42.1s
    [variant cumavg_8] logits built in 3.9s
    [variant cumavg_8] TAM in 41.9s
    [variant cumavg_9] logits built in 4.5s
    [variant cumavg_9] TAM in 41.6s
    [variant cumavg_10] logits built in 5.1s
    [variant cumavg_10] TAM in 41.4s

[48/236] dog
  Running dog_exp3 | "a dog looking for something "
    [layer_tam] vision_shape=(8, 15, 27), n_gen_tokens=331, apply_norm=False
    [variant layer_-1] logits built in 0.0s
    [variant layer_-1] TAM in 41.8s
    [variant layer_-2] logits built in 0.0s
    [variant layer_-2] TAM in 41.4s
    [variant layer_-3] logits built in 0.0s
    [variant layer_-3] TAM in 31.6s
    [variant layer_-4] logits built in 0.0s
    [variant layer_-4] TAM in 29.2s
    [variant layer_-5] logits built in 0.0s
    [variant layer_-5] TAM in 32.5s
    [variant layer_-6] logits built in 0.0s
    [variant layer_-6] TAM in 32.6s
    [variant layer_-7] logits built in 0.0s
    [variant layer_-7] TAM in 33.1s
    [variant layer_-8] logits built in 0.0s
    [variant layer_-8] TAM in 33.9s
    [variant layer_-9] logits built in 0.0s
    [variant layer_-9] TAM in 34.5s
    [variant layer_-10] logits built in 0.0s
    [variant layer_-10] TAM in 38.1s
    [variant cumavg_1] logits built in 0.0s
    [variant cumavg_1] TAM in 41.7s
    [variant cumavg_2] logits built in 0.3s
    [variant cumavg_2] TAM in 42.3s
    [variant cumavg_3] logits built in 0.9s
    [variant cumavg_3] TAM in 42.2s
    [variant cumavg_4] logits built in 1.5s
    [variant cumavg_4] TAM in 42.1s
    [variant cumavg_5] logits built in 2.1s
    [variant cumavg_5] TAM in 41.9s
    [variant cumavg_6] logits built in 2.7s
    [variant cumavg_6] TAM in 41.5s
    [variant cumavg_7] logits built in 3.2s
    [variant cumavg_7] TAM in 41.1s
    [variant cumavg_8] logits built in 3.8s
    [variant cumavg_8] TAM in 40.8s
    [variant cumavg_9] logits built in 4.4s
    [variant cumavg_9] TAM in 40.6s
    [variant cumavg_10] logits built in 5.0s
    [variant cumavg_10] TAM in 40.4s

[49/236] dogs-jump
  Running dogs-jump_exp0 | "a white dog with black patches"
    [layer_tam] vision_shape=(9, 15, 27), n_gen_tokens=380, apply_norm=False
    [variant layer_-1] logits built in 0.0s
    [variant layer_-1] TAM in 60.9s
    [variant layer_-2] logits built in 0.0s
    [variant layer_-2] TAM in 59.8s
    [variant layer_-3] logits built in 0.0s
    [variant layer_-3] TAM in 48.5s
    [variant layer_-4] logits built in 0.0s
    [variant layer_-4] TAM in 45.7s
    [variant layer_-5] logits built in 0.0s
    [variant layer_-5] TAM in 49.4s
    [variant layer_-6] logits built in 0.0s
    [variant layer_-6] TAM in 49.2s
    [variant layer_-7] logits built in 0.0s
    [variant layer_-7] TAM in 50.6s
    [variant layer_-8] logits built in 0.0s
    [variant layer_-8] TAM in 51.4s
    [variant layer_-9] logits built in 0.0s
    [variant layer_-9] TAM in 52.5s
    [variant layer_-10] logits built in 0.0s
    [variant layer_-10] TAM in 56.2s
    [variant cumavg_1] logits built in 0.0s
    [variant cumavg_1] TAM in 60.9s
    [variant cumavg_2] logits built in 0.5s
    [variant cumavg_2] TAM in 61.2s
    [variant cumavg_3] logits built in 1.1s
    [variant cumavg_3] TAM in 61.3s
    [variant cumavg_4] logits built in 1.8s
    [variant cumavg_4] TAM in 61.0s
    [variant cumavg_5] logits built in 2.5s
    [variant cumavg_5] TAM in 60.7s
    [variant cumavg_6] logits built in 3.2s
    [variant cumavg_6] TAM in 60.4s
    [variant cumavg_7] logits built in 3.9s
    [variant cumavg_7] TAM in 59.9s
    [variant cumavg_8] logits built in 4.5s
    [variant cumavg_8] TAM in 59.6s
    [variant cumavg_9] logits built in 5.2s
    [variant cumavg_9] TAM in 59.1s
    [variant cumavg_10] logits built in 5.9s
    [variant cumavg_10] TAM in 58.9s

[50/236] dogs-jump
  Running dogs-jump_exp1 | "a white dog with black patches"
    [layer_tam] vision_shape=(9, 15, 27), n_gen_tokens=380, apply_norm=False
    [variant layer_-1] logits built in 0.0s
    [variant layer_-1] TAM in 60.9s
    [variant layer_-2] logits built in 0.0s
    [variant layer_-2] TAM in 60.0s
    [variant layer_-3] logits built in 0.0s
    [variant layer_-3] TAM in 49.0s
    [variant layer_-4] logits built in 0.0s
    [variant layer_-4] TAM in 45.9s
    [variant layer_-5] logits built in 0.0s
    [variant layer_-5] TAM in 49.7s
    [variant layer_-6] logits built in 0.0s
    [variant layer_-6] TAM in 49.4s
    [variant layer_-7] logits built in 0.0s
    [variant layer_-7] TAM in 50.4s
    [variant layer_-8] logits built in 0.0s
    [variant layer_-8] TAM in 51.3s
    [variant layer_-9] logits built in 0.0s
    [variant layer_-9] TAM in 52.3s
    [variant layer_-10] logits built in 0.0s
    [variant layer_-10] TAM in 56.3s
    [variant cumavg_1] logits built in 0.0s
    [variant cumavg_1] TAM in 60.8s
    [variant cumavg_2] logits built in 0.5s
    [variant cumavg_2] TAM in 61.0s
    [variant cumavg_3] logits built in 1.1s
    [variant cumavg_3] TAM in 61.2s
    [variant cumavg_4] logits built in 1.8s
    [variant cumavg_4] TAM in 60.9s
    [variant cumavg_5] logits built in 2.5s
    [variant cumavg_5] TAM in 60.5s
    [variant cumavg_6] logits built in 3.2s
    [variant cumavg_6] TAM in 60.2s
    [variant cumavg_7] logits built in 3.9s
    [variant cumavg_7] TAM in 59.8s
    [variant cumavg_8] logits built in 4.5s
    [variant cumavg_8] TAM in 59.4s
    [variant cumavg_9] logits built in 5.2s
    [variant cumavg_9] TAM in 59.0s
    [variant cumavg_10] logits built in 5.9s
    [variant cumavg_10] TAM in 59.0s

[51/236] dogs-jump
  Running dogs-jump_exp2 | "a white dog with black patches"
    [layer_tam] vision_shape=(9, 15, 27), n_gen_tokens=380, apply_norm=False
    [variant layer_-1] logits built in 0.0s
    [variant layer_-1] TAM in 52.6s
    [variant layer_-2] logits built in 0.0s
    [variant layer_-2] TAM in 51.7s
    [variant layer_-3] logits built in 0.0s
    [variant layer_-3] TAM in 40.7s
    [variant layer_-4] logits built in 0.0s
    [variant layer_-4] TAM in 37.8s
    [variant layer_-5] logits built in 0.0s
    [variant layer_-5] TAM in 41.4s
    [variant layer_-6] logits built in 0.0s
    [variant layer_-6] TAM in 41.3s
    [variant layer_-7] logits built in 0.0s
    [variant layer_-7] TAM in 42.0s
    [variant layer_-8] logits built in 0.0s
    [variant layer_-8] TAM in 43.1s
    [variant layer_-9] logits built in 0.0s
    [variant layer_-9] TAM in 43.9s
    [variant layer_-10] logits built in 0.0s
    [variant layer_-10] TAM in 47.9s
    [variant cumavg_1] logits built in 0.0s
    [variant cumavg_1] TAM in 52.6s
    [variant cumavg_2] logits built in 0.5s
    [variant cumavg_2] TAM in 52.7s
    [variant cumavg_3] logits built in 1.1s
    [variant cumavg_3] TAM in 52.7s
    [variant cumavg_4] logits built in 1.8s
    [variant cumavg_4] TAM in 52.5s
    [variant cumavg_5] logits built in 2.5s
    [variant cumavg_5] TAM in 52.2s
    [variant cumavg_6] logits built in 3.2s
    [variant cumavg_6] TAM in 51.8s
    [variant cumavg_7] logits built in 3.9s
    [variant cumavg_7] TAM in 51.5s
    [variant cumavg_8] logits built in 4.5s
    [variant cumavg_8] TAM in 50.9s
    [variant cumavg_9] logits built in 5.2s
    [variant cumavg_9] TAM in 50.7s
    [variant cumavg_10] logits built in 5.9s
    [variant cumavg_10] TAM in 50.5s

[52/236] dogs-jump
  Running dogs-jump_exp3 | "a dog jumping for a snack going to the left"
    [layer_tam] vision_shape=(9, 15, 27), n_gen_tokens=58, apply_norm=False
    [variant layer_-1] logits built in 0.0s
    [variant layer_-1] TAM in 13.7s
    [variant layer_-2] logits built in 0.0s
    [variant layer_-2] TAM in 13.8s
    [variant layer_-3] logits built in 0.0s
    [variant layer_-3] TAM in 11.2s
    [variant layer_-4] logits built in 0.0s
    [variant layer_-4] TAM in 10.4s
    [variant layer_-5] logits built in 0.0s
    [variant layer_-5] TAM in 11.5s
    [variant layer_-6] logits built in 0.0s
    [variant layer_-6] TAM in 11.4s
    [variant layer_-7] logits built in 0.0s
    [variant layer_-7] TAM in 11.7s
    [variant layer_-8] logits built in 0.0s
    [variant layer_-8] TAM in 12.0s
    [variant layer_-9] logits built in 0.0s
    [variant layer_-9] TAM in 12.2s
    [variant layer_-10] logits built in 0.0s
    [variant layer_-10] TAM in 13.1s
    [variant cumavg_1] logits built in 0.0s
    [variant cumavg_1] TAM in 13.6s
    [variant cumavg_2] logits built in 0.0s
    [variant cumavg_2] TAM in 13.9s
    [variant cumavg_3] logits built in 0.0s
    [variant cumavg_3] TAM in 14.1s
    [variant cumavg_4] logits built in 0.0s
    [variant cumavg_4] TAM in 14.3s
    [variant cumavg_5] logits built in 0.0s
    [variant cumavg_5] TAM in 14.3s
    [variant cumavg_6] logits built in 0.0s
    [variant cumavg_6] TAM in 14.5s
    [variant cumavg_7] logits built in 0.0s
    [variant cumavg_7] TAM in 14.5s
    [variant cumavg_8] logits built in 0.0s
    [variant cumavg_8] TAM in 14.5s
    [variant cumavg_9] logits built in 0.2s
    [variant cumavg_9] TAM in 14.4s
    [variant cumavg_10] logits built in 0.4s
    [variant cumavg_10] TAM in 14.3s

[53/236] dogs-jump
  Running dogs-jump_exp4 | "a white dog with gray patches"
    [layer_tam] vision_shape=(9, 15, 27), n_gen_tokens=425, apply_norm=False
    [variant layer_-1] logits built in 0.0s
    [variant layer_-1] TAM in 58.0s
    [variant layer_-2] logits built in 0.0s
    [variant layer_-2] TAM in 57.0s
    [variant layer_-3] logits built in 0.0s
    [variant layer_-3] TAM in 45.0s
    [variant layer_-4] logits built in 0.1s
    [variant layer_-4] TAM in 41.8s
    [variant layer_-5] logits built in 0.0s
    [variant layer_-5] TAM in 45.7s
    [variant layer_-6] logits built in 0.0s
    [variant layer_-6] TAM in 45.5s
    [variant layer_-7] logits built in 0.0s
    [variant layer_-7] TAM in 46.3s
    [variant layer_-8] logits built in 0.0s
    [variant layer_-8] TAM in 47.5s
    [variant layer_-9] logits built in 0.0s
    [variant layer_-9] TAM in 48.6s
    [variant layer_-10] logits built in 0.0s
    [variant layer_-10] TAM in 52.9s
    [variant cumavg_1] logits built in 0.0s
    [variant cumavg_1] TAM in 57.9s
    [variant cumavg_2] logits built in 0.6s
    [variant cumavg_2] TAM in 58.1s
    [variant cumavg_3] logits built in 1.4s
    [variant cumavg_3] TAM in 58.2s
    [variant cumavg_4] logits built in 2.1s
    [variant cumavg_4] TAM in 58.0s
    [variant cumavg_5] logits built in 2.9s
    [variant cumavg_5] TAM in 57.7s
    [variant cumavg_6] logits built in 3.6s
    [variant cumavg_6] TAM in 57.2s
    [variant cumavg_7] logits built in 4.4s
    [variant cumavg_7] TAM in 56.8s
    [variant cumavg_8] logits built in 5.2s
    [variant cumavg_8] TAM in 56.3s
    [variant cumavg_9] logits built in 5.9s
    [variant cumavg_9] TAM in 56.0s
    [variant cumavg_10] logits built in 6.7s
    [variant cumavg_10] TAM in 55.8s

[54/236] dogs-jump
  Running dogs-jump_exp5 | "a white dog with grey patches"
    [layer_tam] vision_shape=(9, 15, 27), n_gen_tokens=425, apply_norm=False
    [variant layer_-1] logits built in 0.0s
    [variant layer_-1] TAM in 57.9s
    [variant layer_-2] logits built in 0.0s
    [variant layer_-2] TAM in 56.9s
    [variant layer_-3] logits built in 0.0s
    [variant layer_-3] TAM in 45.0s
    [variant layer_-4] logits built in 0.0s
    [variant layer_-4] TAM in 41.8s
    [variant layer_-5] logits built in 0.0s
    [variant layer_-5] TAM in 45.8s
    [variant layer_-6] logits built in 0.0s
    [variant layer_-6] TAM in 45.6s
    [variant layer_-7] logits built in 0.0s
    [variant layer_-7] TAM in 46.5s
    [variant layer_-8] logits built in 0.0s
    [variant layer_-8] TAM in 47.6s
    [variant layer_-9] logits built in 0.0s
    [variant layer_-9] TAM in 48.7s
    [variant layer_-10] logits built in 0.0s
    [variant layer_-10] TAM in 53.1s
    [variant cumavg_1] logits built in 0.0s
    [variant cumavg_1] TAM in 57.7s
    [variant cumavg_2] logits built in 0.6s
    [variant cumavg_2] TAM in 57.9s
    [variant cumavg_3] logits built in 1.4s
    [variant cumavg_3] TAM in 58.1s
    [variant cumavg_4] logits built in 2.1s
    [variant cumavg_4] TAM in 57.9s
    [variant cumavg_5] logits built in 2.9s
    [variant cumavg_5] TAM in 57.6s
    [variant cumavg_6] logits built in 3.6s
    [variant cumavg_6] TAM in 57.0s
    [variant cumavg_7] logits built in 4.4s
    [variant cumavg_7] TAM in 56.5s
    [variant cumavg_8] logits built in 5.2s
    [variant cumavg_8] TAM in 56.0s
    [variant cumavg_9] logits built in 5.9s
    [variant cumavg_9] TAM in 55.7s
    [variant cumavg_10] logits built in 6.7s
    [variant cumavg_10] TAM in 55.6s

[55/236] dogs-jump
  Running dogs-jump_exp6 | "a white dog with grey patches"
    [layer_tam] vision_shape=(9, 15, 27), n_gen_tokens=425, apply_norm=False
    [variant layer_-1] logits built in 0.0s
    [variant layer_-1] TAM in 67.6s
    [variant layer_-2] logits built in 0.0s
    [variant layer_-2] TAM in 66.6s
    [variant layer_-3] logits built in 0.0s
    [variant layer_-3] TAM in 54.3s
    [variant layer_-4] logits built in 0.0s
    [variant layer_-4] TAM in 51.1s
    [variant layer_-5] logits built in 0.0s
    [variant layer_-5] TAM in 55.0s
    [variant layer_-6] logits built in 0.0s
    [variant layer_-6] TAM in 54.9s
    [variant layer_-7] logits built in 0.0s
    [variant layer_-7] TAM in 55.8s
    [variant layer_-8] logits built in 0.0s
    [variant layer_-8] TAM in 56.9s
    [variant layer_-9] logits built in 0.0s
    [variant layer_-9] TAM in 58.1s
    [variant layer_-10] logits built in 0.0s
    [variant layer_-10] TAM in 62.4s
    [variant cumavg_1] logits built in 0.0s
    [variant cumavg_1] TAM in 67.6s
    [variant cumavg_2] logits built in 0.6s
    [variant cumavg_2] TAM in 67.6s
    [variant cumavg_3] logits built in 1.4s
    [variant cumavg_3] TAM in 67.8s
    [variant cumavg_4] logits built in 2.1s
    [variant cumavg_4] TAM in 67.5s
    [variant cumavg_5] logits built in 2.9s
    [variant cumavg_5] TAM in 67.2s
    [variant cumavg_6] logits built in 3.6s
    [variant cumavg_6] TAM in 66.9s
    [variant cumavg_7] logits built in 4.4s
    [variant cumavg_7] TAM in 66.2s
    [variant cumavg_8] logits built in 5.2s
    [variant cumavg_8] TAM in 65.9s
    [variant cumavg_9] logits built in 5.9s
    [variant cumavg_9] TAM in 65.6s
    [variant cumavg_10] logits built in 6.7s
    [variant cumavg_10] TAM in 65.4s

[56/236] dogs-jump
  Running dogs-jump_exp7 | "a dog jumping for a snack going to the right"
    [layer_tam] vision_shape=(9, 15, 27), n_gen_tokens=58, apply_norm=False
    [variant layer_-1] logits built in 0.0s
    [variant layer_-1] TAM in 15.0s
    [variant layer_-2] logits built in 0.0s
    [variant layer_-2] TAM in 15.1s
    [variant layer_-3] logits built in 0.0s
    [variant layer_-3] TAM in 12.5s
    [variant layer_-4] logits built in 0.0s
    [variant layer_-4] TAM in 11.8s
    [variant layer_-5] logits built in 0.0s
    [variant layer_-5] TAM in 12.9s
    [variant layer_-6] logits built in 0.0s
    [variant layer_-6] TAM in 12.8s
    [variant layer_-7] logits built in 0.0s
    [variant layer_-7] TAM in 13.0s
    [variant layer_-8] logits built in 0.0s
    [variant layer_-8] TAM in 13.4s
    [variant layer_-9] logits built in 0.0s
    [variant layer_-9] TAM in 13.5s
    [variant layer_-10] logits built in 0.0s
    [variant layer_-10] TAM in 14.4s
    [variant cumavg_1] logits built in 0.0s
    [variant cumavg_1] TAM in 15.0s
    [variant cumavg_2] logits built in 0.0s
    [variant cumavg_2] TAM in 15.3s
    [variant cumavg_3] logits built in 0.0s
    [variant cumavg_3] TAM in 15.5s
    [variant cumavg_4] logits built in 0.0s
    [variant cumavg_4] TAM in 15.6s
    [variant cumavg_5] logits built in 0.0s
    [variant cumavg_5] TAM in 15.8s
    [variant cumavg_6] logits built in 0.0s
    [variant cumavg_6] TAM in 15.8s
    [variant cumavg_7] logits built in 0.0s
    [variant cumavg_7] TAM in 15.9s
    [variant cumavg_8] logits built in 0.0s
    [variant cumavg_8] TAM in 15.9s
    [variant cumavg_9] logits built in 0.2s
    [variant cumavg_9] TAM in 15.7s
    [variant cumavg_10] logits built in 0.4s
    [variant cumavg_10] TAM in 15.7s

[57/236] dogs-jump
  Running dogs-jump_exp8 | "a woman in a yellow jacket"
    [layer_tam] vision_shape=(9, 15, 27), n_gen_tokens=427, apply_norm=False
    [variant layer_-1] logits built in 0.0s
    [variant layer_-1] TAM in 57.9s
    [variant layer_-2] logits built in 0.0s
    [variant layer_-2] TAM in 56.9s
    [variant layer_-3] logits built in 0.0s
    [variant layer_-3] TAM in 44.5s
    [variant layer_-4] logits built in 0.0s
    [variant layer_-4] TAM in 41.3s
    [variant layer_-5] logits built in 0.0s
    [variant layer_-5] TAM in 45.4s
    [variant layer_-6] logits built in 0.0s
    [variant layer_-6] TAM in 45.1s
    [variant layer_-7] logits built in 0.0s
    [variant layer_-7] TAM in 45.9s
    [variant layer_-8] logits built in 0.0s
    [variant layer_-8] TAM in 52.0s
    [variant layer_-9] logits built in 0.0s
    [variant layer_-9] TAM in 48.1s
    [variant layer_-10] logits built in 0.0s
    [variant layer_-10] TAM in 52.7s
    [variant cumavg_1] logits built in 0.0s
    [variant cumavg_1] TAM in 57.9s
    [variant cumavg_2] logits built in 0.6s
    [variant cumavg_2] TAM in 58.1s
    [variant cumavg_3] logits built in 1.4s
    [variant cumavg_3] TAM in 58.3s
    [variant cumavg_4] logits built in 2.1s
    [variant cumavg_4] TAM in 58.1s
    [variant cumavg_5] logits built in 2.9s
    [variant cumavg_5] TAM in 57.7s
    [variant cumavg_6] logits built in 3.7s
    [variant cumavg_6] TAM in 57.3s
    [variant cumavg_7] logits built in 4.4s
    [variant cumavg_7] TAM in 56.7s
    [variant cumavg_8] logits built in 5.2s
    [variant cumavg_8] TAM in 56.3s
    [variant cumavg_9] logits built in 5.9s
    [variant cumavg_9] TAM in 55.9s
    [variant cumavg_10] logits built in 6.7s
    [variant cumavg_10] TAM in 55.7s

[58/236] dogs-jump
  Running dogs-jump_exp9 | "a woman in a yellow jacket and mustered trousers"
    [layer_tam] vision_shape=(9, 15, 27), n_gen_tokens=463, apply_norm=False
    [variant layer_-1] logits built in 0.0s
    [variant layer_-1] TAM in 62.8s
    [variant layer_-2] logits built in 0.0s
    [variant layer_-2] TAM in 61.7s
    [variant layer_-3] logits built in 0.0s
    [variant layer_-3] TAM in 49.3s
    [variant layer_-4] logits built in 0.0s
    [variant layer_-4] TAM in 46.1s
    [variant layer_-5] logits built in 0.0s
    [variant layer_-5] TAM in 50.4s
    [variant layer_-6] logits built in 0.0s
    [variant layer_-6] TAM in 50.0s
    [variant layer_-7] logits built in 0.0s
    [variant layer_-7] TAM in 51.0s
    [variant layer_-8] logits built in 0.0s
    [variant layer_-8] TAM in 52.0s
    [variant layer_-9] logits built in 0.0s
    [variant layer_-9] TAM in 53.0s
    [variant layer_-10] logits built in 0.0s
    [variant layer_-10] TAM in 57.6s
    [variant cumavg_1] logits built in 0.0s
    [variant cumavg_1] TAM in 62.5s
    [variant cumavg_2] logits built in 0.8s
    [variant cumavg_2] TAM in 62.8s
    [variant cumavg_3] logits built in 1.6s
    [variant cumavg_3] TAM in 63.1s
    [variant cumavg_4] logits built in 2.4s
    [variant cumavg_4] TAM in 62.8s
    [variant cumavg_5] logits built in 3.2s
    [variant cumavg_5] TAM in 62.7s
    [variant cumavg_6] logits built in 4.0s
    [variant cumavg_6] TAM in 62.2s
    [variant cumavg_7] logits built in 4.9s
    [variant cumavg_7] TAM in 61.7s
    [variant cumavg_8] logits built in 5.7s
    [variant cumavg_8] TAM in 61.1s
    [variant cumavg_9] logits built in 6.5s
    [variant cumavg_9] TAM in 60.8s
    [variant cumavg_10] logits built in 7.3s
    [variant cumavg_10] TAM in 60.7s

[59/236] dogs-jump
  Running dogs-jump_exp10 | "a woman"
    [layer_tam] vision_shape=(9, 15, 27), n_gen_tokens=348, apply_norm=False
    [variant layer_-1] logits built in 0.0s
    [variant layer_-1] TAM in 56.1s
    [variant layer_-2] logits built in 0.0s
    [variant layer_-2] TAM in 55.1s
    [variant layer_-3] logits built in 0.0s
    [variant layer_-3] TAM in 44.2s
    [variant layer_-4] logits built in 0.0s
    [variant layer_-4] TAM in 41.2s
    [variant layer_-5] logits built in 0.0s
    [variant layer_-5] TAM in 44.9s
    [variant layer_-6] logits built in 0.0s
    [variant layer_-6] TAM in 44.6s
    [variant layer_-7] logits built in 0.0s
    [variant layer_-7] TAM in 45.4s
    [variant layer_-8] logits built in 0.0s
    [variant layer_-8] TAM in 46.5s
    [variant layer_-9] logits built in 0.0s
    [variant layer_-9] TAM in 47.5s
    [variant layer_-10] logits built in 0.0s
    [variant layer_-10] TAM in 51.4s
    [variant cumavg_1] logits built in 0.0s
    [variant cumavg_1] TAM in 55.7s
    [variant cumavg_2] logits built in 0.4s
    [variant cumavg_2] TAM in 56.1s
    [variant cumavg_3] logits built in 1.0s
    [variant cumavg_3] TAM in 56.3s
    [variant cumavg_4] logits built in 1.6s
    [variant cumavg_4] TAM in 56.0s
    [variant cumavg_5] logits built in 2.2s
    [variant cumavg_5] TAM in 55.8s
    [variant cumavg_6] logits built in 2.9s
    [variant cumavg_6] TAM in 55.6s
    [variant cumavg_7] logits built in 3.5s
    [variant cumavg_7] TAM in 55.1s
    [variant cumavg_8] logits built in 4.1s
    [variant cumavg_8] TAM in 54.7s
    [variant cumavg_9] logits built in 4.7s
    [variant cumavg_9] TAM in 54.3s
    [variant cumavg_10] logits built in 5.3s
    [variant cumavg_10] TAM in 54.2s

[60/236] dogs-jump
  Running dogs-jump_exp11 | "a woman in a yellow shirt throwing dog snacks"
    [layer_tam] vision_shape=(9, 15, 27), n_gen_tokens=454, apply_norm=False
    [variant layer_-1] logits built in 0.0s
    [variant layer_-1] TAM in 61.3s
    [variant layer_-2] logits built in 0.1s
    [variant layer_-2] TAM in 60.4s
    [variant layer_-3] logits built in 0.0s
    [variant layer_-3] TAM in 48.3s
    [variant layer_-4] logits built in 0.0s
    [variant layer_-4] TAM in 45.1s
    [variant layer_-5] logits built in 0.0s
    [variant layer_-5] TAM in 49.1s
    [variant layer_-6] logits built in 0.0s
    [variant layer_-6] TAM in 48.7s
    [variant layer_-7] logits built in 0.0s
    [variant layer_-7] TAM in 49.5s
    [variant layer_-8] logits built in 0.0s
    [variant layer_-8] TAM in 50.7s
    [variant layer_-9] logits built in 0.0s
    [variant layer_-9] TAM in 51.7s
    [variant layer_-10] logits built in 0.0s
    [variant layer_-10] TAM in 56.3s
    [variant cumavg_1] logits built in 0.0s
    [variant cumavg_1] TAM in 61.1s
    [variant cumavg_2] logits built in 0.7s
    [variant cumavg_2] TAM in 61.3s
    [variant cumavg_3] logits built in 1.5s
    [variant cumavg_3] TAM in 61.6s
    [variant cumavg_4] logits built in 2.3s
    [variant cumavg_4] TAM in 61.4s
    [variant cumavg_5] logits built in 3.1s
    [variant cumavg_5] TAM in 61.2s
    [variant cumavg_6] logits built in 3.9s
    [variant cumavg_6] TAM in 60.8s
    [variant cumavg_7] logits built in 4.7s
    [variant cumavg_7] TAM in 60.3s
    [variant cumavg_8] logits built in 5.6s
    [variant cumavg_8] TAM in 59.9s
    [variant cumavg_9] logits built in 7.4s
    [variant cumavg_9] TAM in 59.4s
    [variant cumavg_10] logits built in 7.2s
    [variant cumavg_10] TAM in 59.2s

[61/236] drift-chicane
  Running drift-chicane_exp0 | "a red and white car"
    [layer_tam] vision_shape=(7, 15, 27), n_gen_tokens=281, apply_norm=False
    [variant layer_-1] logits built in 0.0s
    [variant layer_-1] TAM in 32.0s
    [variant layer_-2] logits built in 0.0s
    [variant layer_-2] TAM in 31.9s
    [variant layer_-3] logits built in 0.0s
    [variant layer_-3] TAM in 26.2s
    [variant layer_-4] logits built in 0.0s
    [variant layer_-4] TAM in 24.9s
    [variant layer_-5] logits built in 0.0s
    [variant layer_-5] TAM in 27.3s
    [variant layer_-6] logits built in 0.0s
    [variant layer_-6] TAM in 26.7s
    [variant layer_-7] logits built in 0.0s
    [variant layer_-7] TAM in 27.1s
    [variant layer_-8] logits built in 0.0s
    [variant layer_-8] TAM in 28.0s
    [variant layer_-9] logits built in 0.0s
    [variant layer_-9] TAM in 27.7s
    [variant layer_-10] logits built in 0.0s
    [variant layer_-10] TAM in 30.2s
    [variant cumavg_1] logits built in 0.0s
    [variant cumavg_1] TAM in 31.7s
    [variant cumavg_2] logits built in 0.1s
    [variant cumavg_2] TAM in 32.3s
    [variant cumavg_3] logits built in 0.6s
    [variant cumavg_3] TAM in 32.4s
    [variant cumavg_4] logits built in 1.1s
    [variant cumavg_4] TAM in 32.3s
    [variant cumavg_5] logits built in 1.6s
    [variant cumavg_5] TAM in 32.2s
    [variant cumavg_6] logits built in 2.1s
    [variant cumavg_6] TAM in 32.0s
    [variant cumavg_7] logits built in 2.6s
    [variant cumavg_7] TAM in 31.9s
    [variant cumavg_8] logits built in 3.1s
    [variant cumavg_8] TAM in 31.7s
    [variant cumavg_9] logits built in 3.6s
    [variant cumavg_9] TAM in 31.6s
    [variant cumavg_10] logits built in 4.1s
    [variant cumavg_10] TAM in 31.5s

[62/236] drift-chicane
  Running drift-chicane_exp1 | "a car racing"
    [layer_tam] vision_shape=(7, 15, 27), n_gen_tokens=269, apply_norm=False
    [variant layer_-1] logits built in 0.0s
    [variant layer_-1] TAM in 30.6s
    [variant layer_-2] logits built in 0.0s
    [variant layer_-2] TAM in 30.4s
    [variant layer_-3] logits built in 0.0s
    [variant layer_-3] TAM in 24.8s
    [variant layer_-4] logits built in 0.0s
    [variant layer_-4] TAM in 23.6s
    [variant layer_-5] logits built in 0.0s
    [variant layer_-5] TAM in 26.0s
    [variant layer_-6] logits built in 0.0s
    [variant layer_-6] TAM in 25.4s
    [variant layer_-7] logits built in 0.0s
    [variant layer_-7] TAM in 25.9s
    [variant layer_-8] logits built in 0.0s
    [variant layer_-8] TAM in 26.7s
    [variant layer_-9] logits built in 0.0s
    [variant layer_-9] TAM in 26.1s
    [variant layer_-10] logits built in 0.0s
    [variant layer_-10] TAM in 28.8s
    [variant cumavg_1] logits built in 0.0s
    [variant cumavg_1] TAM in 30.5s
    [variant cumavg_2] logits built in 0.1s
    [variant cumavg_2] TAM in 31.0s
    [variant cumavg_3] logits built in 0.6s
    [variant cumavg_3] TAM in 31.1s
    [variant cumavg_4] logits built in 1.0s
    [variant cumavg_4] TAM in 31.1s
    [variant cumavg_5] logits built in 1.5s
    [variant cumavg_5] TAM in 31.0s
    [variant cumavg_6] logits built in 2.0s
    [variant cumavg_6] TAM in 30.8s
    [variant cumavg_7] logits built in 2.5s
    [variant cumavg_7] TAM in 30.6s
    [variant cumavg_8] logits built in 3.0s
    [variant cumavg_8] TAM in 30.5s
    [variant cumavg_9] logits built in 3.4s
    [variant cumavg_9] TAM in 30.3s
    [variant cumavg_10] logits built in 3.9s
    [variant cumavg_10] TAM in 30.2s

[63/236] drift-chicane
  Running drift-chicane_exp2 | "a sport car"
    [layer_tam] vision_shape=(7, 15, 27), n_gen_tokens=225, apply_norm=False
    [variant layer_-1] logits built in 0.0s
    [variant layer_-1] TAM in 26.3s
    [variant layer_-2] logits built in 0.0s
    [variant layer_-2] TAM in 26.1s
    [variant layer_-3] logits built in 0.0s
    [variant layer_-3] TAM in 21.3s
    [variant layer_-4] logits built in 0.0s
    [variant layer_-4] TAM in 20.2s
    [variant layer_-5] logits built in 0.0s
    [variant layer_-5] TAM in 22.2s
    [variant layer_-6] logits built in 0.0s
    [variant layer_-6] TAM in 21.8s
    [variant layer_-7] logits built in 0.0s
    [variant layer_-7] TAM in 22.1s
    [variant layer_-8] logits built in 0.0s
    [variant layer_-8] TAM in 22.9s
    [variant layer_-9] logits built in 0.0s
    [variant layer_-9] TAM in 22.6s
    [variant layer_-10] logits built in 0.0s
    [variant layer_-10] TAM in 24.8s
    [variant cumavg_1] logits built in 0.0s
    [variant cumavg_1] TAM in 26.3s
    [variant cumavg_2] logits built in 0.0s
    [variant cumavg_2] TAM in 26.8s
    [variant cumavg_3] logits built in 0.3s
    [variant cumavg_3] TAM in 26.9s
    [variant cumavg_4] logits built in 0.7s
    [variant cumavg_4] TAM in 26.9s
    [variant cumavg_5] logits built in 1.1s
    [variant cumavg_5] TAM in 26.8s
    [variant cumavg_6] logits built in 1.6s
    [variant cumavg_6] TAM in 26.7s
    [variant cumavg_7] logits built in 2.0s
    [variant cumavg_7] TAM in 26.5s
    [variant cumavg_8] logits built in 2.4s
    [variant cumavg_8] TAM in 26.3s
    [variant cumavg_9] logits built in 2.8s
    [variant cumavg_9] TAM in 26.2s
    [variant cumavg_10] logits built in 3.2s
    [variant cumavg_10] TAM in 26.2s

[64/236] drift-chicane
  Running drift-chicane_exp3 | "a white sport car drifting at turns"
    [layer_tam] vision_shape=(7, 15, 27), n_gen_tokens=293, apply_norm=False
    [variant layer_-1] logits built in 0.0s
    [variant layer_-1] TAM in 33.1s
    [variant layer_-2] logits built in 0.0s
    [variant layer_-2] TAM in 33.1s
    [variant layer_-3] logits built in 0.0s
    [variant layer_-3] TAM in 27.2s
    [variant layer_-4] logits built in 0.0s
    [variant layer_-4] TAM in 26.1s
    [variant layer_-5] logits built in 0.0s
    [variant layer_-5] TAM in 28.4s
    [variant layer_-6] logits built in 0.0s
    [variant layer_-6] TAM in 27.9s
    [variant layer_-7] logits built in 0.0s
    [variant layer_-7] TAM in 28.3s
    [variant layer_-8] logits built in 0.0s
    [variant layer_-8] TAM in 29.2s
    [variant layer_-9] logits built in 0.0s
    [variant layer_-9] TAM in 28.8s
    [variant layer_-10] logits built in 0.0s
    [variant layer_-10] TAM in 31.4s
    [variant cumavg_1] logits built in 0.0s
    [variant cumavg_1] TAM in 33.0s
    [variant cumavg_2] logits built in 0.2s
    [variant cumavg_2] TAM in 33.5s
    [variant cumavg_3] logits built in 0.7s
    [variant cumavg_3] TAM in 33.6s
    [variant cumavg_4] logits built in 1.2s
    [variant cumavg_4] TAM in 33.6s
    [variant cumavg_5] logits built in 1.7s
    [variant cumavg_5] TAM in 33.5s
    [variant cumavg_6] logits built in 2.3s
    [variant cumavg_6] TAM in 33.3s
    [variant cumavg_7] logits built in 2.8s
    [variant cumavg_7] TAM in 33.1s
    [variant cumavg_8] logits built in 3.3s
    [variant cumavg_8] TAM in 33.0s
    [variant cumavg_9] logits built in 3.8s
    [variant cumavg_9] TAM in 32.7s
    [variant cumavg_10] logits built in 4.3s
    [variant cumavg_10] TAM in 32.7s

[65/236] drift-straight
  Running drift-straight_exp0 | "a drift car on a straight road"
    [layer_tam] vision_shape=(7, 15, 27), n_gen_tokens=337, apply_norm=False
    [variant layer_-1] logits built in 0.0s
    [variant layer_-1] TAM in 37.3s
    [variant layer_-2] logits built in 0.0s
    [variant layer_-2] TAM in 37.3s
    [variant layer_-3] logits built in 0.0s
    [variant layer_-3] TAM in 29.5s
    [variant layer_-4] logits built in 0.0s
    [variant layer_-4] TAM in 27.6s
    [variant layer_-5] logits built in 0.0s
    [variant layer_-5] TAM in 30.4s
    [variant layer_-6] logits built in 0.0s
    [variant layer_-6] TAM in 29.8s
    [variant layer_-7] logits built in 0.0s
    [variant layer_-7] TAM in 30.8s
    [variant layer_-8] logits built in 0.0s
    [variant layer_-8] TAM in 31.0s
    [variant layer_-9] logits built in 0.0s
    [variant layer_-9] TAM in 30.8s
    [variant layer_-10] logits built in 0.0s
    [variant layer_-10] TAM in 34.1s
    [variant cumavg_1] logits built in 0.0s
    [variant cumavg_1] TAM in 37.1s
    [variant cumavg_2] logits built in 0.3s
    [variant cumavg_2] TAM in 37.6s
    [variant cumavg_3] logits built in 0.9s
    [variant cumavg_3] TAM in 37.7s
    [variant cumavg_4] logits built in 1.5s
    [variant cumavg_4] TAM in 37.8s
    [variant cumavg_5] logits built in 2.1s
    [variant cumavg_5] TAM in 37.6s
    [variant cumavg_6] logits built in 2.7s
    [variant cumavg_6] TAM in 37.5s
    [variant cumavg_7] logits built in 3.3s
    [variant cumavg_7] TAM in 37.2s
    [variant cumavg_8] logits built in 3.9s
    [variant cumavg_8] TAM in 37.0s
    [variant cumavg_9] logits built in 4.5s
    [variant cumavg_9] TAM in 36.7s
    [variant cumavg_10] logits built in 5.1s
    [variant cumavg_10] TAM in 36.6s

[66/236] drift-straight
  Running drift-straight_exp1 | "a car in a racing track"
    [layer_tam] vision_shape=(7, 15, 27), n_gen_tokens=283, apply_norm=False
    [variant layer_-1] logits built in 0.0s
    [variant layer_-1] TAM in 31.9s
    [variant layer_-2] logits built in 0.0s
    [variant layer_-2] TAM in 32.1s
    [variant layer_-3] logits built in 0.0s
    [variant layer_-3] TAM in 24.9s
    [variant layer_-4] logits built in 0.0s
    [variant layer_-4] TAM in 23.3s
    [variant layer_-5] logits built in 0.0s
    [variant layer_-5] TAM in 25.8s
    [variant layer_-6] logits built in 0.0s
    [variant layer_-6] TAM in 25.2s
    [variant layer_-7] logits built in 0.0s
    [variant layer_-7] TAM in 26.1s
    [variant layer_-8] logits built in 0.0s
    [variant layer_-8] TAM in 26.5s
    [variant layer_-9] logits built in 0.0s
    [variant layer_-9] TAM in 26.2s
    [variant layer_-10] logits built in 0.0s
    [variant layer_-10] TAM in 29.3s
    [variant cumavg_1] logits built in 0.0s
    [variant cumavg_1] TAM in 31.8s
    [variant cumavg_2] logits built in 0.1s
    [variant cumavg_2] TAM in 32.3s
    [variant cumavg_3] logits built in 0.6s
    [variant cumavg_3] TAM in 32.4s
    [variant cumavg_4] logits built in 1.1s
    [variant cumavg_4] TAM in 32.5s
    [variant cumavg_5] logits built in 1.6s
    [variant cumavg_5] TAM in 32.5s
    [variant cumavg_6] logits built in 2.1s
    [variant cumavg_6] TAM in 32.3s
    [variant cumavg_7] logits built in 2.6s
    [variant cumavg_7] TAM in 32.2s
    [variant cumavg_8] logits built in 3.2s
