JobId=2107480 JobName=GSL-dry
   UserId=wahba(2286) GroupId=ra_staff(5011) MCS_label=N/A
   Priority=447 Nice=0 Account=l40s QOS=normal
   JobState=RUNNING Reason=None Dependency=(null)
   Requeue=1 Restarts=0 BatchFlag=1 Reboot=0 ExitCode=0:0
   RunTime=00:00:01 TimeLimit=3-00:00:00 TimeMin=N/A
   SubmitTime=2026-05-07T19:14:57 EligibleTime=2026-05-07T19:14:57
   AccrueTime=2026-05-07T19:14:57
   StartTime=2026-05-07T19:14:57 EndTime=2026-05-10T19:14:57 Deadline=N/A
   SuspendTime=None SecsPreSuspend=0 LastSchedEval=2026-05-07T19:14:57 Scheduler=Main
   Partition=L40Sday AllocNode:Sid=tcml-login3:1689367
   ReqNodeList=(null) ExcNodeList=(null)
   NodeList=tcml-node15
   BatchHost=tcml-node15
   NumNodes=1 NumCPUs=1 NumTasks=1 CPUs/Task=1 ReqB:S:C:T=0:0:*:*
   ReqTRES=cpu=1,mem=100G,node=1,billing=19,gres/gpu=1
   AllocTRES=cpu=1,mem=100G,node=1,billing=19,gres/gpu=1
   Socks/Node=* NtasksPerN:B:S:C=0:0:*:* CoreSpec=*
   MinCPUsNode=1 MinMemoryCPU=100G MinTmpDiskNode=0
   Features=(null) DelayBoot=00:00:00
   OverSubscribe=OK Contiguous=0 Licenses=(null) LicensesAlloc=(null) Network=(null)
   Command=/mnt/beegfs/home/wahba/git/temporal-coherence-vlm/experiments/grounding-stability-layers/sbatch_dry.sh
   WorkDir=/mnt/beegfs/home/wahba/git/temporal-coherence-vlm/experiments/grounding-stability-layers
   StdErr=/mnt/beegfs/home/wahba/git/temporal-coherence-vlm/experiments/grounding-stability-layers/logs/GSL-dry-2107480.err
   StdIn=/dev/null
   StdOut=/mnt/beegfs/home/wahba/git/temporal-coherence-vlm/experiments/grounding-stability-layers/logs/GSL-dry-2107480.out
   TresPerNode=gres/gpu:1
   

Thu May  7 19:14:58 2026       
+-----------------------------------------------------------------------------------------+
| NVIDIA-SMI 580.126.09             Driver Version: 580.126.09     CUDA Version: 13.0     |
+-----------------------------------------+------------------------+----------------------+
| GPU  Name                 Persistence-M | Bus-Id          Disp.A | Volatile Uncorr. ECC |
| Fan  Temp   Perf          Pwr:Usage/Cap |           Memory-Usage | GPU-Util  Compute M. |
|                                         |                        |               MIG M. |
|=========================================+========================+======================|
|   0  NVIDIA L40S                    Off |   00000000:61:00.0 Off |                    0 |
| N/A   31C    P8             32W /  350W |       0MiB /  46068MiB |      0%      Default |
|                                         |                        |                  N/A |
+-----------------------------------------+------------------------+----------------------+

+-----------------------------------------------------------------------------------------+
| Processes:                                                                              |
|  GPU   GI   CI              PID   Type   Process name                        GPU Memory |
|        ID   ID                                                               Usage      |
|=========================================================================================|
|  No running processes found                                                             |
+-----------------------------------------------------------------------------------------+
Layer indices : [-1, -2, -3, -4, -5, -6, -7, -8, -9, -10]
Cumavg Ks     : [1, 2, 3, 4, 5, 6, 7, 8, 9, 10]
video_mode    : False
save_dir      : results/grounding-layers-e16
dry_run       : False

Loading model: Qwen/Qwen3-VL-8B-Instruct
[resume] loaded 65 prior results from results/grounding-layers-e16/results.json
Running grounding-stability-layers on 236 items [layers=[-1, -2, -3, -4, -5, -6, -7, -8, -9, -10], cumavg_Ks=[1, 2, 3, 4, 5, 6, 7, 8, 9, 10], apply_norm=True]

[1/236] bike-packing_exp0 — skip (done)

[2/236] bike-packing_exp1 — skip (done)

[3/236] bike-packing_exp2 — skip (done)

[4/236] bike-packing_exp3 — skip (done)

[5/236] bike-packing_exp4 — skip (done)

[6/236] bike-packing_exp5 — skip (done)

[7/236] bike-packing_exp6 — skip (done)

[8/236] bike-packing_exp7 — skip (done)

[9/236] blackswan_exp0 — skip (done)

[10/236] blackswan_exp1 — skip (done)

[11/236] blackswan_exp2 — skip (done)

[12/236] blackswan_exp3 — skip (done)

[13/236] bmx-trees_exp0 — skip (done)

[14/236] bmx-trees_exp1 — skip (done)

[15/236] bmx-trees_exp2 — skip (done)

[16/236] bmx-trees_exp3 — skip (done)

[17/236] bmx-trees_exp4 — skip (done)

[18/236] bmx-trees_exp5 — skip (done)

[19/236] bmx-trees_exp6 — skip (done)

[20/236] bmx-trees_exp7 — skip (done)

[21/236] breakdance_exp0 — skip (done)

[22/236] breakdance_exp1 — skip (done)

[23/236] breakdance_exp2 — skip (done)

[24/236] breakdance_exp3 — skip (done)

[25/236] camel_exp0 — skip (done)

[26/236] camel_exp1 — skip (done)

[27/236] camel_exp2 — skip (done)

[28/236] camel_exp3 — skip (done)

[29/236] car-roundabout_exp0 — skip (done)

[30/236] car-roundabout_exp1 — skip (done)

[31/236] car-roundabout_exp2 — skip (done)

[32/236] car-roundabout_exp3 — skip (done)

[33/236] car-shadow_exp0 — skip (done)

[34/236] car-shadow_exp1 — skip (done)

[35/236] car-shadow_exp2 — skip (done)

[36/236] car-shadow_exp3 — skip (done)

[37/236] cows_exp0 — skip (done)

[38/236] cows_exp1 — skip (done)

[39/236] cows_exp2 — skip (done)

[40/236] cows_exp3 — skip (done)

[41/236] dance-twirl_exp0 — skip (done)

[42/236] dance-twirl_exp1 — skip (done)

[43/236] dance-twirl_exp2 — skip (done)

[44/236] dance-twirl_exp3 — skip (done)

[45/236] dog_exp0 — skip (done)

[46/236] dog_exp1 — skip (done)

[47/236] dog_exp2 — skip (done)

[48/236] dog_exp3 — skip (done)

[49/236] dogs-jump_exp0 — skip (done)

[50/236] dogs-jump_exp1 — skip (done)

[51/236] dogs-jump_exp2 — skip (done)

[52/236] dogs-jump_exp3 — skip (done)

[53/236] dogs-jump_exp4 — skip (done)

[54/236] dogs-jump_exp5 — skip (done)

[55/236] dogs-jump_exp6 — skip (done)

[56/236] dogs-jump_exp7 — skip (done)

[57/236] dogs-jump_exp8 — skip (done)

[58/236] dogs-jump_exp9 — skip (done)

[59/236] dogs-jump_exp10 — skip (done)

[60/236] dogs-jump_exp11 — skip (done)

[61/236] drift-chicane_exp0 — skip (done)

[62/236] drift-chicane_exp1 — skip (done)

[63/236] drift-chicane_exp2 — skip (done)

[64/236] drift-chicane_exp3 — skip (done)

[65/236] drift-straight_exp0 — skip (done)

[66/236] drift-straight
  Running drift-straight_exp1 | "a car in a racing track"
    [layer_tam] vision_shape=(7, 15, 27), n_gen_tokens=283, apply_norm=False
    [variant layer_-1] logits built in 0.0s
    [variant layer_-1] TAM in 38.3s
    [variant layer_-2] logits built in 0.0s
    [variant layer_-2] TAM in 38.5s
    [variant layer_-3] logits built in 0.0s
    [variant layer_-3] TAM in 31.4s
    [variant layer_-4] logits built in 0.0s
    [variant layer_-4] TAM in 29.5s
    [variant layer_-5] logits built in 0.0s
    [variant layer_-5] TAM in 32.5s
    [variant layer_-6] logits built in 0.0s
    [variant layer_-6] TAM in 31.8s
    [variant layer_-7] logits built in 0.0s
    [variant layer_-7] TAM in 32.9s
    [variant layer_-8] logits built in 0.0s
    [variant layer_-8] TAM in 33.5s
    [variant layer_-9] logits built in 0.0s
    [variant layer_-9] TAM in 33.1s
    [variant layer_-10] logits built in 0.0s
    [variant layer_-10] TAM in 36.3s
    [variant cumavg_1] logits built in 0.0s
    [variant cumavg_1] TAM in 39.0s
    [variant cumavg_2] logits built in 0.1s
    [variant cumavg_2] TAM in 39.9s
    [variant cumavg_3] logits built in 0.6s
    [variant cumavg_3] TAM in 39.8s
    [variant cumavg_4] logits built in 1.1s
    [variant cumavg_4] TAM in 39.9s
    [variant cumavg_5] logits built in 1.6s
    [variant cumavg_5] TAM in 39.7s
    [variant cumavg_6] logits built in 2.1s
    [variant cumavg_6] TAM in 39.6s
    [variant cumavg_7] logits built in 2.6s
    [variant cumavg_7] TAM in 39.6s
    [variant cumavg_8] logits built in 3.2s
    [variant cumavg_8] TAM in 39.2s
    [variant cumavg_9] logits built in 3.7s
    [variant cumavg_9] TAM in 39.1s
    [variant cumavg_10] logits built in 4.2s
    [variant cumavg_10] TAM in 38.9s

[67/236] drift-straight
  Running drift-straight_exp2 | "a red car"
    [layer_tam] vision_shape=(7, 15, 27), n_gen_tokens=265, apply_norm=False
    [variant layer_-1] logits built in 0.0s
    [variant layer_-1] TAM in 31.5s
    [variant layer_-2] logits built in 0.0s
    [variant layer_-2] TAM in 31.6s
    [variant layer_-3] logits built in 0.0s
    [variant layer_-3] TAM in 24.4s
    [variant layer_-4] logits built in 0.0s
    [variant layer_-4] TAM in 22.7s
    [variant layer_-5] logits built in 0.0s
    [variant layer_-5] TAM in 25.2s
    [variant layer_-6] logits built in 0.0s
    [variant layer_-6] TAM in 24.7s
    [variant layer_-7] logits built in 0.0s
    [variant layer_-7] TAM in 25.5s
    [variant layer_-8] logits built in 0.0s
    [variant layer_-8] TAM in 26.0s
    [variant layer_-9] logits built in 0.0s
    [variant layer_-9] TAM in 25.7s
    [variant layer_-10] logits built in 0.0s
    [variant layer_-10] TAM in 28.9s
    [variant cumavg_1] logits built in 0.0s
    [variant cumavg_1] TAM in 31.4s
    [variant cumavg_2] logits built in 0.1s
    [variant cumavg_2] TAM in 32.1s
    [variant cumavg_3] logits built in 0.5s
    [variant cumavg_3] TAM in 32.2s
    [variant cumavg_4] logits built in 1.0s
    [variant cumavg_4] TAM in 32.3s
    [variant cumavg_5] logits built in 1.5s
    [variant cumavg_5] TAM in 32.2s
    [variant cumavg_6] logits built in 2.0s
    [variant cumavg_6] TAM in 32.0s
    [variant cumavg_7] logits built in 2.4s
    [variant cumavg_7] TAM in 31.8s
    [variant cumavg_8] logits built in 2.9s
    [variant cumavg_8] TAM in 31.6s
    [variant cumavg_9] logits built in 3.4s
    [variant cumavg_9] TAM in 31.4s
    [variant cumavg_10] logits built in 3.9s
    [variant cumavg_10] TAM in 31.2s

[68/236] drift-straight
  Running drift-straight_exp3 | "a red sport car drifting on a race track"
    [layer_tam] vision_shape=(7, 15, 27), n_gen_tokens=301, apply_norm=False
    [variant layer_-1] logits built in 0.0s
    [variant layer_-1] TAM in 35.5s
    [variant layer_-2] logits built in 0.0s
    [variant layer_-2] TAM in 35.8s
    [variant layer_-3] logits built in 0.0s
    [variant layer_-3] TAM in 28.6s
    [variant layer_-4] logits built in 0.0s
    [variant layer_-4] TAM in 26.7s
    [variant layer_-5] logits built in 0.0s
    [variant layer_-5] TAM in 29.3s
    [variant layer_-6] logits built in 0.0s
    [variant layer_-6] TAM in 28.7s
    [variant layer_-7] logits built in 0.0s
    [variant layer_-7] TAM in 29.6s
    [variant layer_-8] logits built in 0.0s
    [variant layer_-8] TAM in 29.8s
    [variant layer_-9] logits built in 0.0s
    [variant layer_-9] TAM in 29.7s
    [variant layer_-10] logits built in 0.0s
    [variant layer_-10] TAM in 32.8s
    [variant cumavg_1] logits built in 0.0s
    [variant cumavg_1] TAM in 35.4s
    [variant cumavg_2] logits built in 0.2s
    [variant cumavg_2] TAM in 36.0s
    [variant cumavg_3] logits built in 0.7s
    [variant cumavg_3] TAM in 36.1s
    [variant cumavg_4] logits built in 1.3s
    [variant cumavg_4] TAM in 36.3s
    [variant cumavg_5] logits built in 1.8s
    [variant cumavg_5] TAM in 36.2s
    [variant cumavg_6] logits built in 2.3s
    [variant cumavg_6] TAM in 36.0s
    [variant cumavg_7] logits built in 2.9s
    [variant cumavg_7] TAM in 35.8s
    [variant cumavg_8] logits built in 3.4s
    [variant cumavg_8] TAM in 35.7s
    [variant cumavg_9] logits built in 3.9s
    [variant cumavg_9] TAM in 35.4s
    [variant cumavg_10] logits built in 4.5s
    [variant cumavg_10] TAM in 35.3s

[69/236] goat
  Running goat_exp0 | "a goat walking on rocks"
    [layer_tam] vision_shape=(12, 15, 27), n_gen_tokens=555, apply_norm=False
    [variant layer_-1] logits built in 0.1s
    [variant layer_-1] TAM in 102.8s
    [variant layer_-2] logits built in 0.1s
    [variant layer_-2] TAM in 102.3s
    [variant layer_-3] logits built in 0.1s
    [variant layer_-3] TAM in 81.3s
    [variant layer_-4] logits built in 0.1s
    [variant layer_-4] TAM in 74.7s
    [variant layer_-5] logits built in 0.1s
    [variant layer_-5] TAM in 86.1s
    [variant layer_-6] logits built in 0.1s
    [variant layer_-6] TAM in 84.8s
    [variant layer_-7] logits built in 0.1s
    [variant layer_-7] TAM in 87.0s
    [variant layer_-8] logits built in 0.1s
    [variant layer_-8] TAM in 89.4s
    [variant layer_-9] logits built in 0.1s
    [variant layer_-9] TAM in 91.9s
    [variant layer_-10] logits built in 0.1s
    [variant layer_-10] TAM in 98.3s
    [variant cumavg_1] logits built in 0.1s
    [variant cumavg_1] TAM in 102.6s
    [variant cumavg_2] logits built in 1.1s
    [variant cumavg_2] TAM in 103.0s
    [variant cumavg_3] logits built in 2.1s
    [variant cumavg_3] TAM in 103.7s
    [variant cumavg_4] logits built in 3.1s
    [variant cumavg_4] TAM in 103.5s
    [variant cumavg_5] logits built in 4.1s
    [variant cumavg_5] TAM in 103.4s
    [variant cumavg_6] logits built in 5.0s
    [variant cumavg_6] TAM in 102.5s
    [variant cumavg_7] logits built in 6.0s
    [variant cumavg_7] TAM in 101.8s
    [variant cumavg_8] logits built in 7.0s
    [variant cumavg_8] TAM in 101.1s
    [variant cumavg_9] logits built in 8.0s
    [variant cumavg_9] TAM in 100.9s
    [variant cumavg_10] logits built in 9.0s
    [variant cumavg_10] TAM in 100.5s

[70/236] goat
  Running goat_exp1 | "a goat walking in the hilly area"
    [layer_tam] vision_shape=(12, 15, 27), n_gen_tokens=591, apply_norm=False
    [variant layer_-1] logits built in 0.2s
    [variant layer_-1] TAM in 108.5s
    [variant layer_-2] logits built in 0.2s
    [variant layer_-2] TAM in 108.9s
    [variant layer_-3] logits built in 0.2s
    [variant layer_-3] TAM in 86.9s
    [variant layer_-4] logits built in 0.2s
    [variant layer_-4] TAM in 79.6s
    [variant layer_-5] logits built in 0.2s
    [variant layer_-5] TAM in 92.2s
    [variant layer_-6] logits built in 0.2s
    [variant layer_-6] TAM in 89.8s
    [variant layer_-7] logits built in 0.2s
    [variant layer_-7] TAM in 92.4s
    [variant layer_-8] logits built in 0.2s
    [variant layer_-8] TAM in 94.5s
    [variant layer_-9] logits built in 0.2s
    [variant layer_-9] TAM in 97.3s
    [variant layer_-10] logits built in 0.2s
    [variant layer_-10] TAM in 103.5s
    [variant cumavg_1] logits built in 0.2s
    [variant cumavg_1] TAM in 108.0s
    [variant cumavg_2] logits built in 1.2s
    [variant cumavg_2] TAM in 108.8s
    [variant cumavg_3] logits built in 4.0s
    [variant cumavg_3] TAM in 108.6s
    [variant cumavg_4] logits built in 3.3s
    [variant cumavg_4] TAM in 109.5s
    [variant cumavg_5] logits built in 4.4s
    [variant cumavg_5] TAM in 109.2s
    [variant cumavg_6] logits built in 5.4s
    [variant cumavg_6] TAM in 108.4s
    [variant cumavg_7] logits built in 6.5s
    [variant cumavg_7] TAM in 107.8s
    [variant cumavg_8] logits built in 7.5s
    [variant cumavg_8] TAM in 107.1s
    [variant cumavg_9] logits built in 8.6s
    [variant cumavg_9] TAM in 106.5s
    [variant cumavg_10] logits built in 9.6s
    [variant cumavg_10] TAM in 106.4s

[71/236] goat
  Running goat_exp2 | "a gray goat"
    [layer_tam] vision_shape=(12, 15, 27), n_gen_tokens=531, apply_norm=False
    [variant layer_-1] logits built in 0.1s
    [variant layer_-1] TAM in 99.1s
    [variant layer_-2] logits built in 0.1s
    [variant layer_-2] TAM in 98.9s
    [variant layer_-3] logits built in 0.1s
    [variant layer_-3] TAM in 78.9s
    [variant layer_-4] logits built in 0.1s
    [variant layer_-4] TAM in 71.1s
    [variant layer_-5] logits built in 0.1s
    [variant layer_-5] TAM in 82.7s
    [variant layer_-6] logits built in 0.1s
    [variant layer_-6] TAM in 80.8s
    [variant layer_-7] logits built in 0.1s
    [variant layer_-7] TAM in 83.4s
    [variant layer_-8] logits built in 0.1s
    [variant layer_-8] TAM in 85.3s
    [variant layer_-9] logits built in 0.1s
    [variant layer_-9] TAM in 88.6s
    [variant layer_-10] logits built in 0.1s
    [variant layer_-10] TAM in 94.5s
    [variant cumavg_1] logits built in 0.1s
    [variant cumavg_1] TAM in 99.1s
    [variant cumavg_2] logits built in 1.0s
    [variant cumavg_2] TAM in 99.5s
    [variant cumavg_3] logits built in 2.0s
    [variant cumavg_3] TAM in 100.0s
    [variant cumavg_4] logits built in 2.9s
    [variant cumavg_4] TAM in 99.9s
    [variant cumavg_5] logits built in 3.8s
    [variant cumavg_5] TAM in 99.7s
    [variant cumavg_6] logits built in 4.8s
    [variant cumavg_6] TAM in 99.1s
    [variant cumavg_7] logits built in 5.7s
    [variant cumavg_7] TAM in 98.4s
    [variant cumavg_8] logits built in 6.7s
    [variant cumavg_8] TAM in 97.8s
    [variant cumavg_9] logits built in 7.6s
    [variant cumavg_9] TAM in 97.2s
    [variant cumavg_10] logits built in 8.6s
    [variant cumavg_10] TAM in 97.3s

[72/236] goat
  Running goat_exp3 | "a grey colored mountain goat"
    [layer_tam] vision_shape=(12, 15, 27), n_gen_tokens=555, apply_norm=False
    [variant layer_-1] logits built in 0.1s
    [variant layer_-1] TAM in 103.5s
    [variant layer_-2] logits built in 0.1s
    [variant layer_-2] TAM in 103.2s
    [variant layer_-3] logits built in 0.1s
    [variant layer_-3] TAM in 83.1s
    [variant layer_-4] logits built in 0.1s
    [variant layer_-4] TAM in 75.8s
    [variant layer_-5] logits built in 0.1s
    [variant layer_-5] TAM in 87.0s
    [variant layer_-6] logits built in 0.1s
    [variant layer_-6] TAM in 86.0s
    [variant layer_-7] logits built in 0.1s
    [variant layer_-7] TAM in 87.7s
    [variant layer_-8] logits built in 0.1s
    [variant layer_-8] TAM in 90.2s
    [variant layer_-9] logits built in 0.1s
    [variant layer_-9] TAM in 93.0s
    [variant layer_-10] logits built in 0.1s
    [variant layer_-10] TAM in 99.2s
    [variant cumavg_1] logits built in 0.1s
    [variant cumavg_1] TAM in 103.1s
    [variant cumavg_2] logits built in 1.1s
    [variant cumavg_2] TAM in 103.8s
    [variant cumavg_3] logits built in 2.1s
    [variant cumavg_3] TAM in 104.6s
    [variant cumavg_4] logits built in 3.1s
    [variant cumavg_4] TAM in 104.2s
    [variant cumavg_5] logits built in 4.1s
    [variant cumavg_5] TAM in 104.1s
    [variant cumavg_6] logits built in 5.0s
    [variant cumavg_6] TAM in 103.1s
    [variant cumavg_7] logits built in 6.0s
    [variant cumavg_7] TAM in 102.5s
    [variant cumavg_8] logits built in 7.0s
    [variant cumavg_8] TAM in 102.0s
    [variant cumavg_9] logits built in 8.0s
    [variant cumavg_9] TAM in 101.9s
    [variant cumavg_10] logits built in 9.0s
    [variant cumavg_10] TAM in 101.5s

[73/236] gold-fish
  Running gold-fish_exp0 | "a largest orange goldfish"
    [layer_tam] vision_shape=(10, 15, 27), n_gen_tokens=418, apply_norm=False
    [variant layer_-1] logits built in 0.0s
    [variant layer_-1] TAM in 66.9s
    [variant layer_-2] logits built in 0.0s
    [variant layer_-2] TAM in 67.1s
    [variant layer_-3] logits built in 0.0s
    [variant layer_-3] TAM in 53.2s
    [variant layer_-4] logits built in 0.0s
    [variant layer_-4] TAM in 49.9s
    [variant layer_-5] logits built in 0.0s
    [variant layer_-5] TAM in 55.7s
    [variant layer_-6] logits built in 0.0s
    [variant layer_-6] TAM in 54.5s
    [variant layer_-7] logits built in 0.0s
    [variant layer_-7] TAM in 55.9s
    [variant layer_-8] logits built in 0.0s
    [variant layer_-8] TAM in 57.8s
    [variant layer_-9] logits built in 0.0s
    [variant layer_-9] TAM in 58.4s
    [variant layer_-10] logits built in 0.0s
    [variant layer_-10] TAM in 63.3s
    [variant cumavg_1] logits built in 0.0s
    [variant cumavg_1] TAM in 66.4s
    [variant cumavg_2] logits built in 0.6s
    [variant cumavg_2] TAM in 67.4s
    [variant cumavg_3] logits built in 1.4s
    [variant cumavg_3] TAM in 67.8s
    [variant cumavg_4] logits built in 2.1s
    [variant cumavg_4] TAM in 67.6s
    [variant cumavg_5] logits built in 2.8s
    [variant cumavg_5] TAM in 67.2s
    [variant cumavg_6] logits built in 3.6s
    [variant cumavg_6] TAM in 66.9s
    [variant cumavg_7] logits built in 4.3s
    [variant cumavg_7] TAM in 66.6s
    [variant cumavg_8] logits built in 5.1s
    [variant cumavg_8] TAM in 66.1s
    [variant cumavg_9] logits built in 6.6s
    [variant cumavg_9] TAM in 66.0s
    [variant cumavg_10] logits built in 6.6s
    [variant cumavg_10] TAM in 65.6s

[74/236] gold-fish
  Running gold-fish_exp1 | "the largest orange goldfish"
    [layer_tam] vision_shape=(10, 15, 27), n_gen_tokens=418, apply_norm=False
    [variant layer_-1] logits built in 0.0s
    [variant layer_-1] TAM in 66.8s
    [variant layer_-2] logits built in 0.0s
    [variant layer_-2] TAM in 67.3s
    [variant layer_-3] logits built in 0.0s
    [variant layer_-3] TAM in 53.2s
    [variant layer_-4] logits built in 0.0s
    [variant layer_-4] TAM in 50.1s
    [variant layer_-5] logits built in 0.0s
    [variant layer_-5] TAM in 55.6s
    [variant layer_-6] logits built in 0.0s
    [variant layer_-6] TAM in 55.5s
    [variant layer_-7] logits built in 0.0s
    [variant layer_-7] TAM in 56.0s
    [variant layer_-8] logits built in 0.0s
    [variant layer_-8] TAM in 58.4s
    [variant layer_-9] logits built in 0.0s
    [variant layer_-9] TAM in 58.2s
    [variant layer_-10] logits built in 0.0s
    [variant layer_-10] TAM in 63.3s
    [variant cumavg_1] logits built in 0.0s
    [variant cumavg_1] TAM in 66.6s
    [variant cumavg_2] logits built in 0.6s
    [variant cumavg_2] TAM in 67.5s
    [variant cumavg_3] logits built in 1.4s
    [variant cumavg_3] TAM in 67.7s
    [variant cumavg_4] logits built in 2.1s
    [variant cumavg_4] TAM in 67.6s
    [variant cumavg_5] logits built in 2.8s
    [variant cumavg_5] TAM in 67.4s
    [variant cumavg_6] logits built in 3.6s
    [variant cumavg_6] TAM in 67.2s
    [variant cumavg_7] logits built in 4.3s
    [variant cumavg_7] TAM in 66.7s
    [variant cumavg_8] logits built in 5.1s
    [variant cumavg_8] TAM in 66.3s
    [variant cumavg_9] logits built in 5.8s
    [variant cumavg_9] TAM in 65.7s
    [variant cumavg_10] logits built in 6.6s
    [variant cumavg_10] TAM in 65.7s

[75/236] gold-fish
  Running gold-fish_exp2 | "the biggest goldfish"
    [layer_tam] vision_shape=(10, 15, 27), n_gen_tokens=409, apply_norm=False
    [variant layer_-1] logits built in 0.0s
    [variant layer_-1] TAM in 65.5s
    [variant layer_-2] logits built in 0.0s
    [variant layer_-2] TAM in 65.9s
    [variant layer_-3] logits built in 0.0s
    [variant layer_-3] TAM in 51.6s
    [variant layer_-4] logits built in 0.0s
    [variant layer_-4] TAM in 47.8s
    [variant layer_-5] logits built in 0.0s
    [variant layer_-5] TAM in 53.9s
    [variant layer_-6] logits built in 0.0s
    [variant layer_-6] TAM in 52.6s
    [variant layer_-7] logits built in 0.0s
    [variant layer_-7] TAM in 54.3s
    [variant layer_-8] logits built in 0.0s
    [variant layer_-8] TAM in 55.9s
    [variant layer_-9] logits built in 0.0s
    [variant layer_-9] TAM in 56.4s
    [variant layer_-10] logits built in 0.0s
    [variant layer_-10] TAM in 61.7s
    [variant cumavg_1] logits built in 0.0s
    [variant cumavg_1] TAM in 64.9s
    [variant cumavg_2] logits built in 0.6s
    [variant cumavg_2] TAM in 65.9s
    [variant cumavg_3] logits built in 1.3s
    [variant cumavg_3] TAM in 66.0s
    [variant cumavg_4] logits built in 2.0s
    [variant cumavg_4] TAM in 66.0s
    [variant cumavg_5] logits built in 2.8s
    [variant cumavg_5] TAM in 66.0s
    [variant cumavg_6] logits built in 3.5s
    [variant cumavg_6] TAM in 65.5s
    [variant cumavg_7] logits built in 4.2s
    [variant cumavg_7] TAM in 65.1s
    [variant cumavg_8] logits built in 5.0s
    [variant cumavg_8] TAM in 64.6s
    [variant cumavg_9] logits built in 5.7s
    [variant cumavg_9] TAM in 64.3s
    [variant cumavg_10] logits built in 6.4s
    [variant cumavg_10] TAM in 64.1s

[76/236] gold-fish
  Running gold-fish_exp3 | "a gold fish facing towards the top right of the frame"
    [layer_tam] vision_shape=(10, 15, 27), n_gen_tokens=472, apply_norm=False
    [variant layer_-1] logits built in 0.0s
    [variant layer_-1] TAM in 76.0s
    [variant layer_-2] logits built in 0.0s
    [variant layer_-2] TAM in 76.1s
    [variant layer_-3] logits built in 0.0s
    [variant layer_-3] TAM in 61.0s
    [variant layer_-4] logits built in 0.1s
    [variant layer_-4] TAM in 57.2s
    [variant layer_-5] logits built in 0.0s
    [variant layer_-5] TAM in 63.9s
    [variant layer_-6] logits built in 0.0s
    [variant layer_-6] TAM in 62.5s
    [variant layer_-7] logits built in 0.0s
    [variant layer_-7] TAM in 64.5s
    [variant layer_-8] logits built in 0.0s
    [variant layer_-8] TAM in 66.5s
    [variant layer_-9] logits built in 0.0s
    [variant layer_-9] TAM in 66.3s
    [variant layer_-10] logits built in 0.0s
    [variant layer_-10] TAM in 71.6s
    [variant cumavg_1] logits built in 0.0s
    [variant cumavg_1] TAM in 76.0s
    [variant cumavg_2] logits built in 0.8s
    [variant cumavg_2] TAM in 76.2s
    [variant cumavg_3] logits built in 1.6s
    [variant cumavg_3] TAM in 76.4s
    [variant cumavg_4] logits built in 2.5s
    [variant cumavg_4] TAM in 76.5s
    [variant cumavg_5] logits built in 3.3s
    [variant cumavg_5] TAM in 76.0s
    [variant cumavg_6] logits built in 4.1s
    [variant cumavg_6] TAM in 75.7s
    [variant cumavg_7] logits built in 5.0s
    [variant cumavg_7] TAM in 75.5s
    [variant cumavg_8] logits built in 5.8s
    [variant cumavg_8] TAM in 74.8s
    [variant cumavg_9] logits built in 6.7s
    [variant cumavg_9] TAM in 74.6s
    [variant cumavg_10] logits built in 7.5s
    [variant cumavg_10] TAM in 74.2s

[77/236] gold-fish
  Running gold-fish_exp4 | "an orange goldfish in the center next to the largest fish"
    [layer_tam] vision_shape=(10, 15, 27), n_gen_tokens=481, apply_norm=False
    [variant layer_-1] logits built in 0.0s
    [variant layer_-1] TAM in 77.2s
    [variant layer_-2] logits built in 0.0s
    [variant layer_-2] TAM in 77.6s
    [variant layer_-3] logits built in 0.0s
    [variant layer_-3] TAM in 62.0s
    [variant layer_-4] logits built in 0.0s
    [variant layer_-4] TAM in 58.4s
    [variant layer_-5] logits built in 0.0s
    [variant layer_-5] TAM in 64.6s
    [variant layer_-6] logits built in 0.0s
    [variant layer_-6] TAM in 63.5s
    [variant layer_-7] logits built in 0.0s
    [variant layer_-7] TAM in 65.3s
    [variant layer_-8] logits built in 0.0s
    [variant layer_-8] TAM in 67.1s
    [variant layer_-9] logits built in 0.0s
    [variant layer_-9] TAM in 68.1s
    [variant layer_-10] logits built in 0.0s
    [variant layer_-10] TAM in 72.7s
    [variant cumavg_1] logits built in 0.0s
    [variant cumavg_1] TAM in 76.8s
    [variant cumavg_2] logits built in 0.8s
    [variant cumavg_2] TAM in 77.3s
    [variant cumavg_3] logits built in 1.7s
    [variant cumavg_3] TAM in 77.7s
    [variant cumavg_4] logits built in 2.5s
    [variant cumavg_4] TAM in 77.5s
    [variant cumavg_5] logits built in 3.4s
    [variant cumavg_5] TAM in 77.2s
    [variant cumavg_6] logits built in 4.2s
    [variant cumavg_6] TAM in 76.6s
    [variant cumavg_7] logits built in 5.1s
    [variant cumavg_7] TAM in 76.3s
    [variant cumavg_8] logits built in 5.9s
    [variant cumavg_8] TAM in 75.7s
    [variant cumavg_9] logits built in 6.8s
    [variant cumavg_9] TAM in 75.7s
    [variant cumavg_10] logits built in 7.7s
    [variant cumavg_10] TAM in 74.8s

[78/236] gold-fish
  Running gold-fish_exp5 | "an orange goldfish with a white stripe in the center"
    [layer_tam] vision_shape=(10, 15, 27), n_gen_tokens=472, apply_norm=False
    [variant layer_-1] logits built in 0.0s
    [variant layer_-1] TAM in 75.1s
    [variant layer_-2] logits built in 0.0s
    [variant layer_-2] TAM in 75.9s
    [variant layer_-3] logits built in 0.0s
    [variant layer_-3] TAM in 59.6s
    [variant layer_-4] logits built in 0.0s
    [variant layer_-4] TAM in 56.0s
    [variant layer_-5] logits built in 0.0s
    [variant layer_-5] TAM in 63.0s
    [variant layer_-6] logits built in 0.0s
    [variant layer_-6] TAM in 61.6s
    [variant layer_-7] logits built in 0.0s
    [variant layer_-7] TAM in 63.2s
    [variant layer_-8] logits built in 0.0s
    [variant layer_-8] TAM in 65.6s
    [variant layer_-9] logits built in 0.0s
    [variant layer_-9] TAM in 65.6s
    [variant layer_-10] logits built in 0.0s
    [variant layer_-10] TAM in 71.4s
    [variant cumavg_1] logits built in 0.0s
    [variant cumavg_1] TAM in 74.7s
    [variant cumavg_2] logits built in 0.8s
    [variant cumavg_2] TAM in 75.6s
    [variant cumavg_3] logits built in 1.6s
    [variant cumavg_3] TAM in 75.6s
    [variant cumavg_4] logits built in 2.5s
    [variant cumavg_4] TAM in 75.8s
    [variant cumavg_5] logits built in 3.3s
    [variant cumavg_5] TAM in 75.3s
    [variant cumavg_6] logits built in 4.1s
    [variant cumavg_6] TAM in 75.1s
    [variant cumavg_7] logits built in 5.0s
    [variant cumavg_7] TAM in 74.4s
    [variant cumavg_8] logits built in 5.8s
    [variant cumavg_8] TAM in 74.2s
    [variant cumavg_9] logits built in 6.7s
    [variant cumavg_9] TAM in 73.7s
    [variant cumavg_10] logits built in 7.5s
    [variant cumavg_10] TAM in 73.4s

[79/236] gold-fish
  Running gold-fish_exp6 | "an orange goldfish in the center next to the largest fish"
    [layer_tam] vision_shape=(10, 15, 27), n_gen_tokens=481, apply_norm=False
    [variant layer_-1] logits built in 0.0s
    [variant layer_-1] TAM in 75.4s
    [variant layer_-2] logits built in 0.0s
    [variant layer_-2] TAM in 75.9s
    [variant layer_-3] logits built in 0.0s
    [variant layer_-3] TAM in 59.3s
    [variant layer_-4] logits built in 0.0s
    [variant layer_-4] TAM in 55.7s
    [variant layer_-5] logits built in 0.0s
    [variant layer_-5] TAM in 62.8s
    [variant layer_-6] logits built in 0.0s
    [variant layer_-6] TAM in 61.4s
    [variant layer_-7] logits built in 0.0s
    [variant layer_-7] TAM in 62.8s
    [variant layer_-8] logits built in 0.0s
    [variant layer_-8] TAM in 65.3s
    [variant layer_-9] logits built in 0.0s
    [variant layer_-9] TAM in 65.6s
    [variant layer_-10] logits built in 0.0s
    [variant layer_-10] TAM in 70.9s
    [variant cumavg_1] logits built in 0.0s
    [variant cumavg_1] TAM in 75.1s
    [variant cumavg_2] logits built in 0.8s
    [variant cumavg_2] TAM in 75.5s
    [variant cumavg_3] logits built in 1.7s
    [variant cumavg_3] TAM in 76.1s
    [variant cumavg_4] logits built in 2.5s
    [variant cumavg_4] TAM in 76.1s
    [variant cumavg_5] logits built in 3.4s
    [variant cumavg_5] TAM in 75.8s
    [variant cumavg_6] logits built in 4.2s
    [variant cumavg_6] TAM in 75.2s
    [variant cumavg_7] logits built in 5.1s
    [variant cumavg_7] TAM in 74.9s
    [variant cumavg_8] logits built in 5.9s
    [variant cumavg_8] TAM in 74.5s
    [variant cumavg_9] logits built in 6.8s
    [variant cumavg_9] TAM in 73.9s
    [variant cumavg_10] logits built in 7.7s
    [variant cumavg_10] TAM in 73.7s

[80/236] gold-fish
  Running gold-fish_exp7 | "a gold fish swimming towards the camera"
    [layer_tam] vision_shape=(10, 15, 27), n_gen_tokens=436, apply_norm=False
    [variant layer_-1] logits built in 0.0s
    [variant layer_-1] TAM in 70.1s
    [variant layer_-2] logits built in 0.0s
    [variant layer_-2] TAM in 70.7s
    [variant layer_-3] logits built in 0.0s
    [variant layer_-3] TAM in 54.1s
    [variant layer_-4] logits built in 0.0s
    [variant layer_-4] TAM in 50.2s
    [variant layer_-5] logits built in 0.0s
    [variant layer_-5] TAM in 57.3s
    [variant layer_-6] logits built in 0.0s
    [variant layer_-6] TAM in 55.5s
    [variant layer_-7] logits built in 0.0s
    [variant layer_-7] TAM in 56.9s
    [variant layer_-8] logits built in 0.0s
    [variant layer_-8] TAM in 59.6s
    [variant layer_-9] logits built in 0.0s
    [variant layer_-9] TAM in 59.5s
    [variant layer_-10] logits built in 0.0s
    [variant layer_-10] TAM in 65.3s
    [variant cumavg_1] logits built in 0.0s
    [variant cumavg_1] TAM in 70.4s
    [variant cumavg_2] logits built in 0.7s
    [variant cumavg_2] TAM in 70.6s
    [variant cumavg_3] logits built in 1.4s
    [variant cumavg_3] TAM in 70.7s
    [variant cumavg_4] logits built in 2.2s
    [variant cumavg_4] TAM in 71.5s
    [variant cumavg_5] logits built in 3.0s
    [variant cumavg_5] TAM in 70.4s
    [variant cumavg_6] logits built in 3.8s
    [variant cumavg_6] TAM in 70.6s
    [variant cumavg_7] logits built in 4.6s
    [variant cumavg_7] TAM in 69.4s
    [variant cumavg_8] logits built in 5.3s
    [variant cumavg_8] TAM in 68.7s
    [variant cumavg_9] logits built in 6.1s
    [variant cumavg_9] TAM in 69.0s
    [variant cumavg_10] logits built in 6.9s
    [variant cumavg_10] TAM in 68.1s

[81/236] gold-fish
  Running gold-fish_exp8 | "a smallest goldfish"
    [layer_tam] vision_shape=(10, 15, 27), n_gen_tokens=409, apply_norm=False
    [variant layer_-1] logits built in 0.0s
    [variant layer_-1] TAM in 64.1s
    [variant layer_-2] logits built in 0.0s
    [variant layer_-2] TAM in 64.7s
    [variant layer_-3] logits built in 0.0s
    [variant layer_-3] TAM in 51.1s
    [variant layer_-4] logits built in 0.0s
    [variant layer_-4] TAM in 48.2s
    [variant layer_-5] logits built in 0.0s
    [variant layer_-5] TAM in 53.9s
    [variant layer_-6] logits built in 0.0s
    [variant layer_-6] TAM in 53.1s
    [variant layer_-7] logits built in 0.0s
    [variant layer_-7] TAM in 54.7s
    [variant layer_-8] logits built in 0.0s
    [variant layer_-8] TAM in 55.8s
    [variant layer_-9] logits built in 0.0s
    [variant layer_-9] TAM in 56.3s
    [variant layer_-10] logits built in 0.0s
    [variant layer_-10] TAM in 61.0s
    [variant cumavg_1] logits built in 0.0s
    [variant cumavg_1] TAM in 64.0s
    [variant cumavg_2] logits built in 0.6s
    [variant cumavg_2] TAM in 64.6s
    [variant cumavg_3] logits built in 1.3s
    [variant cumavg_3] TAM in 65.1s
    [variant cumavg_4] logits built in 2.0s
    [variant cumavg_4] TAM in 65.1s
    [variant cumavg_5] logits built in 2.8s
    [variant cumavg_5] TAM in 64.8s
    [variant cumavg_6] logits built in 3.5s
    [variant cumavg_6] TAM in 64.2s
    [variant cumavg_7] logits built in 4.2s
    [variant cumavg_7] TAM in 64.0s
    [variant cumavg_8] logits built in 5.0s
    [variant cumavg_8] TAM in 63.7s
    [variant cumavg_9] logits built in 5.7s
    [variant cumavg_9] TAM in 63.5s
    [variant cumavg_10] logits built in 6.4s
    [variant cumavg_10] TAM in 63.4s

[82/236] gold-fish
  Running gold-fish_exp9 | "a smallest goldfish on the bottom half"
    [layer_tam] vision_shape=(10, 15, 27), n_gen_tokens=445, apply_norm=False
    [variant layer_-1] logits built in 0.0s
    [variant layer_-1] TAM in 71.4s
    [variant layer_-2] logits built in 0.0s
    [variant layer_-2] TAM in 71.8s
    [variant layer_-3] logits built in 0.0s
    [variant layer_-3] TAM in 57.4s
    [variant layer_-4] logits built in 0.0s
    [variant layer_-4] TAM in 54.1s
    [variant layer_-5] logits built in 0.0s
    [variant layer_-5] TAM in 60.0s
    [variant layer_-6] logits built in 0.0s
    [variant layer_-6] TAM in 58.5s
    [variant layer_-7] logits built in 0.0s
    [variant layer_-7] TAM in 60.0s
    [variant layer_-8] logits built in 0.0s
    [variant layer_-8] TAM in 61.7s
    [variant layer_-9] logits built in 0.0s
    [variant layer_-9] TAM in 61.4s
    [variant layer_-10] logits built in 0.0s
    [variant layer_-10] TAM in 66.2s
    [variant cumavg_1] logits built in 0.0s
    [variant cumavg_1] TAM in 69.8s
    [variant cumavg_2] logits built in 0.7s
    [variant cumavg_2] TAM in 70.4s
    [variant cumavg_3] logits built in 1.5s
    [variant cumavg_3] TAM in 70.7s
    [variant cumavg_4] logits built in 2.3s
    [variant cumavg_4] TAM in 70.6s
    [variant cumavg_5] logits built in 3.1s
    [variant cumavg_5] TAM in 70.4s
    [variant cumavg_6] logits built in 3.9s
    [variant cumavg_6] TAM in 70.0s
    [variant cumavg_7] logits built in 4.7s
    [variant cumavg_7] TAM in 69.5s
    [variant cumavg_8] logits built in 6.0s
    [variant cumavg_8] TAM in 69.1s
    [variant cumavg_9] logits built in 6.2s
    [variant cumavg_9] TAM in 68.7s
    [variant cumavg_10] logits built in 7.0s
    [variant cumavg_10] TAM in 68.4s

[83/236] gold-fish
  Running gold-fish_exp10 | "the smallest goldfish"
    [layer_tam] vision_shape=(10, 15, 27), n_gen_tokens=409, apply_norm=False
    [variant layer_-1] logits built in 0.0s
    [variant layer_-1] TAM in 65.2s
    [variant layer_-2] logits built in 0.0s
    [variant layer_-2] TAM in 65.2s
    [variant layer_-3] logits built in 0.0s
    [variant layer_-3] TAM in 51.9s
    [variant layer_-4] logits built in 0.0s
    [variant layer_-4] TAM in 48.9s
    [variant layer_-5] logits built in 0.0s
    [variant layer_-5] TAM in 54.7s
    [variant layer_-6] logits built in 0.0s
    [variant layer_-6] TAM in 53.4s
    [variant layer_-7] logits built in 0.0s
    [variant layer_-7] TAM in 55.0s
    [variant layer_-8] logits built in 0.0s
    [variant layer_-8] TAM in 56.5s
    [variant layer_-9] logits built in 0.0s
    [variant layer_-9] TAM in 56.8s
    [variant layer_-10] logits built in 0.0s
    [variant layer_-10] TAM in 61.4s
    [variant cumavg_1] logits built in 0.0s
    [variant cumavg_1] TAM in 64.8s
    [variant cumavg_2] logits built in 0.6s
    [variant cumavg_2] TAM in 65.6s
    [variant cumavg_3] logits built in 1.3s
    [variant cumavg_3] TAM in 65.9s
    [variant cumavg_4] logits built in 2.0s
    [variant cumavg_4] TAM in 65.9s
    [variant cumavg_5] logits built in 2.8s
    [variant cumavg_5] TAM in 65.6s
    [variant cumavg_6] logits built in 3.5s
    [variant cumavg_6] TAM in 65.4s
    [variant cumavg_7] logits built in 4.2s
    [variant cumavg_7] TAM in 64.8s
    [variant cumavg_8] logits built in 5.0s
    [variant cumavg_8] TAM in 64.4s
    [variant cumavg_9] logits built in 5.7s
    [variant cumavg_9] TAM in 64.0s
    [variant cumavg_10] logits built in 6.4s
    [variant cumavg_10] TAM in 63.8s

[84/236] gold-fish
  Running gold-fish_exp11 | "a gold fish in the middle swimming towards down-right"
    [layer_tam] vision_shape=(10, 15, 27), n_gen_tokens=463, apply_norm=False
    [variant layer_-1] logits built in 0.0s
    [variant layer_-1] TAM in 72.9s
    [variant layer_-2] logits built in 0.0s
    [variant layer_-2] TAM in 73.4s
    [variant layer_-3] logits built in 0.0s
    [variant layer_-3] TAM in 57.4s
    [variant layer_-4] logits built in 0.0s
    [variant layer_-4] TAM in 53.9s
    [variant layer_-5] logits built in 0.0s
    [variant layer_-5] TAM in 60.4s
    [variant layer_-6] logits built in 0.0s
    [variant layer_-6] TAM in 59.3s
    [variant layer_-7] logits built in 0.0s
    [variant layer_-7] TAM in 61.1s
    [variant layer_-8] logits built in 0.0s
    [variant layer_-8] TAM in 63.0s
    [variant layer_-9] logits built in 0.0s
    [variant layer_-9] TAM in 63.6s
    [variant layer_-10] logits built in 0.0s
    [variant layer_-10] TAM in 68.8s
    [variant cumavg_1] logits built in 0.0s
    [variant cumavg_1] TAM in 72.9s
    [variant cumavg_2] logits built in 0.8s
    [variant cumavg_2] TAM in 73.4s
    [variant cumavg_3] logits built in 1.6s
    [variant cumavg_3] TAM in 73.7s
    [variant cumavg_4] logits built in 2.4s
    [variant cumavg_4] TAM in 73.6s
    [variant cumavg_5] logits built in 3.2s
    [variant cumavg_5] TAM in 73.4s
    [variant cumavg_6] logits built in 4.1s
    [variant cumavg_6] TAM in 73.0s
    [variant cumavg_7] logits built in 4.9s
    [variant cumavg_7] TAM in 72.4s
    [variant cumavg_8] logits built in 5.7s
    [variant cumavg_8] TAM in 72.1s
    [variant cumavg_9] logits built in 6.5s
    [variant cumavg_9] TAM in 71.6s
    [variant cumavg_10] logits built in 7.3s
    [variant cumavg_10] TAM in 71.4s

[85/236] gold-fish
  Running gold-fish_exp12 | "a goldfish at the end"
    [layer_tam] vision_shape=(10, 15, 27), n_gen_tokens=427, apply_norm=False
    [variant layer_-1] logits built in 0.0s
    [variant layer_-1] TAM in 68.4s
    [variant layer_-2] logits built in 0.0s
    [variant layer_-2] TAM in 69.1s
    [variant layer_-3] logits built in 0.0s
    [variant layer_-3] TAM in 53.4s
    [variant layer_-4] logits built in 0.0s
    [variant layer_-4] TAM in 49.7s
    [variant layer_-5] logits built in 0.0s
    [variant layer_-5] TAM in 56.2s
    [variant layer_-6] logits built in 0.0s
    [variant layer_-6] TAM in 54.6s
    [variant layer_-7] logits built in 0.0s
    [variant layer_-7] TAM in 56.2s
    [variant layer_-8] logits built in 0.0s
    [variant layer_-8] TAM in 58.0s
    [variant layer_-9] logits built in 0.0s
    [variant layer_-9] TAM in 58.6s
    [variant layer_-10] logits built in 0.0s
    [variant layer_-10] TAM in 64.0s
    [variant cumavg_1] logits built in 0.0s
    [variant cumavg_1] TAM in 68.3s
    [variant cumavg_2] logits built in 0.6s
    [variant cumavg_2] TAM in 68.7s
    [variant cumavg_3] logits built in 1.4s
    [variant cumavg_3] TAM in 69.1s
    [variant cumavg_4] logits built in 2.2s
    [variant cumavg_4] TAM in 69.0s
    [variant cumavg_5] logits built in 2.9s
    [variant cumavg_5] TAM in 68.7s
    [variant cumavg_6] logits built in 3.7s
    [variant cumavg_6] TAM in 68.1s
    [variant cumavg_7] logits built in 4.4s
    [variant cumavg_7] TAM in 67.5s
    [variant cumavg_8] logits built in 5.2s
    [variant cumavg_8] TAM in 67.5s
    [variant cumavg_9] logits built in 6.0s
    [variant cumavg_9] TAM in 66.5s
    [variant cumavg_10] logits built in 6.7s
    [variant cumavg_10] TAM in 66.7s

[86/236] gold-fish
  Running gold-fish_exp13 | "a small orange goldfish on the top half"
    [layer_tam] vision_shape=(10, 15, 27), n_gen_tokens=454, apply_norm=False
    [variant layer_-1] logits built in 0.0s
    [variant layer_-1] TAM in 71.6s
    [variant layer_-2] logits built in 0.0s
    [variant layer_-2] TAM in 71.7s
    [variant layer_-3] logits built in 0.0s
    [variant layer_-3] TAM in 55.3s
    [variant layer_-4] logits built in 0.0s
    [variant layer_-4] TAM in 51.9s
    [variant layer_-5] logits built in 0.0s
    [variant layer_-5] TAM in 58.6s
    [variant layer_-6] logits built in 0.0s
    [variant layer_-6] TAM in 57.4s
    [variant layer_-7] logits built in 0.0s
    [variant layer_-7] TAM in 59.0s
    [variant layer_-8] logits built in 0.0s
    [variant layer_-8] TAM in 61.1s
    [variant layer_-9] logits built in 0.0s
    [variant layer_-9] TAM in 61.6s
    [variant layer_-10] logits built in 0.0s
    [variant layer_-10] TAM in 67.2s
    [variant cumavg_1] logits built in 0.0s
    [variant cumavg_1] TAM in 71.4s
    [variant cumavg_2] logits built in 0.7s
    [variant cumavg_2] TAM in 71.7s
    [variant cumavg_3] logits built in 1.5s
    [variant cumavg_3] TAM in 72.2s
    [variant cumavg_4] logits built in 2.3s
    [variant cumavg_4] TAM in 72.0s
    [variant cumavg_5] logits built in 3.2s
    [variant cumavg_5] TAM in 71.5s
    [variant cumavg_6] logits built in 4.0s
    [variant cumavg_6] TAM in 71.2s
    [variant cumavg_7] logits built in 4.8s
    [variant cumavg_7] TAM in 70.7s
    [variant cumavg_8] logits built in 5.6s
    [variant cumavg_8] TAM in 70.3s
    [variant cumavg_9] logits built in 6.4s
    [variant cumavg_9] TAM in 69.9s
    [variant cumavg_10] logits built in 7.2s
    [variant cumavg_10] TAM in 69.6s

[87/236] gold-fish
  Running gold-fish_exp14 | "a small goldfish in the end"
    [layer_tam] vision_shape=(10, 15, 27), n_gen_tokens=436, apply_norm=False
    [variant layer_-1] logits built in 0.0s
    [variant layer_-1] TAM in 69.0s
    [variant layer_-2] logits built in 0.0s
    [variant layer_-2] TAM in 69.0s
    [variant layer_-3] logits built in 0.0s
    [variant layer_-3] TAM in 53.6s
    [variant layer_-4] logits built in 0.0s
    [variant layer_-4] TAM in 50.7s
    [variant layer_-5] logits built in 0.0s
    [variant layer_-5] TAM in 56.9s
    [variant layer_-6] logits built in 0.0s
    [variant layer_-6] TAM in 55.9s
    [variant layer_-7] logits built in 0.0s
    [variant layer_-7] TAM in 57.3s
    [variant layer_-8] logits built in 0.0s
    [variant layer_-8] TAM in 59.0s
    [variant layer_-9] logits built in 0.0s
    [variant layer_-9] TAM in 59.3s
    [variant layer_-10] logits built in 0.0s
    [variant layer_-10] TAM in 64.6s
    [variant cumavg_1] logits built in 0.0s
    [variant cumavg_1] TAM in 68.8s
    [variant cumavg_2] logits built in 0.7s
    [variant cumavg_2] TAM in 69.4s
    [variant cumavg_3] logits built in 1.4s
    [variant cumavg_3] TAM in 69.7s
    [variant cumavg_4] logits built in 2.2s
    [variant cumavg_4] TAM in 69.6s
    [variant cumavg_5] logits built in 3.0s
    [variant cumavg_5] TAM in 69.1s
    [variant cumavg_6] logits built in 3.8s
    [variant cumavg_6] TAM in 68.7s
    [variant cumavg_7] logits built in 4.6s
    [variant cumavg_7] TAM in 68.4s
    [variant cumavg_8] logits built in 5.3s
    [variant cumavg_8] TAM in 67.7s
    [variant cumavg_9] logits built in 6.1s
    [variant cumavg_9] TAM in 67.4s
    [variant cumavg_10] logits built in 6.9s
    [variant cumavg_10] TAM in 67.1s

[88/236] gold-fish
  Running gold-fish_exp15 | "a gold fish on the left swimming towards the top right"
    [layer_tam] vision_shape=(10, 15, 27), n_gen_tokens=472, apply_norm=False
    [variant layer_-1] logits built in 0.0s
    [variant layer_-1] TAM in 75.6s
    [variant layer_-2] logits built in 0.0s
    [variant layer_-2] TAM in 76.2s
    [variant layer_-3] logits built in 0.0s
    [variant layer_-3] TAM in 58.6s
    [variant layer_-4] logits built in 0.0s
    [variant layer_-4] TAM in 55.4s
    [variant layer_-5] logits built in 0.0s
    [variant layer_-5] TAM in 62.2s
    [variant layer_-6] logits built in 0.0s
    [variant layer_-6] TAM in 60.8s
    [variant layer_-7] logits built in 0.0s
    [variant layer_-7] TAM in 63.1s
    [variant layer_-8] logits built in 0.0s
    [variant layer_-8] TAM in 64.8s
    [variant layer_-9] logits built in 0.0s
    [variant layer_-9] TAM in 65.5s
    [variant layer_-10] logits built in 0.0s
    [variant layer_-10] TAM in 71.1s
    [variant cumavg_1] logits built in 0.0s
    [variant cumavg_1] TAM in 75.7s
    [variant cumavg_2] logits built in 0.8s
    [variant cumavg_2] TAM in 76.2s
    [variant cumavg_3] logits built in 1.6s
    [variant cumavg_3] TAM in 76.2s
    [variant cumavg_4] logits built in 2.5s
    [variant cumavg_4] TAM in 76.1s
    [variant cumavg_5] logits built in 3.3s
    [variant cumavg_5] TAM in 75.7s
    [variant cumavg_6] logits built in 4.1s
    [variant cumavg_6] TAM in 75.3s
    [variant cumavg_7] logits built in 5.0s
    [variant cumavg_7] TAM in 74.8s
    [variant cumavg_8] logits built in 5.8s
    [variant cumavg_8] TAM in 74.4s
    [variant cumavg_9] logits built in 6.7s
    [variant cumavg_9] TAM in 73.7s
    [variant cumavg_10] logits built in 7.5s
    [variant cumavg_10] TAM in 73.4s

[89/236] horsejump-high
  Running horsejump-high_exp0 | "a horse doing high jumps"
    [layer_tam] vision_shape=(7, 15, 27), n_gen_tokens=280, apply_norm=False
    [variant layer_-1] logits built in 0.0s
    [variant layer_-1] TAM in 33.1s
    [variant layer_-2] logits built in 0.0s
    [variant layer_-2] TAM in 33.2s
    [variant layer_-3] logits built in 0.0s
    [variant layer_-3] TAM in 26.0s
    [variant layer_-4] logits built in 0.0s
    [variant layer_-4] TAM in 24.5s
    [variant layer_-5] logits built in 0.0s
    [variant layer_-5] TAM in 28.2s
    [variant layer_-6] logits built in 0.0s
    [variant layer_-6] TAM in 27.9s
    [variant layer_-7] logits built in 0.0s
    [variant layer_-7] TAM in 28.2s
    [variant layer_-8] logits built in 0.0s
    [variant layer_-8] TAM in 28.2s
    [variant layer_-9] logits built in 0.0s
    [variant layer_-9] TAM in 28.1s
    [variant layer_-10] logits built in 0.0s
    [variant layer_-10] TAM in 30.8s
    [variant cumavg_1] logits built in 0.0s
    [variant cumavg_1] TAM in 32.8s
    [variant cumavg_2] logits built in 0.1s
    [variant cumavg_2] TAM in 33.5s
    [variant cumavg_3] logits built in 0.6s
    [variant cumavg_3] TAM in 33.6s
    [variant cumavg_4] logits built in 1.1s
    [variant cumavg_4] TAM in 33.6s
    [variant cumavg_5] logits built in 1.6s
    [variant cumavg_5] TAM in 33.5s
    [variant cumavg_6] logits built in 2.1s
    [variant cumavg_6] TAM in 33.3s
    [variant cumavg_7] logits built in 2.6s
    [variant cumavg_7] TAM in 33.1s
    [variant cumavg_8] logits built in 3.1s
    [variant cumavg_8] TAM in 32.9s
    [variant cumavg_9] logits built in 3.6s
    [variant cumavg_9] TAM in 32.7s
    [variant cumavg_10] logits built in 4.1s
    [variant cumavg_10] TAM in 32.5s

[90/236] horsejump-high
  Running horsejump-high_exp1 | "a horse jumping over obstacles"
    [layer_tam] vision_shape=(7, 15, 27), n_gen_tokens=280, apply_norm=False
    [variant layer_-1] logits built in 0.0s
    [variant layer_-1] TAM in 33.2s
    [variant layer_-2] logits built in 0.0s
    [variant layer_-2] TAM in 33.3s
    [variant layer_-3] logits built in 0.0s
    [variant layer_-3] TAM in 25.8s
    [variant layer_-4] logits built in 0.0s
    [variant layer_-4] TAM in 24.3s
    [variant layer_-5] logits built in 0.0s
    [variant layer_-5] TAM in 28.1s
    [variant layer_-6] logits built in 0.0s
    [variant layer_-6] TAM in 27.9s
    [variant layer_-7] logits built in 0.0s
    [variant layer_-7] TAM in 28.0s
    [variant layer_-8] logits built in 0.0s
    [variant layer_-8] TAM in 28.0s
    [variant layer_-9] logits built in 0.0s
    [variant layer_-9] TAM in 27.9s
    [variant layer_-10] logits built in 0.0s
    [variant layer_-10] TAM in 30.8s
    [variant cumavg_1] logits built in 0.0s
    [variant cumavg_1] TAM in 33.0s
    [variant cumavg_2] logits built in 0.1s
    [variant cumavg_2] TAM in 33.6s
    [variant cumavg_3] logits built in 0.6s
    [variant cumavg_3] TAM in 33.7s
    [variant cumavg_4] logits built in 1.1s
    [variant cumavg_4] TAM in 33.6s
    [variant cumavg_5] logits built in 1.6s
    [variant cumavg_5] TAM in 33.4s
    [variant cumavg_6] logits built in 2.1s
    [variant cumavg_6] TAM in 33.4s
    [variant cumavg_7] logits built in 2.6s
    [variant cumavg_7] TAM in 33.1s
    [variant cumavg_8] logits built in 3.1s
    [variant cumavg_8] TAM in 32.9s
    [variant cumavg_9] logits built in 3.6s
    [variant cumavg_9] TAM in 32.7s
    [variant cumavg_10] logits built in 4.1s
    [variant cumavg_10] TAM in 32.7s

[91/236] horsejump-high
  Running horsejump-high_exp2 | "a horse ridden by a woman"
    [layer_tam] vision_shape=(7, 15, 27), n_gen_tokens=286, apply_norm=False
    [variant layer_-1] logits built in 0.0s
    [variant layer_-1] TAM in 33.8s
    [variant layer_-2] logits built in 0.0s
    [variant layer_-2] TAM in 33.9s
    [variant layer_-3] logits built in 0.0s
    [variant layer_-3] TAM in 26.1s
    [variant layer_-4] logits built in 0.0s
    [variant layer_-4] TAM in 24.4s
    [variant layer_-5] logits built in 0.0s
    [variant layer_-5] TAM in 28.4s
    [variant layer_-6] logits built in 0.0s
    [variant layer_-6] TAM in 28.3s
    [variant layer_-7] logits built in 0.0s
    [variant layer_-7] TAM in 28.6s
    [variant layer_-8] logits built in 0.0s
    [variant layer_-8] TAM in 28.5s
    [variant layer_-9] logits built in 0.0s
    [variant layer_-9] TAM in 28.3s
    [variant layer_-10] logits built in 0.0s
    [variant layer_-10] TAM in 31.2s
    [variant cumavg_1] logits built in 0.0s
    [variant cumavg_1] TAM in 33.6s
    [variant cumavg_2] logits built in 0.1s
    [variant cumavg_2] TAM in 34.2s
    [variant cumavg_3] logits built in 0.7s
    [variant cumavg_3] TAM in 34.3s
    [variant cumavg_4] logits built in 1.2s
    [variant cumavg_4] TAM in 34.2s
    [variant cumavg_5] logits built in 1.7s
    [variant cumavg_5] TAM in 34.1s
    [variant cumavg_6] logits built in 2.2s
    [variant cumavg_6] TAM in 34.0s
    [variant cumavg_7] logits built in 2.7s
    [variant cumavg_7] TAM in 33.8s
    [variant cumavg_8] logits built in 3.2s
    [variant cumavg_8] TAM in 33.5s
    [variant cumavg_9] logits built in 3.7s
    [variant cumavg_9] TAM in 33.4s
    [variant cumavg_10] logits built in 4.2s
    [variant cumavg_10] TAM in 33.3s

[92/236] horsejump-high
  Running horsejump-high_exp3 | "a brown colored horse"
    [layer_tam] vision_shape=(7, 15, 27), n_gen_tokens=317, apply_norm=False
    [variant layer_-1] logits built in 0.0s
    [variant layer_-1] TAM in 36.8s
    [variant layer_-2] logits built in 0.0s
    [variant layer_-2] TAM in 36.7s
    [variant layer_-3] logits built in 0.0s
    [variant layer_-3] TAM in 28.5s
    [variant layer_-4] logits built in 0.0s
    [variant layer_-4] TAM in 26.7s
    [variant layer_-5] logits built in 0.0s
    [variant layer_-5] TAM in 31.0s
    [variant layer_-6] logits built in 0.0s
    [variant layer_-6] TAM in 30.8s
    [variant layer_-7] logits built in 0.0s
    [variant layer_-7] TAM in 31.1s
    [variant layer_-8] logits built in 0.0s
    [variant layer_-8] TAM in 31.0s
    [variant layer_-9] logits built in 0.0s
    [variant layer_-9] TAM in 31.0s
    [variant layer_-10] logits built in 0.0s
    [variant layer_-10] TAM in 34.1s
    [variant cumavg_1] logits built in 0.0s
    [variant cumavg_1] TAM in 36.6s
    [variant cumavg_2] logits built in 0.2s
    [variant cumavg_2] TAM in 37.2s
    [variant cumavg_3] logits built in 0.8s
    [variant cumavg_3] TAM in 37.2s
    [variant cumavg_4] logits built in 1.4s
    [variant cumavg_4] TAM in 37.2s
    [variant cumavg_5] logits built in 1.9s
    [variant cumavg_5] TAM in 37.0s
    [variant cumavg_6] logits built in 2.5s
    [variant cumavg_6] TAM in 36.9s
    [variant cumavg_7] logits built in 3.1s
    [variant cumavg_7] TAM in 36.7s
    [variant cumavg_8] logits built in 3.6s
    [variant cumavg_8] TAM in 36.4s
    [variant cumavg_9] logits built in 4.2s
    [variant cumavg_9] TAM in 36.3s
    [variant cumavg_10] logits built in 4.8s
    [variant cumavg_10] TAM in 36.1s

[93/236] horsejump-high
  Running horsejump-high_exp4 | "a woman riding a horse"
    [layer_tam] vision_shape=(7, 15, 27), n_gen_tokens=281, apply_norm=False
    [variant layer_-1] logits built in 0.0s
    [variant layer_-1] TAM in 33.3s
    [variant layer_-2] logits built in 0.0s
    [variant layer_-2] TAM in 33.3s
    [variant layer_-3] logits built in 0.0s
    [variant layer_-3] TAM in 25.9s
    [variant layer_-4] logits built in 0.0s
    [variant layer_-4] TAM in 24.3s
    [variant layer_-5] logits built in 0.0s
    [variant layer_-5] TAM in 28.0s
    [variant layer_-6] logits built in 0.0s
    [variant layer_-6] TAM in 27.9s
    [variant layer_-7] logits built in 0.0s
    [variant layer_-7] TAM in 28.2s
    [variant layer_-8] logits built in 0.0s
    [variant layer_-8] TAM in 28.1s
    [variant layer_-9] logits built in 0.0s
    [variant layer_-9] TAM in 28.1s
    [variant layer_-10] logits built in 0.0s
    [variant layer_-10] TAM in 30.9s
    [variant cumavg_1] logits built in 0.0s
    [variant cumavg_1] TAM in 33.1s
    [variant cumavg_2] logits built in 0.1s
    [variant cumavg_2] TAM in 33.7s
    [variant cumavg_3] logits built in 0.6s
    [variant cumavg_3] TAM in 33.8s
    [variant cumavg_4] logits built in 1.1s
    [variant cumavg_4] TAM in 33.7s
    [variant cumavg_5] logits built in 1.6s
    [variant cumavg_5] TAM in 33.6s
    [variant cumavg_6] logits built in 2.1s
    [variant cumavg_6] TAM in 33.4s
    [variant cumavg_7] logits built in 2.6s
    [variant cumavg_7] TAM in 33.2s
    [variant cumavg_8] logits built in 3.1s
    [variant cumavg_8] TAM in 33.0s
    [variant cumavg_9] logits built in 3.6s
    [variant cumavg_9] TAM in 32.8s
    [variant cumavg_10] logits built in 4.1s
    [variant cumavg_10] TAM in 32.7s

[94/236] horsejump-high
  Running horsejump-high_exp5 | "a jockey wearing a white uniform"
    [layer_tam] vision_shape=(7, 15, 27), n_gen_tokens=293, apply_norm=False
    [variant layer_-1] logits built in 0.0s
    [variant layer_-1] TAM in 34.5s
    [variant layer_-2] logits built in 0.0s
    [variant layer_-2] TAM in 34.6s
    [variant layer_-3] logits built in 0.0s
    [variant layer_-3] TAM in 27.0s
    [variant layer_-4] logits built in 0.0s
    [variant layer_-4] TAM in 25.4s
    [variant layer_-5] logits built in 0.0s
    [variant layer_-5] TAM in 29.2s
    [variant layer_-6] logits built in 0.0s
    [variant layer_-6] TAM in 29.1s
    [variant layer_-7] logits built in 0.0s
    [variant layer_-7] TAM in 29.3s
    [variant layer_-8] logits built in 0.0s
    [variant layer_-8] TAM in 29.2s
    [variant layer_-9] logits built in 0.0s
    [variant layer_-9] TAM in 29.3s
    [variant layer_-10] logits built in 0.0s
    [variant layer_-10] TAM in 32.2s
    [variant cumavg_1] logits built in 0.0s
    [variant cumavg_1] TAM in 34.4s
    [variant cumavg_2] logits built in 0.2s
    [variant cumavg_2] TAM in 34.9s
    [variant cumavg_3] logits built in 0.7s
    [variant cumavg_3] TAM in 35.1s
    [variant cumavg_4] logits built in 1.2s
    [variant cumavg_4] TAM in 35.0s
    [variant cumavg_5] logits built in 1.7s
    [variant cumavg_5] TAM in 34.9s
    [variant cumavg_6] logits built in 2.3s
    [variant cumavg_6] TAM in 34.7s
    [variant cumavg_7] logits built in 2.8s
    [variant cumavg_7] TAM in 34.4s
    [variant cumavg_8] logits built in 3.3s
    [variant cumavg_8] TAM in 34.2s
    [variant cumavg_9] logits built in 3.8s
    [variant cumavg_9] TAM in 34.1s
    [variant cumavg_10] logits built in 4.3s
    [variant cumavg_10] TAM in 33.9s

[95/236] horsejump-high
  Running horsejump-high_exp6 | "a girl riding a horse"
    [layer_tam] vision_shape=(7, 15, 27), n_gen_tokens=281, apply_norm=False
    [variant layer_-1] logits built in 0.0s
    [variant layer_-1] TAM in 33.3s
    [variant layer_-2] logits built in 0.0s
    [variant layer_-2] TAM in 33.3s
    [variant layer_-3] logits built in 0.0s
    [variant layer_-3] TAM in 26.0s
    [variant layer_-4] logits built in 0.0s
    [variant layer_-4] TAM in 24.2s
    [variant layer_-5] logits built in 0.0s
    [variant layer_-5] TAM in 28.2s
    [variant layer_-6] logits built in 0.0s
    [variant layer_-6] TAM in 27.9s
    [variant layer_-7] logits built in 0.0s
    [variant layer_-7] TAM in 28.1s
    [variant layer_-8] logits built in 0.0s
    [variant layer_-8] TAM in 28.1s
    [variant layer_-9] logits built in 0.0s
    [variant layer_-9] TAM in 28.1s
    [variant layer_-10] logits built in 0.0s
    [variant layer_-10] TAM in 30.9s
    [variant cumavg_1] logits built in 0.0s
    [variant cumavg_1] TAM in 33.2s
    [variant cumavg_2] logits built in 0.1s
    [variant cumavg_2] TAM in 33.7s
    [variant cumavg_3] logits built in 0.6s
    [variant cumavg_3] TAM in 33.8s
    [variant cumavg_4] logits built in 1.1s
    [variant cumavg_4] TAM in 33.7s
    [variant cumavg_5] logits built in 1.6s
    [variant cumavg_5] TAM in 33.6s
    [variant cumavg_6] logits built in 2.1s
    [variant cumavg_6] TAM in 33.5s
    [variant cumavg_7] logits built in 2.6s
    [variant cumavg_7] TAM in 33.3s
    [variant cumavg_8] logits built in 3.1s
    [variant cumavg_8] TAM in 33.1s
    [variant cumavg_9] logits built in 3.6s
    [variant cumavg_9] TAM in 32.9s
    [variant cumavg_10] logits built in 4.1s
    [variant cumavg_10] TAM in 32.8s

[96/236] horsejump-high
  Running horsejump-high_exp7 | "a woman in a black and white dress riding a horse"
    [layer_tam] vision_shape=(7, 15, 27), n_gen_tokens=317, apply_norm=False
    [variant layer_-1] logits built in 0.0s
    [variant layer_-1] TAM in 37.5s
    [variant layer_-2] logits built in 0.0s
    [variant layer_-2] TAM in 37.3s
    [variant layer_-3] logits built in 0.0s
    [variant layer_-3] TAM in 29.7s
    [variant layer_-4] logits built in 0.0s
    [variant layer_-4] TAM in 28.0s
    [variant layer_-5] logits built in 0.0s
    [variant layer_-5] TAM in 31.9s
    [variant layer_-6] logits built in 0.0s
    [variant layer_-6] TAM in 31.7s
    [variant layer_-7] logits built in 0.0s
    [variant layer_-7] TAM in 31.9s
    [variant layer_-8] logits built in 0.0s
    [variant layer_-8] TAM in 31.8s
    [variant layer_-9] logits built in 0.0s
    [variant layer_-9] TAM in 31.7s
    [variant layer_-10] logits built in 0.0s
    [variant layer_-10] TAM in 34.8s
    [variant cumavg_1] logits built in 0.0s
    [variant cumavg_1] TAM in 37.3s
    [variant cumavg_2] logits built in 0.2s
    [variant cumavg_2] TAM in 37.7s
    [variant cumavg_3] logits built in 0.8s
    [variant cumavg_3] TAM in 37.7s
    [variant cumavg_4] logits built in 1.4s
    [variant cumavg_4] TAM in 37.6s
    [variant cumavg_5] logits built in 1.9s
    [variant cumavg_5] TAM in 37.6s
    [variant cumavg_6] logits built in 2.5s
    [variant cumavg_6] TAM in 37.4s
    [variant cumavg_7] logits built in 3.1s
    [variant cumavg_7] TAM in 37.2s
    [variant cumavg_8] logits built in 3.6s
    [variant cumavg_8] TAM in 37.0s
    [variant cumavg_9] logits built in 4.2s
    [variant cumavg_9] TAM in 36.7s
    [variant cumavg_10] logits built in 4.8s
    [variant cumavg_10] TAM in 36.6s

[97/236] india
  Running india_exp0 | "a woman in a yellow salwar suit"
    [layer_tam] vision_shape=(11, 15, 27), n_gen_tokens=479, apply_norm=False
    [variant layer_-1] logits built in 0.0s
    [variant layer_-1] TAM in 81.4s
    [variant layer_-2] logits built in 0.0s
    [variant layer_-2] TAM in 81.9s
    [variant layer_-3] logits built in 0.0s
    [variant layer_-3] TAM in 67.1s
    [variant layer_-4] logits built in 0.0s
    [variant layer_-4] TAM in 62.0s
    [variant layer_-5] logits built in 0.0s
    [variant layer_-5] TAM in 67.9s
    [variant layer_-6] logits built in 0.0s
    [variant layer_-6] TAM in 67.1s
    [variant layer_-7] logits built in 0.0s
    [variant layer_-7] TAM in 68.3s
    [variant layer_-8] logits built in 0.0s
    [variant layer_-8] TAM in 70.1s
    [variant layer_-9] logits built in 0.0s
    [variant layer_-9] TAM in 70.4s
    [variant layer_-10] logits built in 0.0s
    [variant layer_-10] TAM in 77.3s
    [variant cumavg_1] logits built in 0.0s
    [variant cumavg_1] TAM in 81.2s
    [variant cumavg_2] logits built in 0.8s
    [variant cumavg_2] TAM in 81.8s
    [variant cumavg_3] logits built in 1.7s
    [variant cumavg_3] TAM in 82.2s
    [variant cumavg_4] logits built in 2.5s
    [variant cumavg_4] TAM in 82.4s
    [variant cumavg_5] logits built in 3.4s
    [variant cumavg_5] TAM in 82.0s
    [variant cumavg_6] logits built in 4.2s
    [variant cumavg_6] TAM in 81.5s
    [variant cumavg_7] logits built in 5.1s
    [variant cumavg_7] TAM in 81.2s
    [variant cumavg_8] logits built in 6.0s
    [variant cumavg_8] TAM in 80.7s
    [variant cumavg_9] logits built in 6.8s
    [variant cumavg_9] TAM in 80.2s
    [variant cumavg_10] logits built in 7.7s
    [variant cumavg_10] TAM in 80.0s

[98/236] india
  Running india_exp1 | "a woman on the left wearing a yellow dress"
    [layer_tam] vision_shape=(11, 15, 27), n_gen_tokens=489, apply_norm=False
    [variant layer_-1] logits built in 0.0s
    [variant layer_-1] TAM in 83.7s
    [variant layer_-2] logits built in 0.0s
    [variant layer_-2] TAM in 83.9s
    [variant layer_-3] logits built in 0.0s
    [variant layer_-3] TAM in 68.6s
    [variant layer_-4] logits built in 0.0s
    [variant layer_-4] TAM in 63.4s
    [variant layer_-5] logits built in 0.0s
    [variant layer_-5] TAM in 69.0s
    [variant layer_-6] logits built in 0.0s
    [variant layer_-6] TAM in 68.6s
    [variant layer_-7] logits built in 0.0s
    [variant layer_-7] TAM in 69.6s
    [variant layer_-8] logits built in 0.0s
    [variant layer_-8] TAM in 71.3s
    [variant layer_-9] logits built in 0.0s
    [variant layer_-9] TAM in 71.6s
    [variant layer_-10] logits built in 0.0s
    [variant layer_-10] TAM in 78.6s
    [variant cumavg_1] logits built in 0.0s
    [variant cumavg_1] TAM in 83.4s
    [variant cumavg_2] logits built in 0.9s
    [variant cumavg_2] TAM in 83.8s
    [variant cumavg_3] logits built in 1.7s
    [variant cumavg_3] TAM in 84.0s
    [variant cumavg_4] logits built in 2.6s
    [variant cumavg_4] TAM in 84.1s
    [variant cumavg_5] logits built in 3.5s
    [variant cumavg_5] TAM in 83.7s
    [variant cumavg_6] logits built in 4.3s
    [variant cumavg_6] TAM in 83.3s
    [variant cumavg_7] logits built in 5.2s
    [variant cumavg_7] TAM in 82.6s
    [variant cumavg_8] logits built in 6.1s
    [variant cumavg_8] TAM in 82.2s
    [variant cumavg_9] logits built in 7.0s
    [variant cumavg_9] TAM in 81.1s
    [variant cumavg_10] logits built in 7.8s
    [variant cumavg_10] TAM in 81.6s

[99/236] india
  Running india_exp2 | "a woman in a yellow sari"
    [layer_tam] vision_shape=(11, 15, 27), n_gen_tokens=472, apply_norm=False
    [variant layer_-1] logits built in 0.0s
    [variant layer_-1] TAM in 82.0s
    [variant layer_-2] logits built in 0.0s
    [variant layer_-2] TAM in 82.1s
    [variant layer_-3] logits built in 0.0s
    [variant layer_-3] TAM in 66.8s
    [variant layer_-4] logits built in 0.0s
    [variant layer_-4] TAM in 61.8s
    [variant layer_-5] logits built in 0.0s
    [variant layer_-5] TAM in 67.6s
    [variant layer_-6] logits built in 0.0s
    [variant layer_-6] TAM in 66.9s
    [variant layer_-7] logits built in 0.0s
    [variant layer_-7] TAM in 68.3s
    [variant layer_-8] logits built in 0.0s
    [variant layer_-8] TAM in 70.0s
    [variant layer_-9] logits built in 0.0s
    [variant layer_-9] TAM in 70.3s
    [variant layer_-10] logits built in 0.0s
    [variant layer_-10] TAM in 77.4s
    [variant cumavg_1] logits built in 0.0s
    [variant cumavg_1] TAM in 81.6s
    [variant cumavg_2] logits built in 0.8s
    [variant cumavg_2] TAM in 82.0s
    [variant cumavg_3] logits built in 1.6s
    [variant cumavg_3] TAM in 82.4s
    [variant cumavg_4] logits built in 2.5s
    [variant cumavg_4] TAM in 82.5s
    [variant cumavg_5] logits built in 3.3s
    [variant cumavg_5] TAM in 82.2s
    [variant cumavg_6] logits built in 4.2s
    [variant cumavg_6] TAM in 81.7s
    [variant cumavg_7] logits built in 5.0s
    [variant cumavg_7] TAM in 81.0s
    [variant cumavg_8] logits built in 5.9s
    [variant cumavg_8] TAM in 80.7s
    [variant cumavg_9] logits built in 6.7s
    [variant cumavg_9] TAM in 80.0s
    [variant cumavg_10] logits built in 7.5s
    [variant cumavg_10] TAM in 79.9s

[100/236] india
  Running india_exp3 | "a woman in yellow on the left"
    [layer_tam] vision_shape=(11, 15, 27), n_gen_tokens=469, apply_norm=False
    [variant layer_-1] logits built in 0.0s
    [variant layer_-1] TAM in 80.6s
    [variant layer_-2] logits built in 0.0s
    [variant layer_-2] TAM in 80.7s
    [variant layer_-3] logits built in 0.0s
    [variant layer_-3] TAM in 65.4s
    [variant layer_-4] logits built in 0.0s
    [variant layer_-4] TAM in 60.3s
    [variant layer_-5] logits built in 0.0s
    [variant layer_-5] TAM in 66.3s
    [variant layer_-6] logits built in 0.0s
    [variant layer_-6] TAM in 65.4s
    [variant layer_-7] logits built in 0.0s
    [variant layer_-7] TAM in 66.5s
    [variant layer_-8] logits built in 0.0s
    [variant layer_-8] TAM in 68.4s
    [variant layer_-9] logits built in 0.0s
    [variant layer_-9] TAM in 68.8s
    [variant layer_-10] logits built in 0.0s
    [variant layer_-10] TAM in 75.8s
    [variant cumavg_1] logits built in 0.0s
    [variant cumavg_1] TAM in 80.2s
    [variant cumavg_2] logits built in 0.8s
    [variant cumavg_2] TAM in 80.9s
    [variant cumavg_3] logits built in 1.6s
    [variant cumavg_3] TAM in 81.1s
    [variant cumavg_4] logits built in 2.5s
    [variant cumavg_4] TAM in 81.1s
    [variant cumavg_5] logits built in 3.3s
    [variant cumavg_5] TAM in 80.8s
    [variant cumavg_6] logits built in 4.1s
    [variant cumavg_6] TAM in 80.3s
    [variant cumavg_7] logits built in 5.0s
    [variant cumavg_7] TAM in 79.7s
    [variant cumavg_8] logits built in 5.8s
    [variant cumavg_8] TAM in 79.3s
    [variant cumavg_9] logits built in 6.6s
    [variant cumavg_9] TAM in 78.7s
    [variant cumavg_10] logits built in 7.5s
    [variant cumavg_10] TAM in 78.6s

[101/236] india
  Running india_exp4 | "a woman in a red sari in the middle"
    [layer_tam] vision_shape=(11, 15, 27), n_gen_tokens=513, apply_norm=False
    [variant layer_-1] logits built in 0.0s
    [variant layer_-1] TAM in 87.4s
    [variant layer_-2] logits built in 0.0s
    [variant layer_-2] TAM in 87.5s
    [variant layer_-3] logits built in 0.0s
    [variant layer_-3] TAM in 71.4s
    [variant layer_-4] logits built in 0.0s
    [variant layer_-4] TAM in 66.0s
    [variant layer_-5] logits built in 0.0s
    [variant layer_-5] TAM in 72.5s
    [variant layer_-6] logits built in 0.0s
    [variant layer_-6] TAM in 71.6s
    [variant layer_-7] logits built in 0.0s
    [variant layer_-7] TAM in 72.7s
    [variant layer_-8] logits built in 0.0s
    [variant layer_-8] TAM in 74.8s
    [variant layer_-9] logits built in 0.0s
    [variant layer_-9] TAM in 75.2s
    [variant layer_-10] logits built in 0.0s
    [variant layer_-10] TAM in 82.5s
    [variant cumavg_1] logits built in 0.0s
    [variant cumavg_1] TAM in 87.2s
    [variant cumavg_2] logits built in 0.9s
    [variant cumavg_2] TAM in 87.7s
    [variant cumavg_3] logits built in 1.9s
    [variant cumavg_3] TAM in 87.9s
    [variant cumavg_4] logits built in 2.8s
    [variant cumavg_4] TAM in 88.2s
    [variant cumavg_5] logits built in 3.7s
    [variant cumavg_5] TAM in 87.9s
    [variant cumavg_6] logits built in 4.6s
    [variant cumavg_6] TAM in 87.2s
    [variant cumavg_7] logits built in 5.5s
    [variant cumavg_7] TAM in 86.7s
    [variant cumavg_8] logits built in 6.4s
    [variant cumavg_8] TAM in 86.2s
    [variant cumavg_9] logits built in 7.3s
    [variant cumavg_9] TAM in 85.8s
    [variant cumavg_10] logits built in 8.2s
    [variant cumavg_10] TAM in 85.7s

[102/236] india
  Running india_exp5 | "a woman in the middle wearing a red dress"
    [layer_tam] vision_shape=(11, 15, 27), n_gen_tokens=503, apply_norm=False
    [variant layer_-1] logits built in 0.0s
    [variant layer_-1] TAM in 87.5s
    [variant layer_-2] logits built in 0.0s
    [variant layer_-2] TAM in 87.8s
    [variant layer_-3] logits built in 0.0s
    [variant layer_-3] TAM in 72.0s
    [variant layer_-4] logits built in 0.0s
    [variant layer_-4] TAM in 66.7s
    [variant layer_-5] logits built in 0.0s
    [variant layer_-5] TAM in 72.8s
    [variant layer_-6] logits built in 0.0s
    [variant layer_-6] TAM in 72.2s
    [variant layer_-7] logits built in 0.0s
    [variant layer_-7] TAM in 73.2s
    [variant layer_-8] logits built in 0.0s
    [variant layer_-8] TAM in 74.9s
    [variant layer_-9] logits built in 0.0s
    [variant layer_-9] TAM in 75.5s
    [variant layer_-10] logits built in 0.0s
    [variant layer_-10] TAM in 82.4s
    [variant cumavg_1] logits built in 0.0s
    [variant cumavg_1] TAM in 87.1s
    [variant cumavg_2] logits built in 0.9s
    [variant cumavg_2] TAM in 87.6s
    [variant cumavg_3] logits built in 1.8s
    [variant cumavg_3] TAM in 87.9s
    [variant cumavg_4] logits built in 2.7s
    [variant cumavg_4] TAM in 87.9s
    [variant cumavg_5] logits built in 3.6s
    [variant cumavg_5] TAM in 87.5s
    [variant cumavg_6] logits built in 4.5s
    [variant cumavg_6] TAM in 87.0s
    [variant cumavg_7] logits built in 5.4s
    [variant cumavg_7] TAM in 86.5s
    [variant cumavg_8] logits built in 6.3s
    [variant cumavg_8] TAM in 85.9s
    [variant cumavg_9] logits built in 7.2s
    [variant cumavg_9] TAM in 85.5s
    [variant cumavg_10] logits built in 8.1s
    [variant cumavg_10] TAM in 85.2s

[103/236] india
  Running india_exp6 | "a woman in a red sari"
    [layer_tam] vision_shape=(11, 15, 27), n_gen_tokens=483, apply_norm=False
    [variant layer_-1] logits built in 0.0s
    [variant layer_-1] TAM in 82.5s
    [variant layer_-2] logits built in 0.0s
    [variant layer_-2] TAM in 82.4s
    [variant layer_-3] logits built in 0.0s
    [variant layer_-3] TAM in 67.4s
    [variant layer_-4] logits built in 0.0s
    [variant layer_-4] TAM in 62.5s
    [variant layer_-5] logits built in 0.0s
    [variant layer_-5] TAM in 68.4s
    [variant layer_-6] logits built in 0.0s
    [variant layer_-6] TAM in 67.6s
    [variant layer_-7] logits built in 0.0s
    [variant layer_-7] TAM in 68.8s
    [variant layer_-8] logits built in 0.0s
    [variant layer_-8] TAM in 70.5s
    [variant layer_-9] logits built in 0.0s
    [variant layer_-9] TAM in 71.3s
    [variant layer_-10] logits built in 0.0s
    [variant layer_-10] TAM in 77.9s
    [variant cumavg_1] logits built in 0.0s
    [variant cumavg_1] TAM in 82.1s
    [variant cumavg_2] logits built in 0.8s
    [variant cumavg_2] TAM in 82.6s
    [variant cumavg_3] logits built in 1.7s
    [variant cumavg_3] TAM in 82.9s
    [variant cumavg_4] logits built in 2.6s
    [variant cumavg_4] TAM in 83.1s
    [variant cumavg_5] logits built in 3.4s
    [variant cumavg_5] TAM in 82.8s
    [variant cumavg_6] logits built in 4.3s
    [variant cumavg_6] TAM in 82.2s
    [variant cumavg_7] logits built in 5.1s
    [variant cumavg_7] TAM in 81.7s
    [variant cumavg_8] logits built in 6.0s
    [variant cumavg_8] TAM in 81.2s
    [variant cumavg_9] logits built in 6.9s
    [variant cumavg_9] TAM in 80.7s
    [variant cumavg_10] logits built in 7.7s
    [variant cumavg_10] TAM in 80.5s

[104/236] india
  Running india_exp7 | "a woman in a red dress in the middle"
    [layer_tam] vision_shape=(11, 15, 27), n_gen_tokens=503, apply_norm=False
    [variant layer_-1] logits built in 0.0s
    [variant layer_-1] TAM in 87.4s
    [variant layer_-2] logits built in 0.0s
    [variant layer_-2] TAM in 87.8s
    [variant layer_-3] logits built in 0.0s
    [variant layer_-3] TAM in 71.8s
    [variant layer_-4] logits built in 0.0s
    [variant layer_-4] TAM in 66.2s
    [variant layer_-5] logits built in 0.0s
    [variant layer_-5] TAM in 72.5s
    [variant layer_-6] logits built in 0.0s
    [variant layer_-6] TAM in 71.8s
    [variant layer_-7] logits built in 0.0s
    [variant layer_-7] TAM in 72.8s
    [variant layer_-8] logits built in 0.0s
    [variant layer_-8] TAM in 75.0s
    [variant layer_-9] logits built in 0.0s
    [variant layer_-9] TAM in 75.2s
    [variant layer_-10] logits built in 0.0s
    [variant layer_-10] TAM in 82.1s
    [variant cumavg_1] logits built in 0.0s
    [variant cumavg_1] TAM in 87.3s
    [variant cumavg_2] logits built in 0.9s
    [variant cumavg_2] TAM in 87.7s
    [variant cumavg_3] logits built in 1.8s
    [variant cumavg_3] TAM in 88.1s
    [variant cumavg_4] logits built in 2.7s
    [variant cumavg_4] TAM in 88.0s
    [variant cumavg_5] logits built in 3.6s
    [variant cumavg_5] TAM in 87.5s
    [variant cumavg_6] logits built in 4.5s
    [variant cumavg_6] TAM in 86.9s
    [variant cumavg_7] logits built in 5.4s
    [variant cumavg_7] TAM in 86.4s
    [variant cumavg_8] logits built in 6.3s
    [variant cumavg_8] TAM in 85.9s
    [variant cumavg_9] logits built in 7.2s
    [variant cumavg_9] TAM in 85.3s
    [variant cumavg_10] logits built in 8.1s
    [variant cumavg_10] TAM in 85.1s

[105/236] india
  Running india_exp8 | "a lady in a black salwar on the right"
    [layer_tam] vision_shape=(11, 15, 27), n_gen_tokens=513, apply_norm=False
    [variant layer_-1] logits built in 0.0s
    [variant layer_-1] TAM in 89.2s
    [variant layer_-2] logits built in 0.0s
    [variant layer_-2] TAM in 89.6s
    [variant layer_-3] logits built in 0.0s
    [variant layer_-3] TAM in 74.2s
    [variant layer_-4] logits built in 0.0s
    [variant layer_-4] TAM in 68.6s
    [variant layer_-5] logits built in 0.0s
    [variant layer_-5] TAM in 74.9s
    [variant layer_-6] logits built in 0.0s
    [variant layer_-6] TAM in 74.3s
    [variant layer_-7] logits built in 0.0s
    [variant layer_-7] TAM in 75.1s
    [variant layer_-8] logits built in 0.0s
    [variant layer_-8] TAM in 77.3s
    [variant layer_-9] logits built in 0.0s
    [variant layer_-9] TAM in 77.5s
    [variant layer_-10] logits built in 0.0s
    [variant layer_-10] TAM in 84.6s
    [variant cumavg_1] logits built in 0.0s
    [variant cumavg_1] TAM in 89.0s
    [variant cumavg_2] logits built in 0.9s
    [variant cumavg_2] TAM in 89.5s
    [variant cumavg_3] logits built in 1.9s
    [variant cumavg_3] TAM in 89.9s
    [variant cumavg_4] logits built in 2.8s
    [variant cumavg_4] TAM in 89.6s
    [variant cumavg_5] logits built in 3.7s
    [variant cumavg_5] TAM in 89.3s
    [variant cumavg_6] logits built in 4.6s
    [variant cumavg_6] TAM in 88.8s
    [variant cumavg_7] logits built in 5.5s
    [variant cumavg_7] TAM in 88.4s
    [variant cumavg_8] logits built in 6.4s
    [variant cumavg_8] TAM in 88.0s
    [variant cumavg_9] logits built in 7.3s
    [variant cumavg_9] TAM in 87.5s
    [variant cumavg_10] logits built in 8.2s
    [variant cumavg_10] TAM in 87.3s

[106/236] india
  Running india_exp9 | "a woman on right wearing a black dress"
    [layer_tam] vision_shape=(11, 15, 27), n_gen_tokens=493, apply_norm=False
    [variant layer_-1] logits built in 0.0s
    [variant layer_-1] TAM in 84.3s
    [variant layer_-2] logits built in 0.0s
    [variant layer_-2] TAM in 84.4s
    [variant layer_-3] logits built in 0.0s
    [variant layer_-3] TAM in 69.4s
    [variant layer_-4] logits built in 0.0s
    [variant layer_-4] TAM in 64.3s
    [variant layer_-5] logits built in 0.0s
    [variant layer_-5] TAM in 70.3s
    [variant layer_-6] logits built in 0.0s
    [variant layer_-6] TAM in 69.5s
    [variant layer_-7] logits built in 0.0s
    [variant layer_-7] TAM in 70.5s
    [variant layer_-8] logits built in 0.0s
    [variant layer_-8] TAM in 72.6s
    [variant layer_-9] logits built in 0.0s
    [variant layer_-9] TAM in 72.8s
    [variant layer_-10] logits built in 0.0s
    [variant layer_-10] TAM in 79.4s
    [variant cumavg_1] logits built in 0.0s
    [variant cumavg_1] TAM in 83.9s
    [variant cumavg_2] logits built in 0.9s
    [variant cumavg_2] TAM in 84.5s
    [variant cumavg_3] logits built in 1.8s
    [variant cumavg_3] TAM in 84.7s
    [variant cumavg_4] logits built in 2.6s
    [variant cumavg_4] TAM in 84.6s
    [variant cumavg_5] logits built in 3.5s
    [variant cumavg_5] TAM in 84.4s
    [variant cumavg_6] logits built in 4.4s
    [variant cumavg_6] TAM in 83.9s
    [variant cumavg_7] logits built in 5.3s
    [variant cumavg_7] TAM in 83.4s
    [variant cumavg_8] logits built in 6.1s
    [variant cumavg_8] TAM in 83.3s
    [variant cumavg_9] logits built in 7.0s
    [variant cumavg_9] TAM in 83.1s
    [variant cumavg_10] logits built in 7.9s
    [variant cumavg_10] TAM in 82.7s

[107/236] india
  Running india_exp10 | "a woman in black on the right"
    [layer_tam] vision_shape=(11, 15, 27), n_gen_tokens=483, apply_norm=False
    [variant layer_-1] logits built in 0.0s
    [variant layer_-1] TAM in 84.9s
    [variant layer_-2] logits built in 0.0s
    [variant layer_-2] TAM in 84.8s
    [variant layer_-3] logits built in 0.0s
    [variant layer_-3] TAM in 69.6s
    [variant layer_-4] logits built in 0.0s
    [variant layer_-4] TAM in 64.2s
    [variant layer_-5] logits built in 0.0s
    [variant layer_-5] TAM in 70.5s
    [variant layer_-6] logits built in 0.0s
    [variant layer_-6] TAM in 70.2s
    [variant layer_-7] logits built in 0.0s
    [variant layer_-7] TAM in 70.5s
    [variant layer_-8] logits built in 0.0s
    [variant layer_-8] TAM in 72.6s
    [variant layer_-9] logits built in 0.0s
    [variant layer_-9] TAM in 72.9s
    [variant layer_-10] logits built in 0.0s
    [variant layer_-10] TAM in 79.7s
    [variant cumavg_1] logits built in 0.0s
    [variant cumavg_1] TAM in 84.1s
    [variant cumavg_2] logits built in 0.8s
    [variant cumavg_2] TAM in 84.8s
    [variant cumavg_3] logits built in 1.7s
    [variant cumavg_3] TAM in 85.0s
    [variant cumavg_4] logits built in 2.6s
    [variant cumavg_4] TAM in 85.1s
    [variant cumavg_5] logits built in 3.4s
    [variant cumavg_5] TAM in 84.9s
    [variant cumavg_6] logits built in 4.3s
    [variant cumavg_6] TAM in 84.5s
    [variant cumavg_7] logits built in 5.1s
    [variant cumavg_7] TAM in 84.0s
    [variant cumavg_8] logits built in 6.0s
    [variant cumavg_8] TAM in 83.7s
    [variant cumavg_9] logits built in 6.9s
    [variant cumavg_9] TAM in 83.0s
    [variant cumavg_10] logits built in 7.7s
    [variant cumavg_10] TAM in 83.0s

[108/236] india
  Running india_exp11 | "a woman on the right wearing a pink and black dress carrying"
    [layer_tam] vision_shape=(11, 15, 27), n_gen_tokens=563, apply_norm=False
    [variant layer_-1] logits built in 0.1s
    [variant layer_-1] TAM in 98.0s
    [variant layer_-2] logits built in 0.1s
    [variant layer_-2] TAM in 98.9s
    [variant layer_-3] logits built in 0.1s
    [variant layer_-3] TAM in 83.3s
    [variant layer_-4] logits built in 0.1s
    [variant layer_-4] TAM in 77.5s
    [variant layer_-5] logits built in 0.1s
    [variant layer_-5] TAM in 83.7s
    [variant layer_-6] logits built in 0.1s
    [variant layer_-6] TAM in 83.2s
    [variant layer_-7] logits built in 0.1s
    [variant layer_-7] TAM in 84.2s
    [variant layer_-8] logits built in 0.1s
    [variant layer_-8] TAM in 86.4s
    [variant layer_-9] logits built in 0.1s
    [variant layer_-9] TAM in 86.2s
    [variant layer_-10] logits built in 0.1s
    [variant layer_-10] TAM in 93.4s
    [variant cumavg_1] logits built in 0.1s
    [variant cumavg_1] TAM in 97.7s
    [variant cumavg_2] logits built in 1.1s
    [variant cumavg_2] TAM in 98.6s
    [variant cumavg_3] logits built in 2.1s
    [variant cumavg_3] TAM in 98.8s
    [variant cumavg_4] logits built in 3.1s
    [variant cumavg_4] TAM in 98.8s
    [variant cumavg_5] logits built in 5.7s
    [variant cumavg_5] TAM in 98.2s
    [variant cumavg_6] logits built in 5.1s
    [variant cumavg_6] TAM in 97.9s
    [variant cumavg_7] logits built in 6.1s
    [variant cumavg_7] TAM in 97.6s
    [variant cumavg_8] logits built in 7.1s
    [variant cumavg_8] TAM in 97.0s
    [variant cumavg_9] logits built in 8.1s
    [variant cumavg_9] TAM in 96.7s
    [variant cumavg_10] logits built in 9.1s
    [variant cumavg_10] TAM in 96.6s

[109/236] judo
  Running judo_exp0 | "a man with a blue belt on the right"
    [layer_tam] vision_shape=(5, 15, 27), n_gen_tokens=204, apply_norm=False
    [variant layer_-1] logits built in 0.0s
    [variant layer_-1] TAM in 18.8s
    [variant layer_-2] logits built in 0.0s
    [variant layer_-2] TAM in 18.7s
    [variant layer_-3] logits built in 0.0s
    [variant layer_-3] TAM in 14.9s
    [variant layer_-4] logits built in 0.0s
    [variant layer_-4] TAM in 14.3s
    [variant layer_-5] logits built in 0.0s
    [variant layer_-5] TAM in 15.8s
    [variant layer_-6] logits built in 0.0s
    [variant layer_-6] TAM in 16.1s
    [variant layer_-7] logits built in 0.0s
    [variant layer_-7] TAM in 15.9s
    [variant layer_-8] logits built in 0.0s
    [variant layer_-8] TAM in 16.1s
    [variant layer_-9] logits built in 0.0s
    [variant layer_-9] TAM in 15.9s
    [variant layer_-10] logits built in 0.0s
    [variant layer_-10] TAM in 17.5s
    [variant cumavg_1] logits built in 0.0s
    [variant cumavg_1] TAM in 18.9s
    [variant cumavg_2] logits built in 0.0s
    [variant cumavg_2] TAM in 19.2s
    [variant cumavg_3] logits built in 0.2s
    [variant cumavg_3] TAM in 19.5s
    [variant cumavg_4] logits built in 0.6s
    [variant cumavg_4] TAM in 19.5s
    [variant cumavg_5] logits built in 0.9s
    [variant cumavg_5] TAM in 19.3s
    [variant cumavg_6] logits built in 1.3s
    [variant cumavg_6] TAM in 19.2s
    [variant cumavg_7] logits built in 1.7s
    [variant cumavg_7] TAM in 19.1s
    [variant cumavg_8] logits built in 2.0s
    [variant cumavg_8] TAM in 19.0s
    [variant cumavg_9] logits built in 2.4s
    [variant cumavg_9] TAM in 18.9s
    [variant cumavg_10] logits built in 2.8s
    [variant cumavg_10] TAM in 18.9s

[110/236] judo
  Running judo_exp1 | "a man with a blue belt on the right"
    [layer_tam] vision_shape=(5, 15, 27), n_gen_tokens=204, apply_norm=False
    [variant layer_-1] logits built in 0.0s
    [variant layer_-1] TAM in 18.8s
    [variant layer_-2] logits built in 0.0s
    [variant layer_-2] TAM in 18.7s
    [variant layer_-3] logits built in 0.0s
    [variant layer_-3] TAM in 14.9s
    [variant layer_-4] logits built in 0.0s
    [variant layer_-4] TAM in 14.2s
    [variant layer_-5] logits built in 0.0s
    [variant layer_-5] TAM in 15.7s
    [variant layer_-6] logits built in 0.0s
    [variant layer_-6] TAM in 16.0s
    [variant layer_-7] logits built in 0.0s
    [variant layer_-7] TAM in 16.0s
    [variant layer_-8] logits built in 0.0s
    [variant layer_-8] TAM in 16.3s
    [variant layer_-9] logits built in 0.0s
    [variant layer_-9] TAM in 15.9s
    [variant layer_-10] logits built in 0.0s
    [variant layer_-10] TAM in 17.5s
    [variant cumavg_1] logits built in 0.0s
    [variant cumavg_1] TAM in 18.8s
    [variant cumavg_2] logits built in 0.0s
    [variant cumavg_2] TAM in 19.3s
    [variant cumavg_3] logits built in 0.2s
    [variant cumavg_3] TAM in 19.4s
    [variant cumavg_4] logits built in 0.6s
    [variant cumavg_4] TAM in 19.4s
    [variant cumavg_5] logits built in 0.9s
    [variant cumavg_5] TAM in 19.3s
    [variant cumavg_6] logits built in 1.3s
    [variant cumavg_6] TAM in 19.1s
    [variant cumavg_7] logits built in 1.7s
    [variant cumavg_7] TAM in 19.1s
    [variant cumavg_8] logits built in 2.0s
    [variant cumavg_8] TAM in 19.0s
    [variant cumavg_9] logits built in 2.4s
    [variant cumavg_9] TAM in 18.8s
    [variant cumavg_10] logits built in 2.8s
    [variant cumavg_10] TAM in 18.7s

[111/236] judo
  Running judo_exp2 | "a man fighting on the right"
    [layer_tam] vision_shape=(5, 15, 27), n_gen_tokens=192, apply_norm=False
    [variant layer_-1] logits built in 0.0s
    [variant layer_-1] TAM in 17.8s
    [variant layer_-2] logits built in 0.0s
    [variant layer_-2] TAM in 17.6s
    [variant layer_-3] logits built in 0.0s
    [variant layer_-3] TAM in 14.0s
    [variant layer_-4] logits built in 0.0s
    [variant layer_-4] TAM in 13.3s
    [variant layer_-5] logits built in 0.0s
    [variant layer_-5] TAM in 14.8s
    [variant layer_-6] logits built in 0.0s
    [variant layer_-6] TAM in 15.1s
    [variant layer_-7] logits built in 0.0s
    [variant layer_-7] TAM in 14.9s
    [variant layer_-8] logits built in 0.0s
    [variant layer_-8] TAM in 15.2s
    [variant layer_-9] logits built in 0.0s
    [variant layer_-9] TAM in 14.9s
    [variant layer_-10] logits built in 0.0s
    [variant layer_-10] TAM in 16.5s
    [variant cumavg_1] logits built in 0.0s
    [variant cumavg_1] TAM in 17.7s
    [variant cumavg_2] logits built in 0.0s
    [variant cumavg_2] TAM in 18.2s
    [variant cumavg_3] logits built in 0.1s
    [variant cumavg_3] TAM in 18.3s
    [variant cumavg_4] logits built in 0.5s
    [variant cumavg_4] TAM in 18.4s
    [variant cumavg_5] logits built in 0.8s
    [variant cumavg_5] TAM in 18.3s
    [variant cumavg_6] logits built in 1.2s
    [variant cumavg_6] TAM in 18.2s
    [variant cumavg_7] logits built in 1.5s
    [variant cumavg_7] TAM in 18.1s
    [variant cumavg_8] logits built in 1.9s
    [variant cumavg_8] TAM in 18.0s
    [variant cumavg_9] logits built in 2.2s
    [variant cumavg_9] TAM in 17.8s
    [variant cumavg_10] logits built in 2.5s
    [variant cumavg_10] TAM in 17.8s

[112/236] judo
  Running judo_exp3 | "a man in the middle wearing a blue belt teaching judo"
    [layer_tam] vision_shape=(5, 15, 27), n_gen_tokens=216, apply_norm=False
    [variant layer_-1] logits built in 0.0s
    [variant layer_-1] TAM in 19.8s
    [variant layer_-2] logits built in 0.0s
    [variant layer_-2] TAM in 19.7s
    [variant layer_-3] logits built in 0.0s
    [variant layer_-3] TAM in 15.9s
    [variant layer_-4] logits built in 0.0s
    [variant layer_-4] TAM in 15.3s
    [variant layer_-5] logits built in 0.0s
    [variant layer_-5] TAM in 16.7s
    [variant layer_-6] logits built in 0.0s
    [variant layer_-6] TAM in 16.9s
    [variant layer_-7] logits built in 0.0s
    [variant layer_-7] TAM in 16.7s
    [variant layer_-8] logits built in 0.0s
    [variant layer_-8] TAM in 16.8s
    [variant layer_-9] logits built in 0.0s
    [variant layer_-9] TAM in 16.8s
    [variant layer_-10] logits built in 0.0s
    [variant layer_-10] TAM in 18.4s
    [variant cumavg_1] logits built in 0.0s
    [variant cumavg_1] TAM in 19.7s
    [variant cumavg_2] logits built in 0.0s
    [variant cumavg_2] TAM in 20.2s
    [variant cumavg_3] logits built in 0.3s
    [variant cumavg_3] TAM in 20.4s
    [variant cumavg_4] logits built in 0.7s
    [variant cumavg_4] TAM in 20.3s
    [variant cumavg_5] logits built in 1.0s
    [variant cumavg_5] TAM in 20.2s
    [variant cumavg_6] logits built in 1.4s
    [variant cumavg_6] TAM in 20.1s
    [variant cumavg_7] logits built in 1.8s
    [variant cumavg_7] TAM in 20.1s
    [variant cumavg_8] logits built in 2.2s
    [variant cumavg_8] TAM in 19.9s
    [variant cumavg_9] logits built in 2.6s
    [variant cumavg_9] TAM in 19.7s
    [variant cumavg_10] logits built in 3.0s
    [variant cumavg_10] TAM in 19.6s

[113/236] judo
  Running judo_exp4 | "a bald man with a black belt in the center"
    [layer_tam] vision_shape=(5, 15, 27), n_gen_tokens=209, apply_norm=False
    [variant layer_-1] logits built in 0.0s
    [variant layer_-1] TAM in 19.2s
    [variant layer_-2] logits built in 0.0s
    [variant layer_-2] TAM in 19.1s
    [variant layer_-3] logits built in 0.0s
    [variant layer_-3] TAM in 15.3s
    [variant layer_-4] logits built in 0.0s
    [variant layer_-4] TAM in 14.6s
    [variant layer_-5] logits built in 0.0s
    [variant layer_-5] TAM in 16.1s
    [variant layer_-6] logits built in 0.0s
    [variant layer_-6] TAM in 16.4s
    [variant layer_-7] logits built in 0.0s
    [variant layer_-7] TAM in 16.3s
    [variant layer_-8] logits built in 0.0s
    [variant layer_-8] TAM in 16.6s
    [variant layer_-9] logits built in 0.0s
    [variant layer_-9] TAM in 16.3s
    [variant layer_-10] logits built in 0.0s
    [variant layer_-10] TAM in 18.0s
    [variant cumavg_1] logits built in 0.0s
    [variant cumavg_1] TAM in 19.1s
    [variant cumavg_2] logits built in 0.0s
    [variant cumavg_2] TAM in 19.6s
    [variant cumavg_3] logits built in 0.2s
    [variant cumavg_3] TAM in 19.8s
    [variant cumavg_4] logits built in 0.6s
    [variant cumavg_4] TAM in 19.9s
    [variant cumavg_5] logits built in 1.0s
    [variant cumavg_5] TAM in 19.8s
    [variant cumavg_6] logits built in 1.4s
    [variant cumavg_6] TAM in 19.6s
    [variant cumavg_7] logits built in 1.7s
    [variant cumavg_7] TAM in 19.6s
    [variant cumavg_8] logits built in 2.1s
    [variant cumavg_8] TAM in 19.4s
    [variant cumavg_9] logits built in 2.5s
    [variant cumavg_9] TAM in 19.3s
    [variant cumavg_10] logits built in 2.8s
    [variant cumavg_10] TAM in 19.2s

[114/236] judo
  Running judo_exp5 | "a bald man with a black belt in the center of the mat"
    [layer_tam] vision_shape=(5, 15, 27), n_gen_tokens=221, apply_norm=False
    [variant layer_-1] logits built in 0.1s
    [variant layer_-1] TAM in 20.1s
    [variant layer_-2] logits built in 0.0s
    [variant layer_-2] TAM in 20.2s
    [variant layer_-3] logits built in 0.0s
    [variant layer_-3] TAM in 16.3s
    [variant layer_-4] logits built in 0.0s
    [variant layer_-4] TAM in 15.3s
    [variant layer_-5] logits built in 0.0s
    [variant layer_-5] TAM in 17.0s
    [variant layer_-6] logits built in 0.0s
    [variant layer_-6] TAM in 17.2s
    [variant layer_-7] logits built in 0.0s
    [variant layer_-7] TAM in 17.1s
    [variant layer_-8] logits built in 0.0s
    [variant layer_-8] TAM in 17.4s
    [variant layer_-9] logits built in 0.0s
    [variant layer_-9] TAM in 17.1s
    [variant layer_-10] logits built in 0.0s
    [variant layer_-10] TAM in 18.8s
    [variant cumavg_1] logits built in 0.0s
    [variant cumavg_1] TAM in 20.2s
    [variant cumavg_2] logits built in 0.0s
    [variant cumavg_2] TAM in 20.6s
    [variant cumavg_3] logits built in 0.3s
    [variant cumavg_3] TAM in 20.8s
    [variant cumavg_4] logits built in 0.7s
    [variant cumavg_4] TAM in 20.8s
    [variant cumavg_5] logits built in 1.1s
    [variant cumavg_5] TAM in 20.7s
    [variant cumavg_6] logits built in 1.5s
    [variant cumavg_6] TAM in 20.6s
    [variant cumavg_7] logits built in 1.9s
    [variant cumavg_7] TAM in 20.5s
    [variant cumavg_8] logits built in 2.3s
    [variant cumavg_8] TAM in 20.4s
    [variant cumavg_9] logits built in 2.7s
    [variant cumavg_9] TAM in 20.2s
    [variant cumavg_10] logits built in 3.0s
    [variant cumavg_10] TAM in 20.1s

[115/236] judo
  Running judo_exp6 | "a man fighting on the left"
    [layer_tam] vision_shape=(5, 15, 27), n_gen_tokens=192, apply_norm=False
    [variant layer_-1] logits built in 0.0s
    [variant layer_-1] TAM in 17.7s
    [variant layer_-2] logits built in 0.0s
    [variant layer_-2] TAM in 17.6s
    [variant layer_-3] logits built in 0.0s
    [variant layer_-3] TAM in 13.9s
    [variant layer_-4] logits built in 0.0s
    [variant layer_-4] TAM in 13.3s
    [variant layer_-5] logits built in 0.0s
    [variant layer_-5] TAM in 14.6s
    [variant layer_-6] logits built in 0.0s
    [variant layer_-6] TAM in 14.9s
    [variant layer_-7] logits built in 0.0s
    [variant layer_-7] TAM in 14.9s
    [variant layer_-8] logits built in 0.0s
    [variant layer_-8] TAM in 15.1s
    [variant layer_-9] logits built in 0.0s
    [variant layer_-9] TAM in 14.9s
    [variant layer_-10] logits built in 0.0s
    [variant layer_-10] TAM in 16.5s
    [variant cumavg_1] logits built in 0.0s
    [variant cumavg_1] TAM in 17.7s
    [variant cumavg_2] logits built in 0.0s
    [variant cumavg_2] TAM in 18.1s
    [variant cumavg_3] logits built in 0.1s
    [variant cumavg_3] TAM in 18.3s
    [variant cumavg_4] logits built in 0.5s
    [variant cumavg_4] TAM in 18.4s
    [variant cumavg_5] logits built in 0.8s
    [variant cumavg_5] TAM in 18.3s
    [variant cumavg_6] logits built in 1.2s
    [variant cumavg_6] TAM in 18.1s
    [variant cumavg_7] logits built in 1.5s
    [variant cumavg_7] TAM in 18.0s
    [variant cumavg_8] logits built in 1.9s
    [variant cumavg_8] TAM in 17.9s
    [variant cumavg_9] logits built in 2.2s
    [variant cumavg_9] TAM in 17.8s
    [variant cumavg_10] logits built in 2.5s
    [variant cumavg_10] TAM in 17.7s

[116/236] judo
  Running judo_exp7 | "a bald man in the middle wearing a black belt falling down"
    [layer_tam] vision_shape=(5, 15, 27), n_gen_tokens=216, apply_norm=False
    [variant layer_-1] logits built in 0.0s
    [variant layer_-1] TAM in 19.6s
    [variant layer_-2] logits built in 0.0s
    [variant layer_-2] TAM in 19.7s
    [variant layer_-3] logits built in 0.0s
    [variant layer_-3] TAM in 15.8s
    [variant layer_-4] logits built in 0.0s
    [variant layer_-4] TAM in 15.3s
    [variant layer_-5] logits built in 0.0s
    [variant layer_-5] TAM in 16.6s
    [variant layer_-6] logits built in 0.0s
    [variant layer_-6] TAM in 17.0s
    [variant layer_-7] logits built in 0.0s
    [variant layer_-7] TAM in 16.8s
    [variant layer_-8] logits built in 0.0s
    [variant layer_-8] TAM in 17.1s
    [variant layer_-9] logits built in 0.0s
    [variant layer_-9] TAM in 16.8s
    [variant layer_-10] logits built in 0.0s
    [variant layer_-10] TAM in 18.5s
    [variant cumavg_1] logits built in 0.0s
    [variant cumavg_1] TAM in 19.7s
    [variant cumavg_2] logits built in 0.0s
    [variant cumavg_2] TAM in 20.2s
    [variant cumavg_3] logits built in 0.3s
    [variant cumavg_3] TAM in 20.3s
    [variant cumavg_4] logits built in 0.7s
    [variant cumavg_4] TAM in 20.4s
    [variant cumavg_5] logits built in 1.0s
    [variant cumavg_5] TAM in 20.2s
    [variant cumavg_6] logits built in 1.4s
    [variant cumavg_6] TAM in 20.2s
    [variant cumavg_7] logits built in 1.8s
    [variant cumavg_7] TAM in 19.9s
    [variant cumavg_8] logits built in 2.2s
    [variant cumavg_8] TAM in 19.9s
    [variant cumavg_9] logits built in 2.6s
    [variant cumavg_9] TAM in 19.8s
    [variant cumavg_10] logits built in 3.0s
    [variant cumavg_10] TAM in 19.7s

[117/236] kite-surf
  Running kite-surf_exp0 | "a power kite with blue handles"
    [layer_tam] vision_shape=(7, 15, 27), n_gen_tokens=287, apply_norm=False
    [variant layer_-1] logits built in 0.0s
    [variant layer_-1] TAM in 33.9s
    [variant layer_-2] logits built in 0.0s
    [variant layer_-2] TAM in 33.8s
    [variant layer_-3] logits built in 0.0s
    [variant layer_-3] TAM in 26.0s
    [variant layer_-4] logits built in 0.0s
    [variant layer_-4] TAM in 23.7s
    [variant layer_-5] logits built in 0.0s
    [variant layer_-5] TAM in 26.4s
    [variant layer_-6] logits built in 0.0s
    [variant layer_-6] TAM in 26.3s
    [variant layer_-7] logits built in 0.0s
    [variant layer_-7] TAM in 26.7s
    [variant layer_-8] logits built in 0.0s
    [variant layer_-8] TAM in 27.6s
    [variant layer_-9] logits built in 0.0s
    [variant layer_-9] TAM in 28.2s
    [variant layer_-10] logits built in 0.0s
    [variant layer_-10] TAM in 31.1s
    [variant cumavg_1] logits built in 0.0s
    [variant cumavg_1] TAM in 33.6s
    [variant cumavg_2] logits built in 0.1s
    [variant cumavg_2] TAM in 34.3s
    [variant cumavg_3] logits built in 0.7s
    [variant cumavg_3] TAM in 34.5s
    [variant cumavg_4] logits built in 1.2s
    [variant cumavg_4] TAM in 34.4s
    [variant cumavg_5] logits built in 1.7s
    [variant cumavg_5] TAM in 34.5s
    [variant cumavg_6] logits built in 2.2s
    [variant cumavg_6] TAM in 34.3s
    [variant cumavg_7] logits built in 2.7s
    [variant cumavg_7] TAM in 33.9s
    [variant cumavg_8] logits built in 3.2s
    [variant cumavg_8] TAM in 33.8s
    [variant cumavg_9] logits built in 3.7s
    [variant cumavg_9] TAM in 33.6s
    [variant cumavg_10] logits built in 4.2s
    [variant cumavg_10] TAM in 33.3s

[118/236] kite-surf
  Running kite-surf_exp1 | "a power kite with blue handles"
    [layer_tam] vision_shape=(7, 15, 27), n_gen_tokens=287, apply_norm=False
    [variant layer_-1] logits built in 0.0s
    [variant layer_-1] TAM in 33.7s
    [variant layer_-2] logits built in 0.0s
    [variant layer_-2] TAM in 33.7s
    [variant layer_-3] logits built in 0.0s
    [variant layer_-3] TAM in 26.0s
    [variant layer_-4] logits built in 0.0s
    [variant layer_-4] TAM in 24.0s
    [variant layer_-5] logits built in 0.0s
    [variant layer_-5] TAM in 26.6s
    [variant layer_-6] logits built in 0.0s
    [variant layer_-6] TAM in 26.4s
    [variant layer_-7] logits built in 0.0s
    [variant layer_-7] TAM in 26.9s
    [variant layer_-8] logits built in 0.0s
    [variant layer_-8] TAM in 27.7s
    [variant layer_-9] logits built in 0.0s
    [variant layer_-9] TAM in 28.4s
    [variant layer_-10] logits built in 0.0s
    [variant layer_-10] TAM in 31.2s
    [variant cumavg_1] logits built in 0.0s
    [variant cumavg_1] TAM in 33.7s
    [variant cumavg_2] logits built in 0.1s
    [variant cumavg_2] TAM in 34.4s
    [variant cumavg_3] logits built in 0.7s
    [variant cumavg_3] TAM in 34.6s
    [variant cumavg_4] logits built in 1.2s
    [variant cumavg_4] TAM in 34.6s
    [variant cumavg_5] logits built in 1.7s
    [variant cumavg_5] TAM in 34.5s
    [variant cumavg_6] logits built in 2.2s
    [variant cumavg_6] TAM in 34.4s
    [variant cumavg_7] logits built in 2.7s
    [variant cumavg_7] TAM in 34.1s
    [variant cumavg_8] logits built in 3.2s
    [variant cumavg_8] TAM in 33.8s
    [variant cumavg_9] logits built in 3.7s
    [variant cumavg_9] TAM in 33.6s
    [variant cumavg_10] logits built in 4.2s
    [variant cumavg_10] TAM in 33.4s

[119/236] kite-surf
  Running kite-surf_exp2 | "a kite"
    [layer_tam] vision_shape=(7, 15, 27), n_gen_tokens=251, apply_norm=False
    [variant layer_-1] logits built in 0.0s
    [variant layer_-1] TAM in 30.0s
    [variant layer_-2] logits built in 0.0s
    [variant layer_-2] TAM in 29.9s
    [variant layer_-3] logits built in 0.0s
    [variant layer_-3] TAM in 22.6s
    [variant layer_-4] logits built in 0.0s
    [variant layer_-4] TAM in 20.7s
    [variant layer_-5] logits built in 0.0s
    [variant layer_-5] TAM in 23.3s
    [variant layer_-6] logits built in 0.0s
    [variant layer_-6] TAM in 23.1s
    [variant layer_-7] logits built in 0.0s
    [variant layer_-7] TAM in 23.4s
    [variant layer_-8] logits built in 0.0s
    [variant layer_-8] TAM in 24.4s
    [variant layer_-9] logits built in 0.0s
    [variant layer_-9] TAM in 24.7s
    [variant layer_-10] logits built in 0.0s
    [variant layer_-10] TAM in 27.3s
    [variant cumavg_1] logits built in 0.0s
    [variant cumavg_1] TAM in 29.8s
    [variant cumavg_2] logits built in 0.0s
    [variant cumavg_2] TAM in 30.6s
    [variant cumavg_3] logits built in 0.5s
    [variant cumavg_3] TAM in 30.8s
    [variant cumavg_4] logits built in 0.9s
    [variant cumavg_4] TAM in 30.8s
    [variant cumavg_5] logits built in 1.4s
    [variant cumavg_5] TAM in 30.6s
    [variant cumavg_6] logits built in 1.8s
    [variant cumavg_6] TAM in 30.5s
    [variant cumavg_7] logits built in 2.3s
    [variant cumavg_7] TAM in 30.2s
    [variant cumavg_8] logits built in 2.7s
    [variant cumavg_8] TAM in 30.0s
    [variant cumavg_9] logits built in 3.2s
    [variant cumavg_9] TAM in 29.7s
    [variant cumavg_10] logits built in 3.6s
    [variant cumavg_10] TAM in 29.6s

[120/236] kite-surf
  Running kite-surf_exp3 | "a surfing rope attached to a person"
    [layer_tam] vision_shape=(7, 15, 27), n_gen_tokens=281, apply_norm=False
    [variant layer_-1] logits built in 0.0s
    [variant layer_-1] TAM in 33.2s
    [variant layer_-2] logits built in 0.0s
    [variant layer_-2] TAM in 33.3s
    [variant layer_-3] logits built in 0.0s
    [variant layer_-3] TAM in 25.7s
    [variant layer_-4] logits built in 0.0s
    [variant layer_-4] TAM in 23.7s
    [variant layer_-5] logits built in 0.0s
    [variant layer_-5] TAM in 26.2s
    [variant layer_-6] logits built in 0.0s
    [variant layer_-6] TAM in 26.1s
    [variant layer_-7] logits built in 0.0s
    [variant layer_-7] TAM in 26.5s
    [variant layer_-8] logits built in 0.0s
    [variant layer_-8] TAM in 27.6s
    [variant layer_-9] logits built in 0.0s
    [variant layer_-9] TAM in 27.8s
    [variant layer_-10] logits built in 0.0s
    [variant layer_-10] TAM in 30.5s
    [variant cumavg_1] logits built in 0.0s
    [variant cumavg_1] TAM in 33.2s
    [variant cumavg_2] logits built in 0.1s
    [variant cumavg_2] TAM in 33.8s
    [variant cumavg_3] logits built in 0.6s
    [variant cumavg_3] TAM in 34.0s
    [variant cumavg_4] logits built in 1.1s
    [variant cumavg_4] TAM in 34.1s
    [variant cumavg_5] logits built in 1.6s
    [variant cumavg_5] TAM in 33.9s
    [variant cumavg_6] logits built in 2.1s
    [variant cumavg_6] TAM in 33.7s
    [variant cumavg_7] logits built in 2.6s
    [variant cumavg_7] TAM in 33.4s
    [variant cumavg_8] logits built in 3.1s
    [variant cumavg_8] TAM in 33.2s
    [variant cumavg_9] logits built in 3.6s
    [variant cumavg_9] TAM in 32.9s
    [variant cumavg_10] logits built in 4.1s
    [variant cumavg_10] TAM in 32.8s

[121/236] kite-surf
  Running kite-surf_exp4 | "a surf-board"
    [layer_tam] vision_shape=(7, 15, 27), n_gen_tokens=269, apply_norm=False
    [variant layer_-1] logits built in 0.0s
    [variant layer_-1] TAM in 31.8s
    [variant layer_-2] logits built in 0.0s
    [variant layer_-2] TAM in 31.9s
    [variant layer_-3] logits built in 0.0s
    [variant layer_-3] TAM in 23.9s
    [variant layer_-4] logits built in 0.0s
    [variant layer_-4] TAM in 22.0s
    [variant layer_-5] logits built in 0.0s
    [variant layer_-5] TAM in 24.7s
    [variant layer_-6] logits built in 0.0s
    [variant layer_-6] TAM in 24.5s
    [variant layer_-7] logits built in 0.0s
    [variant layer_-7] TAM in 24.7s
    [variant layer_-8] logits built in 0.0s
    [variant layer_-8] TAM in 25.9s
    [variant layer_-9] logits built in 0.0s
    [variant layer_-9] TAM in 26.3s
    [variant layer_-10] logits built in 0.0s
    [variant layer_-10] TAM in 29.1s
    [variant cumavg_1] logits built in 0.0s
    [variant cumavg_1] TAM in 31.7s
    [variant cumavg_2] logits built in 0.1s
    [variant cumavg_2] TAM in 32.4s
    [variant cumavg_3] logits built in 0.6s
    [variant cumavg_3] TAM in 32.5s
    [variant cumavg_4] logits built in 1.0s
    [variant cumavg_4] TAM in 32.5s
    [variant cumavg_5] logits built in 1.5s
    [variant cumavg_5] TAM in 32.5s
    [variant cumavg_6] logits built in 2.0s
    [variant cumavg_6] TAM in 32.3s
    [variant cumavg_7] logits built in 2.5s
    [variant cumavg_7] TAM in 32.0s
    [variant cumavg_8] logits built in 3.0s
    [variant cumavg_8] TAM in 31.7s
    [variant cumavg_9] logits built in 3.4s
    [variant cumavg_9] TAM in 31.4s
    [variant cumavg_10] logits built in 3.9s
    [variant cumavg_10] TAM in 31.3s

[122/236] kite-surf
  Running kite-surf_exp5 | "a surf-board"
    [layer_tam] vision_shape=(7, 15, 27), n_gen_tokens=269, apply_norm=False
    [variant layer_-1] logits built in 0.0s
    [variant layer_-1] TAM in 31.7s
    [variant layer_-2] logits built in 0.0s
    [variant layer_-2] TAM in 31.8s
    [variant layer_-3] logits built in 0.0s
    [variant layer_-3] TAM in 24.1s
    [variant layer_-4] logits built in 0.0s
    [variant layer_-4] TAM in 22.2s
    [variant layer_-5] logits built in 0.0s
    [variant layer_-5] TAM in 24.8s
    [variant layer_-6] logits built in 0.0s
    [variant layer_-6] TAM in 24.8s
    [variant layer_-7] logits built in 0.0s
    [variant layer_-7] TAM in 25.2s
    [variant layer_-8] logits built in 0.0s
    [variant layer_-8] TAM in 26.1s
    [variant layer_-9] logits built in 0.0s
    [variant layer_-9] TAM in 26.7s
    [variant layer_-10] logits built in 0.0s
    [variant layer_-10] TAM in 29.3s
    [variant cumavg_1] logits built in 0.0s
    [variant cumavg_1] TAM in 31.8s
    [variant cumavg_2] logits built in 0.1s
    [variant cumavg_2] TAM in 32.4s
    [variant cumavg_3] logits built in 0.6s
    [variant cumavg_3] TAM in 32.7s
    [variant cumavg_4] logits built in 1.0s
    [variant cumavg_4] TAM in 32.7s
    [variant cumavg_5] logits built in 1.5s
    [variant cumavg_5] TAM in 32.6s
    [variant cumavg_6] logits built in 2.0s
    [variant cumavg_6] TAM in 32.4s
    [variant cumavg_7] logits built in 2.5s
    [variant cumavg_7] TAM in 32.1s
    [variant cumavg_8] logits built in 3.9s
    [variant cumavg_8] TAM in 31.9s
    [variant cumavg_9] logits built in 3.5s
    [variant cumavg_9] TAM in 31.6s
    [variant cumavg_10] logits built in 3.9s
    [variant cumavg_10] TAM in 31.5s

[123/236] kite-surf
  Running kite-surf_exp6 | "a surf-board"
    [layer_tam] vision_shape=(7, 15, 27), n_gen_tokens=269, apply_norm=False
    [variant layer_-1] logits built in 0.0s
    [variant layer_-1] TAM in 31.6s
    [variant layer_-2] logits built in 0.0s
    [variant layer_-2] TAM in 31.8s
    [variant layer_-3] logits built in 0.0s
    [variant layer_-3] TAM in 24.2s
    [variant layer_-4] logits built in 0.0s
    [variant layer_-4] TAM in 21.9s
    [variant layer_-5] logits built in 0.0s
    [variant layer_-5] TAM in 24.7s
    [variant layer_-6] logits built in 0.0s
    [variant layer_-6] TAM in 24.5s
    [variant layer_-7] logits built in 0.0s
    [variant layer_-7] TAM in 24.8s
    [variant layer_-8] logits built in 0.0s
    [variant layer_-8] TAM in 25.7s
    [variant layer_-9] logits built in 0.0s
    [variant layer_-9] TAM in 26.2s
    [variant layer_-10] logits built in 0.0s
    [variant layer_-10] TAM in 28.9s
    [variant cumavg_1] logits built in 0.0s
    [variant cumavg_1] TAM in 31.5s
    [variant cumavg_2] logits built in 0.1s
    [variant cumavg_2] TAM in 32.2s
    [variant cumavg_3] logits built in 0.6s
    [variant cumavg_3] TAM in 32.4s
    [variant cumavg_4] logits built in 1.0s
    [variant cumavg_4] TAM in 32.4s
    [variant cumavg_5] logits built in 1.5s
    [variant cumavg_5] TAM in 32.4s
    [variant cumavg_6] logits built in 2.0s
    [variant cumavg_6] TAM in 32.3s
    [variant cumavg_7] logits built in 2.5s
    [variant cumavg_7] TAM in 31.9s
    [variant cumavg_8] logits built in 3.0s
    [variant cumavg_8] TAM in 31.6s
    [variant cumavg_9] logits built in 3.5s
    [variant cumavg_9] TAM in 31.5s
    [variant cumavg_10] logits built in 3.9s
    [variant cumavg_10] TAM in 31.4s

[124/236] kite-surf
  Running kite-surf_exp7 | "a surfboard"
    [layer_tam] vision_shape=(7, 15, 27), n_gen_tokens=269, apply_norm=False
    [variant layer_-1] logits built in 0.0s
    [variant layer_-1] TAM in 31.8s
    [variant layer_-2] logits built in 0.0s
    [variant layer_-2] TAM in 31.9s
    [variant layer_-3] logits built in 0.0s
    [variant layer_-3] TAM in 24.3s
    [variant layer_-4] logits built in 0.0s
    [variant layer_-4] TAM in 22.2s
    [variant layer_-5] logits built in 0.0s
    [variant layer_-5] TAM in 24.9s
    [variant layer_-6] logits built in 0.0s
    [variant layer_-6] TAM in 24.6s
    [variant layer_-7] logits built in 0.0s
    [variant layer_-7] TAM in 25.1s
    [variant layer_-8] logits built in 0.0s
    [variant layer_-8] TAM in 25.9s
    [variant layer_-9] logits built in 0.0s
    [variant layer_-9] TAM in 26.5s
    [variant layer_-10] logits built in 0.0s
    [variant layer_-10] TAM in 29.2s
    [variant cumavg_1] logits built in 0.0s
    [variant cumavg_1] TAM in 31.6s
    [variant cumavg_2] logits built in 0.1s
    [variant cumavg_2] TAM in 32.3s
    [variant cumavg_3] logits built in 0.6s
    [variant cumavg_3] TAM in 32.5s
    [variant cumavg_4] logits built in 1.0s
    [variant cumavg_4] TAM in 32.5s
    [variant cumavg_5] logits built in 1.5s
    [variant cumavg_5] TAM in 32.4s
    [variant cumavg_6] logits built in 2.0s
    [variant cumavg_6] TAM in 32.2s
    [variant cumavg_7] logits built in 2.5s
    [variant cumavg_7] TAM in 32.0s
    [variant cumavg_8] logits built in 3.0s
    [variant cumavg_8] TAM in 31.8s
    [variant cumavg_9] logits built in 3.4s
    [variant cumavg_9] TAM in 31.5s
    [variant cumavg_10] logits built in 3.9s
    [variant cumavg_10] TAM in 31.4s

[125/236] kite-surf
  Running kite-surf_exp8 | "a man wearing a black vest"
    [layer_tam] vision_shape=(7, 15, 27), n_gen_tokens=287, apply_norm=False
    [variant layer_-1] logits built in 0.0s
    [variant layer_-1] TAM in 33.8s
    [variant layer_-2] logits built in 0.0s
    [variant layer_-2] TAM in 33.7s
    [variant layer_-3] logits built in 0.0s
    [variant layer_-3] TAM in 25.8s
    [variant layer_-4] logits built in 0.0s
    [variant layer_-4] TAM in 23.8s
    [variant layer_-5] logits built in 0.0s
    [variant layer_-5] TAM in 26.2s
    [variant layer_-6] logits built in 0.0s
    [variant layer_-6] TAM in 26.2s
    [variant layer_-7] logits built in 0.0s
    [variant layer_-7] TAM in 26.5s
    [variant layer_-8] logits built in 0.0s
    [variant layer_-8] TAM in 27.6s
    [variant layer_-9] logits built in 0.0s
    [variant layer_-9] TAM in 27.9s
    [variant layer_-10] logits built in 0.0s
    [variant layer_-10] TAM in 30.8s
    [variant cumavg_1] logits built in 0.0s
    [variant cumavg_1] TAM in 33.5s
    [variant cumavg_2] logits built in 0.1s
    [variant cumavg_2] TAM in 34.2s
    [variant cumavg_3] logits built in 0.7s
    [variant cumavg_3] TAM in 34.3s
    [variant cumavg_4] logits built in 1.2s
    [variant cumavg_4] TAM in 34.2s
    [variant cumavg_5] logits built in 1.7s
    [variant cumavg_5] TAM in 34.3s
    [variant cumavg_6] logits built in 2.2s
    [variant cumavg_6] TAM in 34.0s
    [variant cumavg_7] logits built in 2.7s
    [variant cumavg_7] TAM in 33.6s
    [variant cumavg_8] logits built in 3.2s
    [variant cumavg_8] TAM in 33.3s
    [variant cumavg_9] logits built in 3.7s
    [variant cumavg_9] TAM in 33.2s
    [variant cumavg_10] logits built in 4.2s
    [variant cumavg_10] TAM in 33.0s

[126/236] kite-surf
  Running kite-surf_exp9 | "a person surfing"
    [layer_tam] vision_shape=(7, 15, 27), n_gen_tokens=269, apply_norm=False
    [variant layer_-1] logits built in 0.0s
    [variant layer_-1] TAM in 32.0s
    [variant layer_-2] logits built in 0.0s
    [variant layer_-2] TAM in 31.9s
    [variant layer_-3] logits built in 0.0s
    [variant layer_-3] TAM in 24.2s
    [variant layer_-4] logits built in 0.0s
    [variant layer_-4] TAM in 22.0s
    [variant layer_-5] logits built in 0.0s
    [variant layer_-5] TAM in 24.6s
    [variant layer_-6] logits built in 0.0s
    [variant layer_-6] TAM in 24.4s
    [variant layer_-7] logits built in 0.0s
    [variant layer_-7] TAM in 24.9s
    [variant layer_-8] logits built in 0.0s
    [variant layer_-8] TAM in 25.7s
    [variant layer_-9] logits built in 0.0s
    [variant layer_-9] TAM in 26.2s
    [variant layer_-10] logits built in 0.0s
    [variant layer_-10] TAM in 29.1s
    [variant cumavg_1] logits built in 0.0s
    [variant cumavg_1] TAM in 31.8s
    [variant cumavg_2] logits built in 0.1s
    [variant cumavg_2] TAM in 32.3s
    [variant cumavg_3] logits built in 0.6s
    [variant cumavg_3] TAM in 32.7s
    [variant cumavg_4] logits built in 1.0s
    [variant cumavg_4] TAM in 32.8s
    [variant cumavg_5] logits built in 1.5s
    [variant cumavg_5] TAM in 32.6s
    [variant cumavg_6] logits built in 2.0s
    [variant cumavg_6] TAM in 32.4s
    [variant cumavg_7] logits built in 2.5s
    [variant cumavg_7] TAM in 32.1s
    [variant cumavg_8] logits built in 3.0s
    [variant cumavg_8] TAM in 31.8s
    [variant cumavg_9] logits built in 3.4s
    [variant cumavg_9] TAM in 31.6s
    [variant cumavg_10] logits built in 3.9s
    [variant cumavg_10] TAM in 31.5s

[127/236] kite-surf
  Running kite-surf_exp10 | "a man in a black vest"
    [layer_tam] vision_shape=(7, 15, 27), n_gen_tokens=287, apply_norm=False
    [variant layer_-1] logits built in 0.0s
    [variant layer_-1] TAM in 34.2s
    [variant layer_-2] logits built in 0.0s
    [variant layer_-2] TAM in 34.0s
    [variant layer_-3] logits built in 0.0s
    [variant layer_-3] TAM in 25.8s
    [variant layer_-4] logits built in 0.0s
    [variant layer_-4] TAM in 23.7s
    [variant layer_-5] logits built in 0.0s
    [variant layer_-5] TAM in 26.3s
    [variant layer_-6] logits built in 0.0s
    [variant layer_-6] TAM in 26.2s
    [variant layer_-7] logits built in 0.0s
    [variant layer_-7] TAM in 26.6s
    [variant layer_-8] logits built in 0.0s
    [variant layer_-8] TAM in 27.8s
    [variant layer_-9] logits built in 0.0s
    [variant layer_-9] TAM in 28.2s
    [variant layer_-10] logits built in 0.0s
    [variant layer_-10] TAM in 31.0s
    [variant cumavg_1] logits built in 0.0s
    [variant cumavg_1] TAM in 33.8s
    [variant cumavg_2] logits built in 0.1s
    [variant cumavg_2] TAM in 34.5s
    [variant cumavg_3] logits built in 0.7s
    [variant cumavg_3] TAM in 34.6s
    [variant cumavg_4] logits built in 1.2s
    [variant cumavg_4] TAM in 34.5s
    [variant cumavg_5] logits built in 1.7s
    [variant cumavg_5] TAM in 34.4s
    [variant cumavg_6] logits built in 2.2s
    [variant cumavg_6] TAM in 34.3s
    [variant cumavg_7] logits built in 2.7s
    [variant cumavg_7] TAM in 34.0s
    [variant cumavg_8] logits built in 3.2s
    [variant cumavg_8] TAM in 33.7s
    [variant cumavg_9] logits built in 3.7s
    [variant cumavg_9] TAM in 33.5s
    [variant cumavg_10] logits built in 4.2s
    [variant cumavg_10] TAM in 33.4s

[128/236] kite-surf
  Running kite-surf_exp11 | "a person wearing a black helmet surfing"
    [layer_tam] vision_shape=(7, 15, 27), n_gen_tokens=293, apply_norm=False
    [variant layer_-1] logits built in 0.0s
    [variant layer_-1] TAM in 34.7s
    [variant layer_-2] logits built in 0.0s
    [variant layer_-2] TAM in 34.6s
    [variant layer_-3] logits built in 0.0s
    [variant layer_-3] TAM in 26.6s
    [variant layer_-4] logits built in 0.0s
    [variant layer_-4] TAM in 24.4s
    [variant layer_-5] logits built in 0.0s
    [variant layer_-5] TAM in 27.0s
    [variant layer_-6] logits built in 0.0s
    [variant layer_-6] TAM in 26.8s
    [variant layer_-7] logits built in 0.0s
    [variant layer_-7] TAM in 27.3s
    [variant layer_-8] logits built in 0.0s
    [variant layer_-8] TAM in 28.3s
    [variant layer_-9] logits built in 0.0s
    [variant layer_-9] TAM in 28.7s
    [variant layer_-10] logits built in 0.0s
    [variant layer_-10] TAM in 31.7s
    [variant cumavg_1] logits built in 0.0s
    [variant cumavg_1] TAM in 34.4s
    [variant cumavg_2] logits built in 0.2s
    [variant cumavg_2] TAM in 35.2s
    [variant cumavg_3] logits built in 0.7s
    [variant cumavg_3] TAM in 35.2s
    [variant cumavg_4] logits built in 1.2s
    [variant cumavg_4] TAM in 35.1s
    [variant cumavg_5] logits built in 1.7s
    [variant cumavg_5] TAM in 35.0s
    [variant cumavg_6] logits built in 2.2s
    [variant cumavg_6] TAM in 34.9s
    [variant cumavg_7] logits built in 2.8s
    [variant cumavg_7] TAM in 34.6s
    [variant cumavg_8] logits built in 3.3s
    [variant cumavg_8] TAM in 34.2s
    [variant cumavg_9] logits built in 3.8s
    [variant cumavg_9] TAM in 34.2s
    [variant cumavg_10] logits built in 4.3s
    [variant cumavg_10] TAM in 33.9s

[129/236] lab-coat
  Running lab-coat_exp0 | "a white cell phone in a left hand"
    [layer_tam] vision_shape=(6, 15, 27), n_gen_tokens=151, apply_norm=False
    [variant layer_-1] logits built in 0.0s
    [variant layer_-1] TAM in 17.6s
    [variant layer_-2] logits built in 0.0s
    [variant layer_-2] TAM in 17.8s
    [variant layer_-3] logits built in 0.0s
    [variant layer_-3] TAM in 13.9s
    [variant layer_-4] logits built in 0.0s
    [variant layer_-4] TAM in 13.0s
    [variant layer_-5] logits built in 0.0s
    [variant layer_-5] TAM in 14.5s
    [variant layer_-6] logits built in 0.0s
    [variant layer_-6] TAM in 14.5s
    [variant layer_-7] logits built in 0.0s
    [variant layer_-7] TAM in 14.8s
    [variant layer_-8] logits built in 0.0s
    [variant layer_-8] TAM in 15.0s
    [variant layer_-9] logits built in 0.0s
    [variant layer_-9] TAM in 15.4s
    [variant layer_-10] logits built in 0.0s
    [variant layer_-10] TAM in 16.5s
    [variant cumavg_1] logits built in 0.0s
    [variant cumavg_1] TAM in 17.4s
    [variant cumavg_2] logits built in 0.0s
    [variant cumavg_2] TAM in 17.9s
    [variant cumavg_3] logits built in 0.0s
    [variant cumavg_3] TAM in 18.2s
    [variant cumavg_4] logits built in 0.2s
    [variant cumavg_4] TAM in 18.3s
    [variant cumavg_5] logits built in 0.5s
    [variant cumavg_5] TAM in 18.3s
    [variant cumavg_6] logits built in 0.8s
    [variant cumavg_6] TAM in 18.1s
    [variant cumavg_7] logits built in 1.0s
    [variant cumavg_7] TAM in 18.0s
    [variant cumavg_8] logits built in 1.3s
    [variant cumavg_8] TAM in 18.0s
    [variant cumavg_9] logits built in 1.6s
    [variant cumavg_9] TAM in 17.9s
    [variant cumavg_10] logits built in 1.9s
    [variant cumavg_10] TAM in 17.8s

[130/236] lab-coat
  Running lab-coat_exp1 | "a pink cell phone in a girl's hand"
    [layer_tam] vision_shape=(6, 15, 27), n_gen_tokens=204, apply_norm=False
    [variant layer_-1] logits built in 0.0s
    [variant layer_-1] TAM in 22.3s
    [variant layer_-2] logits built in 0.0s
    [variant layer_-2] TAM in 22.4s
    [variant layer_-3] logits built in 0.0s
    [variant layer_-3] TAM in 17.9s
    [variant layer_-4] logits built in 0.0s
    [variant layer_-4] TAM in 16.5s
    [variant layer_-5] logits built in 0.0s
    [variant layer_-5] TAM in 18.5s
    [variant layer_-6] logits built in 0.0s
    [variant layer_-6] TAM in 18.5s
    [variant layer_-7] logits built in 0.0s
    [variant layer_-7] TAM in 18.9s
    [variant layer_-8] logits built in 0.0s
    [variant layer_-8] TAM in 19.2s
    [variant layer_-9] logits built in 0.1s
    [variant layer_-9] TAM in 19.6s
    [variant layer_-10] logits built in 0.0s
    [variant layer_-10] TAM in 21.1s
    [variant cumavg_1] logits built in 0.0s
    [variant cumavg_1] TAM in 22.2s
    [variant cumavg_2] logits built in 0.0s
    [variant cumavg_2] TAM in 22.8s
    [variant cumavg_3] logits built in 0.2s
    [variant cumavg_3] TAM in 23.1s
    [variant cumavg_4] logits built in 0.6s
    [variant cumavg_4] TAM in 23.2s
    [variant cumavg_5] logits built in 1.0s
    [variant cumavg_5] TAM in 23.0s
    [variant cumavg_6] logits built in 1.3s
    [variant cumavg_6] TAM in 22.8s
    [variant cumavg_7] logits built in 1.7s
    [variant cumavg_7] TAM in 22.7s
    [variant cumavg_8] logits built in 2.1s
    [variant cumavg_8] TAM in 22.6s
    [variant cumavg_9] logits built in 2.4s
    [variant cumavg_9] TAM in 22.5s
    [variant cumavg_10] logits built in 2.8s
    [variant cumavg_10] TAM in 22.4s

[131/236] lab-coat
  Running lab-coat_exp2 | "a pink cell phone"
    [layer_tam] vision_shape=(6, 15, 27), n_gen_tokens=228, apply_norm=False
    [variant layer_-1] logits built in 0.0s
    [variant layer_-1] TAM in 23.9s
    [variant layer_-2] logits built in 0.0s
    [variant layer_-2] TAM in 24.1s
    [variant layer_-3] logits built in 0.0s
    [variant layer_-3] TAM in 18.8s
    [variant layer_-4] logits built in 0.0s
    [variant layer_-4] TAM in 17.3s
    [variant layer_-5] logits built in 0.0s
    [variant layer_-5] TAM in 19.4s
    [variant layer_-6] logits built in 0.0s
    [variant layer_-6] TAM in 19.5s
    [variant layer_-7] logits built in 0.0s
    [variant layer_-7] TAM in 19.9s
    [variant layer_-8] logits built in 0.0s
    [variant layer_-8] TAM in 20.1s
    [variant layer_-9] logits built in 0.0s
    [variant layer_-9] TAM in 20.8s
    [variant layer_-10] logits built in 0.0s
    [variant layer_-10] TAM in 22.4s
    [variant cumavg_1] logits built in 0.0s
    [variant cumavg_1] TAM in 23.8s
    [variant cumavg_2] logits built in 0.0s
    [variant cumavg_2] TAM in 24.4s
    [variant cumavg_3] logits built in 0.3s
    [variant cumavg_3] TAM in 24.6s
    [variant cumavg_4] logits built in 0.7s
    [variant cumavg_4] TAM in 24.6s
    [variant cumavg_5] logits built in 1.2s
    [variant cumavg_5] TAM in 24.5s
    [variant cumavg_6] logits built in 1.6s
    [variant cumavg_6] TAM in 24.3s
    [variant cumavg_7] logits built in 2.0s
    [variant cumavg_7] TAM in 24.2s
    [variant cumavg_8] logits built in 2.4s
    [variant cumavg_8] TAM in 23.8s
    [variant cumavg_9] logits built in 3.7s
    [variant cumavg_9] TAM in 23.8s
    [variant cumavg_10] logits built in 3.2s
    [variant cumavg_10] TAM in 23.8s

[132/236] lab-coat
  Running lab-coat_exp3 | "a white colored mobile phone on the left"
    [layer_tam] vision_shape=(6, 15, 27), n_gen_tokens=247, apply_norm=False
    [variant layer_-1] logits built in 0.0s
    [variant layer_-1] TAM in 25.9s
    [variant layer_-2] logits built in 0.0s
    [variant layer_-2] TAM in 26.0s
    [variant layer_-3] logits built in 0.0s
    [variant layer_-3] TAM in 20.3s
    [variant layer_-4] logits built in 0.0s
    [variant layer_-4] TAM in 18.9s
    [variant layer_-5] logits built in 0.0s
    [variant layer_-5] TAM in 21.2s
    [variant layer_-6] logits built in 0.0s
    [variant layer_-6] TAM in 21.2s
    [variant layer_-7] logits built in 0.0s
    [variant layer_-7] TAM in 21.6s
    [variant layer_-8] logits built in 0.0s
    [variant layer_-8] TAM in 22.0s
    [variant layer_-9] logits built in 0.0s
    [variant layer_-9] TAM in 22.5s
    [variant layer_-10] logits built in 0.0s
    [variant layer_-10] TAM in 24.1s
    [variant cumavg_1] logits built in 0.0s
    [variant cumavg_1] TAM in 25.8s
    [variant cumavg_2] logits built in 0.0s
    [variant cumavg_2] TAM in 26.5s
    [variant cumavg_3] logits built in 0.4s
    [variant cumavg_3] TAM in 26.6s
    [variant cumavg_4] logits built in 0.9s
    [variant cumavg_4] TAM in 26.5s
    [variant cumavg_5] logits built in 1.3s
    [variant cumavg_5] TAM in 26.5s
    [variant cumavg_6] logits built in 1.8s
    [variant cumavg_6] TAM in 26.3s
    [variant cumavg_7] logits built in 2.2s
    [variant cumavg_7] TAM in 26.1s
    [variant cumavg_8] logits built in 2.6s
    [variant cumavg_8] TAM in 25.9s
    [variant cumavg_9] logits built in 3.1s
    [variant cumavg_9] TAM in 25.6s
    [variant cumavg_10] logits built in 3.5s
    [variant cumavg_10] TAM in 25.6s

[133/236] lab-coat
  Running lab-coat_exp4 | "a pink cell phone in a girl's hand"
    [layer_tam] vision_shape=(6, 15, 27), n_gen_tokens=204, apply_norm=False
    [variant layer_-1] logits built in 0.0s
    [variant layer_-1] TAM in 22.1s
    [variant layer_-2] logits built in 0.0s
    [variant layer_-2] TAM in 22.2s
    [variant layer_-3] logits built in 0.0s
    [variant layer_-3] TAM in 17.5s
    [variant layer_-4] logits built in 0.0s
    [variant layer_-4] TAM in 16.2s
    [variant layer_-5] logits built in 0.0s
    [variant layer_-5] TAM in 18.2s
    [variant layer_-6] logits built in 0.0s
    [variant layer_-6] TAM in 18.1s
    [variant layer_-7] logits built in 0.0s
    [variant layer_-7] TAM in 18.6s
    [variant layer_-8] logits built in 0.0s
    [variant layer_-8] TAM in 18.8s
    [variant layer_-9] logits built in 0.0s
    [variant layer_-9] TAM in 19.4s
    [variant layer_-10] logits built in 0.0s
    [variant layer_-10] TAM in 20.9s
    [variant cumavg_1] logits built in 0.0s
    [variant cumavg_1] TAM in 22.0s
    [variant cumavg_2] logits built in 0.0s
    [variant cumavg_2] TAM in 22.7s
    [variant cumavg_3] logits built in 0.2s
    [variant cumavg_3] TAM in 22.9s
    [variant cumavg_4] logits built in 0.6s
    [variant cumavg_4] TAM in 22.9s
    [variant cumavg_5] logits built in 1.0s
    [variant cumavg_5] TAM in 22.8s
    [variant cumavg_6] logits built in 1.3s
    [variant cumavg_6] TAM in 22.7s
    [variant cumavg_7] logits built in 1.7s
    [variant cumavg_7] TAM in 22.6s
    [variant cumavg_8] logits built in 2.1s
    [variant cumavg_8] TAM in 22.4s
    [variant cumavg_9] logits built in 2.4s
    [variant cumavg_9] TAM in 22.2s
    [variant cumavg_10] logits built in 2.8s
    [variant cumavg_10] TAM in 22.2s

[134/236] lab-coat
  Running lab-coat_exp5 | "a white cell phone in a left hand"
    [layer_tam] vision_shape=(6, 15, 27), n_gen_tokens=200, apply_norm=False
    [variant layer_-1] logits built in 0.0s
    [variant layer_-1] TAM in 21.7s
    [variant layer_-2] logits built in 0.0s
    [variant layer_-2] TAM in 21.9s
    [variant layer_-3] logits built in 0.0s
    [variant layer_-3] TAM in 17.1s
    [variant layer_-4] logits built in 0.0s
    [variant layer_-4] TAM in 15.9s
    [variant layer_-5] logits built in 0.0s
    [variant layer_-5] TAM in 17.8s
    [variant layer_-6] logits built in 0.0s
    [variant layer_-6] TAM in 17.9s
    [variant layer_-7] logits built in 0.0s
    [variant layer_-7] TAM in 18.2s
    [variant layer_-8] logits built in 0.0s
    [variant layer_-8] TAM in 18.5s
    [variant layer_-9] logits built in 0.0s
    [variant layer_-9] TAM in 19.0s
    [variant layer_-10] logits built in 0.0s
    [variant layer_-10] TAM in 20.5s
    [variant cumavg_1] logits built in 0.0s
    [variant cumavg_1] TAM in 21.7s
    [variant cumavg_2] logits built in 0.0s
    [variant cumavg_2] TAM in 22.3s
    [variant cumavg_3] logits built in 0.2s
    [variant cumavg_3] TAM in 22.5s
    [variant cumavg_4] logits built in 0.6s
    [variant cumavg_4] TAM in 22.5s
    [variant cumavg_5] logits built in 0.9s
    [variant cumavg_5] TAM in 22.4s
    [variant cumavg_6] logits built in 1.3s
    [variant cumavg_6] TAM in 22.3s
    [variant cumavg_7] logits built in 1.6s
    [variant cumavg_7] TAM in 22.1s
    [variant cumavg_8] logits built in 2.0s
    [variant cumavg_8] TAM in 22.0s
    [variant cumavg_9] logits built in 2.4s
    [variant cumavg_9] TAM in 21.7s
    [variant cumavg_10] logits built in 2.7s
    [variant cumavg_10] TAM in 21.8s

[135/236] lab-coat
  Running lab-coat_exp6 | "a white cell phone"
    [layer_tam] vision_shape=(6, 15, 27), n_gen_tokens=140, apply_norm=False
    [variant layer_-1] logits built in 0.0s
    [variant layer_-1] TAM in 16.2s
    [variant layer_-2] logits built in 0.0s
    [variant layer_-2] TAM in 16.4s
    [variant layer_-3] logits built in 0.0s
    [variant layer_-3] TAM in 12.8s
    [variant layer_-4] logits built in 0.0s
    [variant layer_-4] TAM in 11.8s
    [variant layer_-5] logits built in 0.0s
    [variant layer_-5] TAM in 13.4s
    [variant layer_-6] logits built in 0.0s
    [variant layer_-6] TAM in 13.4s
    [variant layer_-7] logits built in 0.0s
    [variant layer_-7] TAM in 13.7s
    [variant layer_-8] logits built in 0.0s
    [variant layer_-8] TAM in 13.9s
    [variant layer_-9] logits built in 0.0s
    [variant layer_-9] TAM in 14.3s
    [variant layer_-10] logits built in 0.0s
    [variant layer_-10] TAM in 15.5s
    [variant cumavg_1] logits built in 0.0s
    [variant cumavg_1] TAM in 16.2s
    [variant cumavg_2] logits built in 0.0s
    [variant cumavg_2] TAM in 16.7s
    [variant cumavg_3] logits built in 0.0s
    [variant cumavg_3] TAM in 17.0s
    [variant cumavg_4] logits built in 0.1s
    [variant cumavg_4] TAM in 17.2s
    [variant cumavg_5] logits built in 0.4s
    [variant cumavg_5] TAM in 17.1s
    [variant cumavg_6] logits built in 0.7s
    [variant cumavg_6] TAM in 17.0s
    [variant cumavg_7] logits built in 0.9s
    [variant cumavg_7] TAM in 17.0s
    [variant cumavg_8] logits built in 1.2s
    [variant cumavg_8] TAM in 16.8s
    [variant cumavg_9] logits built in 1.4s
    [variant cumavg_9] TAM in 16.8s
    [variant cumavg_10] logits built in 1.7s
    [variant cumavg_10] TAM in 16.7s

[136/236] lab-coat
  Running lab-coat_exp7 | "a pink colored mobile phone in the hands of the girl on the "
    [layer_tam] vision_shape=(6, 15, 27), n_gen_tokens=278, apply_norm=False
    [variant layer_-1] logits built in 0.0s
    [variant layer_-1] TAM in 29.1s
    [variant layer_-2] logits built in 0.0s
    [variant layer_-2] TAM in 29.2s
    [variant layer_-3] logits built in 0.0s
    [variant layer_-3] TAM in 23.3s
    [variant layer_-4] logits built in 0.0s
    [variant layer_-4] TAM in 21.7s
    [variant layer_-5] logits built in 0.0s
    [variant layer_-5] TAM in 24.1s
    [variant layer_-6] logits built in 0.0s
    [variant layer_-6] TAM in 24.0s
    [variant layer_-7] logits built in 0.0s
    [variant layer_-7] TAM in 24.6s
    [variant layer_-8] logits built in 0.0s
    [variant layer_-8] TAM in 24.8s
    [variant layer_-9] logits built in 0.0s
    [variant layer_-9] TAM in 25.4s
    [variant layer_-10] logits built in 0.0s
    [variant layer_-10] TAM in 27.2s
    [variant cumavg_1] logits built in 0.0s
    [variant cumavg_1] TAM in 28.8s
    [variant cumavg_2] logits built in 0.1s
    [variant cumavg_2] TAM in 29.5s
    [variant cumavg_3] logits built in 0.6s
    [variant cumavg_3] TAM in 29.7s
    [variant cumavg_4] logits built in 1.1s
    [variant cumavg_4] TAM in 29.6s
    [variant cumavg_5] logits built in 1.6s
    [variant cumavg_5] TAM in 29.4s
    [variant cumavg_6] logits built in 2.1s
    [variant cumavg_6] TAM in 29.2s
    [variant cumavg_7] logits built in 2.6s
    [variant cumavg_7] TAM in 29.1s
    [variant cumavg_8] logits built in 3.1s
    [variant cumavg_8] TAM in 28.9s
    [variant cumavg_9] logits built in 3.6s
    [variant cumavg_9] TAM in 28.8s
    [variant cumavg_10] logits built in 4.1s
    [variant cumavg_10] TAM in 28.8s

[137/236] lab-coat
  Running lab-coat_exp8 | "a girl on the right with blonde hair"
    [layer_tam] vision_shape=(6, 15, 27), n_gen_tokens=250, apply_norm=False
    [variant layer_-1] logits built in 0.0s
    [variant layer_-1] TAM in 26.3s
    [variant layer_-2] logits built in 0.0s
    [variant layer_-2] TAM in 26.4s
    [variant layer_-3] logits built in 0.0s
    [variant layer_-3] TAM in 21.0s
    [variant layer_-4] logits built in 0.0s
    [variant layer_-4] TAM in 19.4s
    [variant layer_-5] logits built in 0.0s
    [variant layer_-5] TAM in 21.5s
    [variant layer_-6] logits built in 0.0s
    [variant layer_-6] TAM in 21.6s
    [variant layer_-7] logits built in 0.0s
    [variant layer_-7] TAM in 22.0s
    [variant layer_-8] logits built in 0.0s
    [variant layer_-8] TAM in 22.4s
    [variant layer_-9] logits built in 0.0s
    [variant layer_-9] TAM in 22.9s
    [variant layer_-10] logits built in 0.0s
    [variant layer_-10] TAM in 24.6s
    [variant cumavg_1] logits built in 0.0s
    [variant cumavg_1] TAM in 26.2s
    [variant cumavg_2] logits built in 0.0s
    [variant cumavg_2] TAM in 26.8s
    [variant cumavg_3] logits built in 0.5s
    [variant cumavg_3] TAM in 26.9s
    [variant cumavg_4] logits built in 0.9s
    [variant cumavg_4] TAM in 26.9s
    [variant cumavg_5] logits built in 1.3s
    [variant cumavg_5] TAM in 26.6s
    [variant cumavg_6] logits built in 1.8s
    [variant cumavg_6] TAM in 26.6s
    [variant cumavg_7] logits built in 2.2s
    [variant cumavg_7] TAM in 26.2s
    [variant cumavg_8] logits built in 2.7s
    [variant cumavg_8] TAM in 26.2s
    [variant cumavg_9] logits built in 3.1s
    [variant cumavg_9] TAM in 26.0s
    [variant cumavg_10] logits built in 3.6s
    [variant cumavg_10] TAM in 26.0s

[138/236] lab-coat
  Running lab-coat_exp9 | "a girl on the right with blonde hair"
    [layer_tam] vision_shape=(6, 15, 27), n_gen_tokens=250, apply_norm=False
    [variant layer_-1] logits built in 0.0s
    [variant layer_-1] TAM in 26.3s
    [variant layer_-2] logits built in 0.0s
    [variant layer_-2] TAM in 26.4s
    [variant layer_-3] logits built in 0.0s
    [variant layer_-3] TAM in 20.8s
    [variant layer_-4] logits built in 0.0s
    [variant layer_-4] TAM in 19.3s
    [variant layer_-5] logits built in 0.0s
    [variant layer_-5] TAM in 21.5s
    [variant layer_-6] logits built in 0.0s
    [variant layer_-6] TAM in 21.5s
    [variant layer_-7] logits built in 0.0s
    [variant layer_-7] TAM in 21.9s
    [variant layer_-8] logits built in 0.0s
    [variant layer_-8] TAM in 22.3s
    [variant layer_-9] logits built in 0.0s
    [variant layer_-9] TAM in 22.8s
    [variant layer_-10] logits built in 0.0s
    [variant layer_-10] TAM in 24.4s
    [variant cumavg_1] logits built in 0.0s
    [variant cumavg_1] TAM in 26.0s
    [variant cumavg_2] logits built in 0.0s
    [variant cumavg_2] TAM in 26.8s
    [variant cumavg_3] logits built in 0.5s
    [variant cumavg_3] TAM in 26.9s
    [variant cumavg_4] logits built in 0.9s
    [variant cumavg_4] TAM in 27.0s
    [variant cumavg_5] logits built in 1.3s
    [variant cumavg_5] TAM in 26.7s
    [variant cumavg_6] logits built in 1.8s
    [variant cumavg_6] TAM in 26.7s
    [variant cumavg_7] logits built in 2.2s
    [variant cumavg_7] TAM in 26.5s
    [variant cumavg_8] logits built in 2.7s
    [variant cumavg_8] TAM in 26.3s
    [variant cumavg_9] logits built in 3.1s
    [variant cumavg_9] TAM in 26.1s
    [variant cumavg_10] logits built in 3.6s
    [variant cumavg_10] TAM in 26.1s

[139/236] lab-coat
  Running lab-coat_exp10 | "a girl on the right"
    [layer_tam] vision_shape=(6, 15, 27), n_gen_tokens=234, apply_norm=False
    [variant layer_-1] logits built in 0.0s
    [variant layer_-1] TAM in 24.8s
    [variant layer_-2] logits built in 0.0s
    [variant layer_-2] TAM in 24.8s
    [variant layer_-3] logits built in 0.0s
    [variant layer_-3] TAM in 19.2s
    [variant layer_-4] logits built in 0.0s
    [variant layer_-4] TAM in 17.9s
    [variant layer_-5] logits built in 0.0s
    [variant layer_-5] TAM in 20.0s
    [variant layer_-6] logits built in 0.0s
    [variant layer_-6] TAM in 20.0s
    [variant layer_-7] logits built in 0.0s
    [variant layer_-7] TAM in 20.4s
    [variant layer_-8] logits built in 0.0s
    [variant layer_-8] TAM in 20.7s
    [variant layer_-9] logits built in 0.0s
    [variant layer_-9] TAM in 21.3s
    [variant layer_-10] logits built in 0.0s
    [variant layer_-10] TAM in 22.9s
    [variant cumavg_1] logits built in 0.0s
    [variant cumavg_1] TAM in 24.7s
    [variant cumavg_2] logits built in 0.0s
    [variant cumavg_2] TAM in 25.2s
    [variant cumavg_3] logits built in 0.4s
    [variant cumavg_3] TAM in 25.4s
    [variant cumavg_4] logits built in 0.8s
    [variant cumavg_4] TAM in 25.5s
    [variant cumavg_5] logits built in 1.2s
    [variant cumavg_5] TAM in 25.3s
    [variant cumavg_6] logits built in 1.6s
    [variant cumavg_6] TAM in 25.1s
    [variant cumavg_7] logits built in 2.0s
    [variant cumavg_7] TAM in 24.9s
    [variant cumavg_8] logits built in 2.5s
    [variant cumavg_8] TAM in 24.7s
    [variant cumavg_9] logits built in 2.9s
    [variant cumavg_9] TAM in 24.6s
    [variant cumavg_10] logits built in 3.3s
    [variant cumavg_10] TAM in 24.4s

[140/236] lab-coat
  Running lab-coat_exp11 | "a girl on the right wearing light brown boots"
    [layer_tam] vision_shape=(6, 15, 27), n_gen_tokens=255, apply_norm=False
    [variant layer_-1] logits built in 0.0s
    [variant layer_-1] TAM in 26.8s
    [variant layer_-2] logits built in 0.0s
    [variant layer_-2] TAM in 26.7s
    [variant layer_-3] logits built in 0.0s
    [variant layer_-3] TAM in 21.5s
    [variant layer_-4] logits built in 0.0s
    [variant layer_-4] TAM in 20.0s
    [variant layer_-5] logits built in 0.0s
    [variant layer_-5] TAM in 22.1s
    [variant layer_-6] logits built in 0.0s
    [variant layer_-6] TAM in 22.0s
    [variant layer_-7] logits built in 0.0s
    [variant layer_-7] TAM in 22.5s
    [variant layer_-8] logits built in 0.0s
    [variant layer_-8] TAM in 22.7s
    [variant layer_-9] logits built in 0.0s
    [variant layer_-9] TAM in 23.4s
    [variant layer_-10] logits built in 0.0s
    [variant layer_-10] TAM in 25.0s
    [variant cumavg_1] logits built in 0.0s
    [variant cumavg_1] TAM in 26.8s
    [variant cumavg_2] logits built in 0.0s
    [variant cumavg_2] TAM in 27.3s
    [variant cumavg_3] logits built in 0.5s
    [variant cumavg_3] TAM in 27.3s
    [variant cumavg_4] logits built in 0.9s
    [variant cumavg_4] TAM in 27.4s
    [variant cumavg_5] logits built in 1.4s
    [variant cumavg_5] TAM in 27.3s
    [variant cumavg_6] logits built in 1.8s
    [variant cumavg_6] TAM in 27.1s
    [variant cumavg_7] logits built in 2.3s
    [variant cumavg_7] TAM in 26.8s
    [variant cumavg_8] logits built in 3.8s
    [variant cumavg_8] TAM in 26.7s
    [variant cumavg_9] logits built in 3.2s
    [variant cumavg_9] TAM in 26.5s
    [variant cumavg_10] logits built in 3.7s
    [variant cumavg_10] TAM in 26.4s

[141/236] lab-coat
  Running lab-coat_exp12 | "a girl in the middle wearing a lab-coat and a black shirt"
    [layer_tam] vision_shape=(6, 15, 27), n_gen_tokens=280, apply_norm=False
    [variant layer_-1] logits built in 0.0s
    [variant layer_-1] TAM in 29.4s
    [variant layer_-2] logits built in 0.0s
    [variant layer_-2] TAM in 29.3s
    [variant layer_-3] logits built in 0.0s
    [variant layer_-3] TAM in 23.6s
    [variant layer_-4] logits built in 0.0s
    [variant layer_-4] TAM in 22.0s
    [variant layer_-5] logits built in 0.0s
    [variant layer_-5] TAM in 24.3s
    [variant layer_-6] logits built in 0.0s
    [variant layer_-6] TAM in 24.3s
    [variant layer_-7] logits built in 0.0s
    [variant layer_-7] TAM in 24.7s
    [variant layer_-8] logits built in 0.0s
    [variant layer_-8] TAM in 25.0s
    [variant layer_-9] logits built in 0.0s
    [variant layer_-9] TAM in 25.5s
    [variant layer_-10] logits built in 0.0s
    [variant layer_-10] TAM in 27.4s
    [variant cumavg_1] logits built in 0.0s
    [variant cumavg_1] TAM in 29.3s
    [variant cumavg_2] logits built in 0.1s
    [variant cumavg_2] TAM in 29.8s
    [variant cumavg_3] logits built in 0.6s
    [variant cumavg_3] TAM in 30.0s
    [variant cumavg_4] logits built in 1.1s
    [variant cumavg_4] TAM in 30.0s
    [variant cumavg_5] logits built in 1.6s
    [variant cumavg_5] TAM in 29.9s
    [variant cumavg_6] logits built in 2.1s
    [variant cumavg_6] TAM in 29.7s
    [variant cumavg_7] logits built in 2.6s
    [variant cumavg_7] TAM in 29.5s
    [variant cumavg_8] logits built in 3.1s
    [variant cumavg_8] TAM in 29.3s
    [variant cumavg_9] logits built in 3.6s
    [variant cumavg_9] TAM in 29.0s
    [variant cumavg_10] logits built in 4.1s
    [variant cumavg_10] TAM in 29.0s

[142/236] lab-coat
  Running lab-coat_exp13 | "a girl in the middle wearing a lab-coat and a black shirt"
    [layer_tam] vision_shape=(6, 15, 27), n_gen_tokens=280, apply_norm=False
    [variant layer_-1] logits built in 0.0s
    [variant layer_-1] TAM in 29.5s
    [variant layer_-2] logits built in 0.0s
    [variant layer_-2] TAM in 29.4s
    [variant layer_-3] logits built in 0.0s
    [variant layer_-3] TAM in 23.5s
    [variant layer_-4] logits built in 0.0s
    [variant layer_-4] TAM in 21.9s
    [variant layer_-5] logits built in 0.0s
    [variant layer_-5] TAM in 24.2s
    [variant layer_-6] logits built in 0.0s
    [variant layer_-6] TAM in 24.2s
    [variant layer_-7] logits built in 0.0s
    [variant layer_-7] TAM in 24.6s
    [variant layer_-8] logits built in 0.0s
    [variant layer_-8] TAM in 24.9s
    [variant layer_-9] logits built in 0.0s
    [variant layer_-9] TAM in 25.5s
    [variant layer_-10] logits built in 0.0s
    [variant layer_-10] TAM in 27.3s
    [variant cumavg_1] logits built in 0.0s
    [variant cumavg_1] TAM in 29.1s
    [variant cumavg_2] logits built in 0.1s
    [variant cumavg_2] TAM in 29.7s
    [variant cumavg_3] logits built in 0.6s
    [variant cumavg_3] TAM in 29.9s
    [variant cumavg_4] logits built in 1.1s
    [variant cumavg_4] TAM in 29.8s
    [variant cumavg_5] logits built in 1.6s
    [variant cumavg_5] TAM in 29.8s
    [variant cumavg_6] logits built in 2.1s
    [variant cumavg_6] TAM in 29.5s
    [variant cumavg_7] logits built in 2.6s
    [variant cumavg_7] TAM in 29.3s
    [variant cumavg_8] logits built in 3.1s
    [variant cumavg_8] TAM in 29.1s
    [variant cumavg_9] logits built in 3.6s
    [variant cumavg_9] TAM in 29.0s
    [variant cumavg_10] logits built in 4.1s
    [variant cumavg_10] TAM in 28.9s

[143/236] lab-coat
  Running lab-coat_exp14 | "a girl in the middle"
    [layer_tam] vision_shape=(6, 15, 27), n_gen_tokens=235, apply_norm=False
    [variant layer_-1] logits built in 0.0s
    [variant layer_-1] TAM in 24.7s
    [variant layer_-2] logits built in 0.0s
    [variant layer_-2] TAM in 24.8s
    [variant layer_-3] logits built in 0.0s
    [variant layer_-3] TAM in 19.1s
    [variant layer_-4] logits built in 0.0s
    [variant layer_-4] TAM in 17.8s
    [variant layer_-5] logits built in 0.0s
    [variant layer_-5] TAM in 20.0s
    [variant layer_-6] logits built in 0.0s
    [variant layer_-6] TAM in 20.0s
    [variant layer_-7] logits built in 0.0s
    [variant layer_-7] TAM in 20.3s
    [variant layer_-8] logits built in 0.0s
    [variant layer_-8] TAM in 20.6s
    [variant layer_-9] logits built in 0.0s
    [variant layer_-9] TAM in 21.2s
    [variant layer_-10] logits built in 0.0s
    [variant layer_-10] TAM in 22.9s
    [variant cumavg_1] logits built in 0.0s
    [variant cumavg_1] TAM in 24.7s
    [variant cumavg_2] logits built in 0.0s
    [variant cumavg_2] TAM in 25.3s
    [variant cumavg_3] logits built in 0.4s
    [variant cumavg_3] TAM in 25.5s
    [variant cumavg_4] logits built in 0.8s
    [variant cumavg_4] TAM in 25.4s
    [variant cumavg_5] logits built in 1.2s
    [variant cumavg_5] TAM in 25.4s
    [variant cumavg_6] logits built in 1.6s
    [variant cumavg_6] TAM in 25.2s
    [variant cumavg_7] logits built in 2.1s
    [variant cumavg_7] TAM in 25.0s
    [variant cumavg_8] logits built in 2.5s
    [variant cumavg_8] TAM in 24.8s
    [variant cumavg_9] logits built in 2.9s
    [variant cumavg_9] TAM in 24.6s
    [variant cumavg_10] logits built in 3.3s
    [variant cumavg_10] TAM in 24.5s

[144/236] lab-coat
  Running lab-coat_exp15 | "a girl in the middle wearing dark brown boots and a black sh"
    [layer_tam] vision_shape=(6, 15, 27), n_gen_tokens=275, apply_norm=False
    [variant layer_-1] logits built in 0.0s
    [variant layer_-1] TAM in 28.8s
    [variant layer_-2] logits built in 0.0s
    [variant layer_-2] TAM in 28.9s
    [variant layer_-3] logits built in 0.0s
    [variant layer_-3] TAM in 23.1s
    [variant layer_-4] logits built in 0.0s
    [variant layer_-4] TAM in 21.7s
    [variant layer_-5] logits built in 0.0s
    [variant layer_-5] TAM in 24.0s
    [variant layer_-6] logits built in 0.0s
    [variant layer_-6] TAM in 23.8s
    [variant layer_-7] logits built in 0.0s
    [variant layer_-7] TAM in 24.3s
    [variant layer_-8] logits built in 0.0s
    [variant layer_-8] TAM in 24.6s
    [variant layer_-9] logits built in 0.1s
    [variant layer_-9] TAM in 25.2s
    [variant layer_-10] logits built in 0.0s
    [variant layer_-10] TAM in 27.0s
    [variant cumavg_1] logits built in 0.0s
    [variant cumavg_1] TAM in 28.9s
    [variant cumavg_2] logits built in 0.1s
    [variant cumavg_2] TAM in 29.3s
    [variant cumavg_3] logits built in 0.6s
    [variant cumavg_3] TAM in 29.4s
    [variant cumavg_4] logits built in 1.1s
    [variant cumavg_4] TAM in 29.4s
    [variant cumavg_5] logits built in 1.6s
    [variant cumavg_5] TAM in 29.2s
    [variant cumavg_6] logits built in 2.1s
    [variant cumavg_6] TAM in 29.1s
    [variant cumavg_7] logits built in 2.5s
    [variant cumavg_7] TAM in 29.1s
    [variant cumavg_8] logits built in 3.0s
    [variant cumavg_8] TAM in 28.8s
    [variant cumavg_9] logits built in 3.5s
    [variant cumavg_9] TAM in 28.5s
    [variant cumavg_10] logits built in 4.0s
    [variant cumavg_10] TAM in 28.5s

[145/236] libby
  Running libby_exp0 | "a dog running in the garden"
    [layer_tam] vision_shape=(7, 15, 27), n_gen_tokens=287, apply_norm=False
    [variant layer_-1] logits built in 0.0s
    [variant layer_-1] TAM in 33.7s
    [variant layer_-2] logits built in 0.0s
    [variant layer_-2] TAM in 33.5s
    [variant layer_-3] logits built in 0.0s
    [variant layer_-3] TAM in 27.1s
    [variant layer_-4] logits built in 0.0s
    [variant layer_-4] TAM in 25.1s
    [variant layer_-5] logits built in 0.0s
    [variant layer_-5] TAM in 27.9s
    [variant layer_-6] logits built in 0.0s
    [variant layer_-6] TAM in 27.4s
    [variant layer_-7] logits built in 0.0s
    [variant layer_-7] TAM in 27.7s
    [variant layer_-8] logits built in 0.0s
    [variant layer_-8] TAM in 28.1s
    [variant layer_-9] logits built in 0.0s
    [variant layer_-9] TAM in 28.3s
    [variant layer_-10] logits built in 0.0s
    [variant layer_-10] TAM in 31.7s
    [variant cumavg_1] logits built in 0.0s
    [variant cumavg_1] TAM in 33.6s
    [variant cumavg_2] logits built in 0.1s
    [variant cumavg_2] TAM in 34.1s
    [variant cumavg_3] logits built in 0.7s
    [variant cumavg_3] TAM in 34.3s
    [variant cumavg_4] logits built in 1.2s
    [variant cumavg_4] TAM in 34.3s
    [variant cumavg_5] logits built in 1.7s
    [variant cumavg_5] TAM in 34.1s
    [variant cumavg_6] logits built in 2.2s
    [variant cumavg_6] TAM in 33.9s
    [variant cumavg_7] logits built in 2.7s
    [variant cumavg_7] TAM in 33.7s
    [variant cumavg_8] logits built in 3.2s
    [variant cumavg_8] TAM in 33.5s
    [variant cumavg_9] logits built in 3.7s
    [variant cumavg_9] TAM in 33.3s
    [variant cumavg_10] logits built in 4.2s
    [variant cumavg_10] TAM in 33.1s

[146/236] libby
  Running libby_exp1 | "a dog running"
    [layer_tam] vision_shape=(7, 15, 27), n_gen_tokens=269, apply_norm=False
    [variant layer_-1] logits built in 0.0s
    [variant layer_-1] TAM in 31.7s
    [variant layer_-2] logits built in 0.0s
    [variant layer_-2] TAM in 31.5s
    [variant layer_-3] logits built in 0.0s
    [variant layer_-3] TAM in 25.1s
    [variant layer_-4] logits built in 0.0s
    [variant layer_-4] TAM in 23.3s
    [variant layer_-5] logits built in 0.0s
    [variant layer_-5] TAM in 26.0s
    [variant layer_-6] logits built in 0.0s
    [variant layer_-6] TAM in 25.5s
    [variant layer_-7] logits built in 0.0s
    [variant layer_-7] TAM in 25.8s
    [variant layer_-8] logits built in 0.0s
    [variant layer_-8] TAM in 26.3s
    [variant layer_-9] logits built in 0.0s
    [variant layer_-9] TAM in 26.5s
    [variant layer_-10] logits built in 0.0s
    [variant layer_-10] TAM in 29.5s
    [variant cumavg_1] logits built in 0.0s
    [variant cumavg_1] TAM in 31.6s
    [variant cumavg_2] logits built in 0.1s
    [variant cumavg_2] TAM in 32.1s
    [variant cumavg_3] logits built in 0.6s
    [variant cumavg_3] TAM in 32.3s
    [variant cumavg_4] logits built in 1.0s
    [variant cumavg_4] TAM in 32.3s
    [variant cumavg_5] logits built in 1.5s
    [variant cumavg_5] TAM in 32.1s
    [variant cumavg_6] logits built in 2.0s
    [variant cumavg_6] TAM in 31.9s
    [variant cumavg_7] logits built in 2.5s
    [variant cumavg_7] TAM in 31.7s
    [variant cumavg_8] logits built in 3.0s
    [variant cumavg_8] TAM in 31.5s
    [variant cumavg_9] logits built in 3.5s
    [variant cumavg_9] TAM in 31.3s
    [variant cumavg_10] logits built in 3.9s
    [variant cumavg_10] TAM in 31.2s

[147/236] libby
  Running libby_exp2 | "a dog"
    [layer_tam] vision_shape=(7, 15, 27), n_gen_tokens=263, apply_norm=False
    [variant layer_-1] logits built in 0.0s
    [variant layer_-1] TAM in 31.3s
    [variant layer_-2] logits built in 0.0s
    [variant layer_-2] TAM in 30.9s
    [variant layer_-3] logits built in 0.0s
    [variant layer_-3] TAM in 24.8s
    [variant layer_-4] logits built in 0.0s
    [variant layer_-4] TAM in 22.8s
    [variant layer_-5] logits built in 0.0s
    [variant layer_-5] TAM in 25.5s
    [variant layer_-6] logits built in 0.0s
    [variant layer_-6] TAM in 25.0s
    [variant layer_-7] logits built in 0.0s
    [variant layer_-7] TAM in 25.3s
    [variant layer_-8] logits built in 0.0s
    [variant layer_-8] TAM in 25.8s
    [variant layer_-9] logits built in 0.0s
    [variant layer_-9] TAM in 25.9s
    [variant layer_-10] logits built in 0.0s
    [variant layer_-10] TAM in 29.1s
    [variant cumavg_1] logits built in 0.0s
    [variant cumavg_1] TAM in 31.1s
    [variant cumavg_2] logits built in 0.1s
    [variant cumavg_2] TAM in 31.7s
    [variant cumavg_3] logits built in 0.5s
    [variant cumavg_3] TAM in 31.8s
    [variant cumavg_4] logits built in 1.0s
    [variant cumavg_4] TAM in 31.7s
    [variant cumavg_5] logits built in 1.5s
    [variant cumavg_5] TAM in 31.5s
    [variant cumavg_6] logits built in 1.9s
    [variant cumavg_6] TAM in 31.4s
    [variant cumavg_7] logits built in 2.4s
    [variant cumavg_7] TAM in 31.2s
    [variant cumavg_8] logits built in 2.9s
    [variant cumavg_8] TAM in 30.9s
    [variant cumavg_9] logits built in 3.4s
    [variant cumavg_9] TAM in 30.8s
    [variant cumavg_10] logits built in 3.8s
    [variant cumavg_10] TAM in 30.6s

[148/236] libby
  Running libby_exp3 | "a black and brown dog running"
    [layer_tam] vision_shape=(7, 15, 27), n_gen_tokens=287, apply_norm=False
    [variant layer_-1] logits built in 0.0s
    [variant layer_-1] TAM in 34.0s
    [variant layer_-2] logits built in 0.0s
    [variant layer_-2] TAM in 33.6s
    [variant layer_-3] logits built in 0.0s
    [variant layer_-3] TAM in 27.5s
    [variant layer_-4] logits built in 0.0s
    [variant layer_-4] TAM in 25.5s
    [variant layer_-5] logits built in 0.0s
    [variant layer_-5] TAM in 28.0s
    [variant layer_-6] logits built in 0.0s
    [variant layer_-6] TAM in 27.6s
    [variant layer_-7] logits built in 0.0s
    [variant layer_-7] TAM in 28.0s
    [variant layer_-8] logits built in 0.0s
    [variant layer_-8] TAM in 28.5s
    [variant layer_-9] logits built in 0.0s
    [variant layer_-9] TAM in 28.8s
    [variant layer_-10] logits built in 0.0s
    [variant layer_-10] TAM in 31.9s
    [variant cumavg_1] logits built in 0.0s
    [variant cumavg_1] TAM in 33.8s
    [variant cumavg_2] logits built in 0.1s
    [variant cumavg_2] TAM in 34.3s
    [variant cumavg_3] logits built in 0.7s
    [variant cumavg_3] TAM in 34.5s
    [variant cumavg_4] logits built in 1.2s
    [variant cumavg_4] TAM in 34.3s
    [variant cumavg_5] logits built in 1.7s
    [variant cumavg_5] TAM in 34.2s
    [variant cumavg_6] logits built in 2.2s
    [variant cumavg_6] TAM in 34.0s
    [variant cumavg_7] logits built in 2.7s
    [variant cumavg_7] TAM in 33.8s
    [variant cumavg_8] logits built in 3.2s
    [variant cumavg_8] TAM in 33.6s
    [variant cumavg_9] logits built in 3.7s
    [variant cumavg_9] TAM in 33.5s
    [variant cumavg_10] logits built in 4.2s
    [variant cumavg_10] TAM in 33.3s

[149/236] loading
  Running loading_exp0 | "a fat man on the right in a black jacket"
    [layer_tam] vision_shape=(7, 15, 27), n_gen_tokens=307, apply_norm=False
    [variant layer_-1] logits built in 0.0s
    [variant layer_-1] TAM in 36.5s
    [variant layer_-2] logits built in 0.0s
    [variant layer_-2] TAM in 36.5s
    [variant layer_-3] logits built in 0.0s
    [variant layer_-3] TAM in 30.4s
    [variant layer_-4] logits built in 0.0s
    [variant layer_-4] TAM in 28.7s
    [variant layer_-5] logits built in 0.0s
    [variant layer_-5] TAM in 32.5s
    [variant layer_-6] logits built in 0.0s
    [variant layer_-6] TAM in 32.5s
    [variant layer_-7] logits built in 0.0s
    [variant layer_-7] TAM in 32.6s
    [variant layer_-8] logits built in 0.0s
    [variant layer_-8] TAM in 33.9s
    [variant layer_-9] logits built in 0.0s
    [variant layer_-9] TAM in 33.7s
    [variant layer_-10] logits built in 0.0s
    [variant layer_-10] TAM in 35.7s
    [variant cumavg_1] logits built in 0.0s
    [variant cumavg_1] TAM in 36.4s
    [variant cumavg_2] logits built in 0.2s
    [variant cumavg_2] TAM in 37.0s
    [variant cumavg_3] logits built in 0.8s
    [variant cumavg_3] TAM in 37.2s
    [variant cumavg_4] logits built in 1.3s
    [variant cumavg_4] TAM in 37.3s
    [variant cumavg_5] logits built in 1.8s
    [variant cumavg_5] TAM in 37.1s
    [variant cumavg_6] logits built in 2.4s
    [variant cumavg_6] TAM in 36.9s
    [variant cumavg_7] logits built in 2.9s
    [variant cumavg_7] TAM in 36.9s
    [variant cumavg_8] logits built in 3.5s
    [variant cumavg_8] TAM in 36.7s
    [variant cumavg_9] logits built in 4.0s
    [variant cumavg_9] TAM in 36.4s
    [variant cumavg_10] logits built in 4.6s
    [variant cumavg_10] TAM in 36.5s

[150/236] loading
  Running loading_exp1 | "a big man on the right in a black jacket"
    [layer_tam] vision_shape=(7, 15, 27), n_gen_tokens=307, apply_norm=False
    [variant layer_-1] logits built in 0.0s
    [variant layer_-1] TAM in 36.4s
    [variant layer_-2] logits built in 0.0s
    [variant layer_-2] TAM in 36.6s
    [variant layer_-3] logits built in 0.0s
    [variant layer_-3] TAM in 30.5s
    [variant layer_-4] logits built in 0.0s
    [variant layer_-4] TAM in 28.8s
    [variant layer_-5] logits built in 0.0s
    [variant layer_-5] TAM in 32.4s
    [variant layer_-6] logits built in 0.0s
    [variant layer_-6] TAM in 32.3s
    [variant layer_-7] logits built in 0.0s
    [variant layer_-7] TAM in 32.4s
    [variant layer_-8] logits built in 0.0s
    [variant layer_-8] TAM in 33.7s
    [variant layer_-9] logits built in 0.0s
    [variant layer_-9] TAM in 33.5s
    [variant layer_-10] logits built in 0.0s
    [variant layer_-10] TAM in 35.5s
    [variant cumavg_1] logits built in 0.0s
    [variant cumavg_1] TAM in 36.3s
    [variant cumavg_2] logits built in 0.2s
    [variant cumavg_2] TAM in 36.8s
    [variant cumavg_3] logits built in 0.8s
    [variant cumavg_3] TAM in 37.0s
    [variant cumavg_4] logits built in 1.3s
    [variant cumavg_4] TAM in 37.1s
    [variant cumavg_5] logits built in 1.8s
    [variant cumavg_5] TAM in 37.1s
    [variant cumavg_6] logits built in 2.4s
    [variant cumavg_6] TAM in 36.7s
    [variant cumavg_7] logits built in 2.9s
    [variant cumavg_7] TAM in 36.6s
    [variant cumavg_8] logits built in 3.5s
    [variant cumavg_8] TAM in 36.6s
    [variant cumavg_9] logits built in 4.0s
    [variant cumavg_9] TAM in 36.5s
    [variant cumavg_10] logits built in 4.6s
    [variant cumavg_10] TAM in 36.5s

[151/236] loading
  Running loading_exp2 | "a man on the right"
    [layer_tam] vision_shape=(7, 15, 27), n_gen_tokens=278, apply_norm=False
    [variant layer_-1] logits built in 0.0s
    [variant layer_-1] TAM in 33.2s
    [variant layer_-2] logits built in 0.0s
    [variant layer_-2] TAM in 33.3s
    [variant layer_-3] logits built in 0.0s
    [variant layer_-3] TAM in 27.5s
    [variant layer_-4] logits built in 0.0s
    [variant layer_-4] TAM in 25.8s
    [variant layer_-5] logits built in 0.0s
    [variant layer_-5] TAM in 29.2s
    [variant layer_-6] logits built in 0.0s
    [variant layer_-6] TAM in 29.3s
    [variant layer_-7] logits built in 0.0s
    [variant layer_-7] TAM in 29.2s
    [variant layer_-8] logits built in 0.0s
    [variant layer_-8] TAM in 30.5s
    [variant layer_-9] logits built in 0.0s
    [variant layer_-9] TAM in 30.5s
    [variant layer_-10] logits built in 0.0s
    [variant layer_-10] TAM in 32.4s
    [variant cumavg_1] logits built in 0.0s
    [variant cumavg_1] TAM in 33.1s
    [variant cumavg_2] logits built in 0.1s
    [variant cumavg_2] TAM in 33.8s
    [variant cumavg_3] logits built in 0.6s
    [variant cumavg_3] TAM in 33.8s
    [variant cumavg_4] logits built in 1.1s
    [variant cumavg_4] TAM in 33.9s
    [variant cumavg_5] logits built in 1.6s
    [variant cumavg_5] TAM in 33.8s
    [variant cumavg_6] logits built in 2.5s
    [variant cumavg_6] TAM in 33.2s
    [variant cumavg_7] logits built in 2.6s
    [variant cumavg_7] TAM in 33.5s
    [variant cumavg_8] logits built in 3.1s
    [variant cumavg_8] TAM in 33.3s
    [variant cumavg_9] logits built in 3.6s
    [variant cumavg_9] TAM in 33.3s
    [variant cumavg_10] logits built in 4.1s
    [variant cumavg_10] TAM in 33.2s

[152/236] loading
  Running loading_exp3 | "a man in a black jacket wearing glasses"
    [layer_tam] vision_shape=(7, 15, 27), n_gen_tokens=296, apply_norm=False
    [variant layer_-1] logits built in 0.0s
    [variant layer_-1] TAM in 35.2s
    [variant layer_-2] logits built in 0.0s
    [variant layer_-2] TAM in 35.3s
    [variant layer_-3] logits built in 0.0s
    [variant layer_-3] TAM in 29.5s
    [variant layer_-4] logits built in 0.0s
    [variant layer_-4] TAM in 27.9s
    [variant layer_-5] logits built in 0.0s
    [variant layer_-5] TAM in 31.1s
    [variant layer_-6] logits built in 0.0s
    [variant layer_-6] TAM in 31.2s
    [variant layer_-7] logits built in 0.0s
    [variant layer_-7] TAM in 31.3s
    [variant layer_-8] logits built in 0.0s
    [variant layer_-8] TAM in 32.5s
    [variant layer_-9] logits built in 0.0s
    [variant layer_-9] TAM in 32.2s
    [variant layer_-10] logits built in 0.0s
    [variant layer_-10] TAM in 34.3s
    [variant cumavg_1] logits built in 0.0s
    [variant cumavg_1] TAM in 35.0s
    [variant cumavg_2] logits built in 0.2s
    [variant cumavg_2] TAM in 35.7s
    [variant cumavg_3] logits built in 0.7s
    [variant cumavg_3] TAM in 35.7s
    [variant cumavg_4] logits built in 1.2s
    [variant cumavg_4] TAM in 35.7s
    [variant cumavg_5] logits built in 1.8s
    [variant cumavg_5] TAM in 35.7s
    [variant cumavg_6] logits built in 2.3s
    [variant cumavg_6] TAM in 35.6s
    [variant cumavg_7] logits built in 2.8s
    [variant cumavg_7] TAM in 35.5s
    [variant cumavg_8] logits built in 3.3s
    [variant cumavg_8] TAM in 35.2s
    [variant cumavg_9] logits built in 3.9s
    [variant cumavg_9] TAM in 35.1s
    [variant cumavg_10] logits built in 4.4s
    [variant cumavg_10] TAM in 34.9s

[153/236] loading
  Running loading_exp4 | "a cardboard box held by a man"
    [layer_tam] vision_shape=(7, 15, 27), n_gen_tokens=293, apply_norm=False
    [variant layer_-1] logits built in 0.0s
    [variant layer_-1] TAM in 34.9s
    [variant layer_-2] logits built in 0.0s
    [variant layer_-2] TAM in 35.0s
    [variant layer_-3] logits built in 0.0s
    [variant layer_-3] TAM in 28.8s
    [variant layer_-4] logits built in 0.0s
    [variant layer_-4] TAM in 27.1s
    [variant layer_-5] logits built in 0.0s
    [variant layer_-5] TAM in 30.6s
    [variant layer_-6] logits built in 0.0s
    [variant layer_-6] TAM in 30.7s
    [variant layer_-7] logits built in 0.0s
    [variant layer_-7] TAM in 30.8s
    [variant layer_-8] logits built in 0.0s
    [variant layer_-8] TAM in 31.9s
    [variant layer_-9] logits built in 0.0s
    [variant layer_-9] TAM in 32.0s
    [variant layer_-10] logits built in 0.0s
    [variant layer_-10] TAM in 34.0s
    [variant cumavg_1] logits built in 0.0s
    [variant cumavg_1] TAM in 34.8s
    [variant cumavg_2] logits built in 0.2s
    [variant cumavg_2] TAM in 35.3s
    [variant cumavg_3] logits built in 0.7s
    [variant cumavg_3] TAM in 35.5s
    [variant cumavg_4] logits built in 1.2s
    [variant cumavg_4] TAM in 35.5s
    [variant cumavg_5] logits built in 1.7s
    [variant cumavg_5] TAM in 35.4s
    [variant cumavg_6] logits built in 2.3s
    [variant cumavg_6] TAM in 35.3s
    [variant cumavg_7] logits built in 2.8s
    [variant cumavg_7] TAM in 35.2s
    [variant cumavg_8] logits built in 3.3s
    [variant cumavg_8] TAM in 35.1s
    [variant cumavg_9] logits built in 3.8s
    [variant cumavg_9] TAM in 34.9s
    [variant cumavg_10] logits built in 4.3s
    [variant cumavg_10] TAM in 34.7s

[154/236] loading
  Running loading_exp5 | "a cardboard box held by a man"
    [layer_tam] vision_shape=(7, 15, 27), n_gen_tokens=293, apply_norm=False
    [variant layer_-1] logits built in 0.0s
    [variant layer_-1] TAM in 35.0s
    [variant layer_-2] logits built in 0.0s
    [variant layer_-2] TAM in 35.1s
    [variant layer_-3] logits built in 0.0s
    [variant layer_-3] TAM in 28.7s
    [variant layer_-4] logits built in 0.0s
    [variant layer_-4] TAM in 26.9s
    [variant layer_-5] logits built in 0.0s
    [variant layer_-5] TAM in 30.6s
    [variant layer_-6] logits built in 0.0s
    [variant layer_-6] TAM in 30.8s
    [variant layer_-7] logits built in 0.0s
    [variant layer_-7] TAM in 30.8s
    [variant layer_-8] logits built in 0.0s
    [variant layer_-8] TAM in 32.1s
    [variant layer_-9] logits built in 0.0s
    [variant layer_-9] TAM in 32.0s
    [variant layer_-10] logits built in 0.0s
    [variant layer_-10] TAM in 34.0s
    [variant cumavg_1] logits built in 0.0s
    [variant cumavg_1] TAM in 34.8s
    [variant cumavg_2] logits built in 0.2s
    [variant cumavg_2] TAM in 35.3s
    [variant cumavg_3] logits built in 0.7s
    [variant cumavg_3] TAM in 35.6s
    [variant cumavg_4] logits built in 1.2s
    [variant cumavg_4] TAM in 35.5s
    [variant cumavg_5] logits built in 1.7s
    [variant cumavg_5] TAM in 35.4s
    [variant cumavg_6] logits built in 2.3s
    [variant cumavg_6] TAM in 35.2s
    [variant cumavg_7] logits built in 2.8s
    [variant cumavg_7] TAM in 35.1s
    [variant cumavg_8] logits built in 3.3s
    [variant cumavg_8] TAM in 34.9s
    [variant cumavg_9] logits built in 3.8s
    [variant cumavg_9] TAM in 34.8s
    [variant cumavg_10] logits built in 4.3s
    [variant cumavg_10] TAM in 34.8s

[155/236] loading
  Running loading_exp6 | "a cardboard box held by a man"
    [layer_tam] vision_shape=(7, 15, 27), n_gen_tokens=293, apply_norm=False
    [variant layer_-1] logits built in 0.0s
    [variant layer_-1] TAM in 35.0s
    [variant layer_-2] logits built in 0.0s
    [variant layer_-2] TAM in 35.1s
    [variant layer_-3] logits built in 0.0s
    [variant layer_-3] TAM in 29.0s
    [variant layer_-4] logits built in 0.0s
    [variant layer_-4] TAM in 27.3s
    [variant layer_-5] logits built in 0.0s
    [variant layer_-5] TAM in 30.7s
    [variant layer_-6] logits built in 0.0s
    [variant layer_-6] TAM in 31.0s
    [variant layer_-7] logits built in 0.0s
    [variant layer_-7] TAM in 31.0s
    [variant layer_-8] logits built in 0.0s
    [variant layer_-8] TAM in 32.3s
    [variant layer_-9] logits built in 0.0s
    [variant layer_-9] TAM in 32.1s
    [variant layer_-10] logits built in 0.0s
    [variant layer_-10] TAM in 34.1s
    [variant cumavg_1] logits built in 0.0s
    [variant cumavg_1] TAM in 34.8s
    [variant cumavg_2] logits built in 0.2s
    [variant cumavg_2] TAM in 35.3s
    [variant cumavg_3] logits built in 0.7s
    [variant cumavg_3] TAM in 35.5s
    [variant cumavg_4] logits built in 1.2s
    [variant cumavg_4] TAM in 35.5s
    [variant cumavg_5] logits built in 1.7s
    [variant cumavg_5] TAM in 35.4s
    [variant cumavg_6] logits built in 2.3s
    [variant cumavg_6] TAM in 35.4s
    [variant cumavg_7] logits built in 2.8s
    [variant cumavg_7] TAM in 35.2s
    [variant cumavg_8] logits built in 3.3s
    [variant cumavg_8] TAM in 34.9s
    [variant cumavg_9] logits built in 3.8s
    [variant cumavg_9] TAM in 34.8s
    [variant cumavg_10] logits built in 4.3s
    [variant cumavg_10] TAM in 34.8s

[156/236] loading
  Running loading_exp7 | "a box in the hands of a man wearing glasses"
    [layer_tam] vision_shape=(7, 15, 27), n_gen_tokens=311, apply_norm=False
    [variant layer_-1] logits built in 0.0s
    [variant layer_-1] TAM in 37.1s
    [variant layer_-2] logits built in 0.0s
    [variant layer_-2] TAM in 37.1s
    [variant layer_-3] logits built in 0.0s
    [variant layer_-3] TAM in 30.7s
    [variant layer_-4] logits built in 0.0s
    [variant layer_-4] TAM in 28.8s
    [variant layer_-5] logits built in 0.0s
    [variant layer_-5] TAM in 32.4s
    [variant layer_-6] logits built in 0.0s
    [variant layer_-6] TAM in 32.6s
    [variant layer_-7] logits built in 0.0s
    [variant layer_-7] TAM in 32.5s
    [variant layer_-8] logits built in 0.0s
    [variant layer_-8] TAM in 33.9s
    [variant layer_-9] logits built in 0.0s
    [variant layer_-9] TAM in 33.8s
    [variant layer_-10] logits built in 0.0s
    [variant layer_-10] TAM in 36.0s
    [variant cumavg_1] logits built in 0.0s
    [variant cumavg_1] TAM in 36.9s
    [variant cumavg_2] logits built in 0.2s
    [variant cumavg_2] TAM in 37.4s
    [variant cumavg_3] logits built in 0.8s
    [variant cumavg_3] TAM in 37.6s
    [variant cumavg_4] logits built in 1.3s
    [variant cumavg_4] TAM in 37.6s
    [variant cumavg_5] logits built in 1.9s
    [variant cumavg_5] TAM in 37.5s
    [variant cumavg_6] logits built in 2.4s
    [variant cumavg_6] TAM in 37.4s
    [variant cumavg_7] logits built in 3.0s
    [variant cumavg_7] TAM in 37.1s
    [variant cumavg_8] logits built in 3.5s
    [variant cumavg_8] TAM in 36.8s
    [variant cumavg_9] logits built in 4.1s
    [variant cumavg_9] TAM in 36.7s
    [variant cumavg_10] logits built in 4.7s
    [variant cumavg_10] TAM in 36.8s

[157/236] loading
  Running loading_exp8 | "a man on the left with a beard wearing jeans"
    [layer_tam] vision_shape=(7, 15, 27), n_gen_tokens=307, apply_norm=False
    [variant layer_-1] logits built in 0.0s
    [variant layer_-1] TAM in 36.8s
    [variant layer_-2] logits built in 0.0s
    [variant layer_-2] TAM in 36.8s
    [variant layer_-3] logits built in 0.0s
    [variant layer_-3] TAM in 30.6s
    [variant layer_-4] logits built in 0.0s
    [variant layer_-4] TAM in 28.5s
    [variant layer_-5] logits built in 0.0s
    [variant layer_-5] TAM in 32.2s
    [variant layer_-6] logits built in 0.0s
    [variant layer_-6] TAM in 32.3s
    [variant layer_-7] logits built in 0.0s
    [variant layer_-7] TAM in 32.4s
    [variant layer_-8] logits built in 0.0s
    [variant layer_-8] TAM in 33.6s
    [variant layer_-9] logits built in 0.0s
    [variant layer_-9] TAM in 33.5s
    [variant layer_-10] logits built in 0.0s
    [variant layer_-10] TAM in 35.4s
    [variant cumavg_1] logits built in 0.0s
    [variant cumavg_1] TAM in 36.4s
    [variant cumavg_2] logits built in 0.2s
    [variant cumavg_2] TAM in 37.0s
    [variant cumavg_3] logits built in 0.8s
    [variant cumavg_3] TAM in 37.2s
    [variant cumavg_4] logits built in 1.3s
    [variant cumavg_4] TAM in 37.1s
    [variant cumavg_5] logits built in 1.9s
    [variant cumavg_5] TAM in 37.2s
    [variant cumavg_6] logits built in 2.4s
    [variant cumavg_6] TAM in 37.0s
    [variant cumavg_7] logits built in 2.9s
    [variant cumavg_7] TAM in 36.8s
    [variant cumavg_8] logits built in 3.5s
    [variant cumavg_8] TAM in 36.7s
    [variant cumavg_9] logits built in 4.0s
    [variant cumavg_9] TAM in 36.4s
    [variant cumavg_10] logits built in 4.6s
    [variant cumavg_10] TAM in 36.4s

[158/236] loading
  Running loading_exp9 | "a man on the left with a beard wearing jeans"
    [layer_tam] vision_shape=(7, 15, 27), n_gen_tokens=305, apply_norm=False
    [variant layer_-1] logits built in 0.0s
    [variant layer_-1] TAM in 36.6s
    [variant layer_-2] logits built in 0.0s
    [variant layer_-2] TAM in 36.6s
    [variant layer_-3] logits built in 0.0s
    [variant layer_-3] TAM in 30.4s
    [variant layer_-4] logits built in 0.0s
    [variant layer_-4] TAM in 28.6s
    [variant layer_-5] logits built in 0.0s
    [variant layer_-5] TAM in 32.0s
    [variant layer_-6] logits built in 0.0s
    [variant layer_-6] TAM in 32.1s
    [variant layer_-7] logits built in 0.0s
    [variant layer_-7] TAM in 32.3s
    [variant layer_-8] logits built in 0.0s
    [variant layer_-8] TAM in 33.5s
    [variant layer_-9] logits built in 0.0s
    [variant layer_-9] TAM in 33.2s
    [variant layer_-10] logits built in 0.0s
    [variant layer_-10] TAM in 35.1s
    [variant cumavg_1] logits built in 0.0s
    [variant cumavg_1] TAM in 36.2s
    [variant cumavg_2] logits built in 0.2s
    [variant cumavg_2] TAM in 36.8s
    [variant cumavg_3] logits built in 0.7s
    [variant cumavg_3] TAM in 36.9s
    [variant cumavg_4] logits built in 1.3s
    [variant cumavg_4] TAM in 36.6s
    [variant cumavg_5] logits built in 1.8s
    [variant cumavg_5] TAM in 36.7s
    [variant cumavg_6] logits built in 2.4s
    [variant cumavg_6] TAM in 36.6s
    [variant cumavg_7] logits built in 2.9s
    [variant cumavg_7] TAM in 36.6s
    [variant cumavg_8] logits built in 3.5s
    [variant cumavg_8] TAM in 36.4s
    [variant cumavg_9] logits built in 4.0s
    [variant cumavg_9] TAM in 36.0s
    [variant cumavg_10] logits built in 4.6s
    [variant cumavg_10] TAM in 36.1s

[159/236] loading
  Running loading_exp10 | "a man on the left"
    [layer_tam] vision_shape=(7, 15, 27), n_gen_tokens=275, apply_norm=False
    [variant layer_-1] logits built in 0.0s
    [variant layer_-1] TAM in 33.0s
    [variant layer_-2] logits built in 0.0s
    [variant layer_-2] TAM in 33.1s
    [variant layer_-3] logits built in 0.0s
    [variant layer_-3] TAM in 27.1s
    [variant layer_-4] logits built in 0.0s
    [variant layer_-4] TAM in 25.3s
    [variant layer_-5] logits built in 0.0s
    [variant layer_-5] TAM in 28.7s
    [variant layer_-6] logits built in 0.0s
    [variant layer_-6] TAM in 28.9s
    [variant layer_-7] logits built in 0.0s
    [variant layer_-7] TAM in 28.9s
    [variant layer_-8] logits built in 0.0s
    [variant layer_-8] TAM in 30.2s
    [variant layer_-9] logits built in 0.0s
    [variant layer_-9] TAM in 29.9s
    [variant layer_-10] logits built in 0.0s
    [variant layer_-10] TAM in 32.1s
    [variant cumavg_1] logits built in 0.0s
    [variant cumavg_1] TAM in 32.7s
    [variant cumavg_2] logits built in 0.1s
    [variant cumavg_2] TAM in 33.4s
    [variant cumavg_3] logits built in 0.6s
    [variant cumavg_3] TAM in 33.4s
    [variant cumavg_4] logits built in 1.1s
    [variant cumavg_4] TAM in 33.4s
    [variant cumavg_5] logits built in 1.6s
    [variant cumavg_5] TAM in 33.4s
    [variant cumavg_6] logits built in 2.1s
    [variant cumavg_6] TAM in 33.3s
    [variant cumavg_7] logits built in 2.6s
    [variant cumavg_7] TAM in 33.2s
    [variant cumavg_8] logits built in 3.1s
    [variant cumavg_8] TAM in 33.0s
    [variant cumavg_9] logits built in 3.5s
    [variant cumavg_9] TAM in 32.9s
    [variant cumavg_10] logits built in 4.0s
    [variant cumavg_10] TAM in 32.8s

[160/236] loading
  Running loading_exp11 | "a man in the center wearing a blue and black jacket"
    [layer_tam] vision_shape=(7, 15, 27), n_gen_tokens=313, apply_norm=False
    [variant layer_-1] logits built in 0.0s
    [variant layer_-1] TAM in 37.1s
    [variant layer_-2] logits built in 0.0s
    [variant layer_-2] TAM in 37.2s
    [variant layer_-3] logits built in 0.0s
    [variant layer_-3] TAM in 31.2s
    [variant layer_-4] logits built in 0.0s
    [variant layer_-4] TAM in 29.3s
    [variant layer_-5] logits built in 0.0s
    [variant layer_-5] TAM in 32.9s
    [variant layer_-6] logits built in 0.0s
    [variant layer_-6] TAM in 33.0s
    [variant layer_-7] logits built in 0.0s
    [variant layer_-7] TAM in 33.1s
    [variant layer_-8] logits built in 0.0s
    [variant layer_-8] TAM in 34.4s
    [variant layer_-9] logits built in 0.0s
    [variant layer_-9] TAM in 34.3s
    [variant layer_-10] logits built in 0.0s
    [variant layer_-10] TAM in 36.4s
    [variant cumavg_1] logits built in 0.0s
    [variant cumavg_1] TAM in 37.0s
    [variant cumavg_2] logits built in 0.2s
    [variant cumavg_2] TAM in 37.5s
    [variant cumavg_3] logits built in 0.8s
    [variant cumavg_3] TAM in 37.6s
    [variant cumavg_4] logits built in 1.3s
    [variant cumavg_4] TAM in 37.8s
    [variant cumavg_5] logits built in 1.9s
    [variant cumavg_5] TAM in 37.6s
    [variant cumavg_6] logits built in 2.5s
    [variant cumavg_6] TAM in 37.6s
    [variant cumavg_7] logits built in 3.0s
    [variant cumavg_7] TAM in 37.3s
    [variant cumavg_8] logits built in 3.6s
    [variant cumavg_8] TAM in 37.3s
    [variant cumavg_9] logits built in 4.1s
    [variant cumavg_9] TAM in 37.0s
    [variant cumavg_10] logits built in 4.7s
    [variant cumavg_10] TAM in 37.0s

[161/236] mbike-trick
  Running mbike-trick_exp0 | "a biker man in a white tshirt"
    [layer_tam] vision_shape=(10, 15, 27), n_gen_tokens=454, apply_norm=False
    [variant layer_-1] logits built in 0.0s
    [variant layer_-1] TAM in 71.5s
    [variant layer_-2] logits built in 0.0s
    [variant layer_-2] TAM in 70.4s
    [variant layer_-3] logits built in 0.0s
    [variant layer_-3] TAM in 53.8s
    [variant layer_-4] logits built in 0.0s
    [variant layer_-4] TAM in 50.5s
    [variant layer_-5] logits built in 0.0s
    [variant layer_-5] TAM in 55.4s
    [variant layer_-6] logits built in 0.0s
    [variant layer_-6] TAM in 53.8s
    [variant layer_-7] logits built in 0.0s
    [variant layer_-7] TAM in 55.5s
    [variant layer_-8] logits built in 0.0s
    [variant layer_-8] TAM in 57.6s
    [variant layer_-9] logits built in 0.0s
    [variant layer_-9] TAM in 57.1s
    [variant layer_-10] logits built in 0.0s
    [variant layer_-10] TAM in 65.8s
    [variant cumavg_1] logits built in 0.0s
    [variant cumavg_1] TAM in 71.2s
    [variant cumavg_2] logits built in 0.7s
    [variant cumavg_2] TAM in 71.7s
    [variant cumavg_3] logits built in 1.5s
    [variant cumavg_3] TAM in 71.9s
    [variant cumavg_4] logits built in 2.4s
    [variant cumavg_4] TAM in 71.7s
    [variant cumavg_5] logits built in 3.2s
    [variant cumavg_5] TAM in 71.1s
    [variant cumavg_6] logits built in 4.0s
    [variant cumavg_6] TAM in 70.6s
    [variant cumavg_7] logits built in 4.8s
    [variant cumavg_7] TAM in 69.7s
    [variant cumavg_8] logits built in 5.6s
    [variant cumavg_8] TAM in 69.0s
    [variant cumavg_9] logits built in 6.4s
    [variant cumavg_9] TAM in 68.6s
    [variant cumavg_10] logits built in 7.2s
    [variant cumavg_10] TAM in 68.6s

[162/236] mbike-trick
  Running mbike-trick_exp1 | "a person performing bike tricks"
    [layer_tam] vision_shape=(10, 15, 27), n_gen_tokens=417, apply_norm=False
    [variant layer_-1] logits built in 0.0s
    [variant layer_-1] TAM in 66.9s
    [variant layer_-2] logits built in 0.0s
    [variant layer_-2] TAM in 65.5s
    [variant layer_-3] logits built in 0.0s
    [variant layer_-3] TAM in 50.2s
    [variant layer_-4] logits built in 0.0s
    [variant layer_-4] TAM in 46.7s
    [variant layer_-5] logits built in 0.0s
    [variant layer_-5] TAM in 51.6s
    [variant layer_-6] logits built in 0.0s
    [variant layer_-6] TAM in 49.7s
    [variant layer_-7] logits built in 0.0s
    [variant layer_-7] TAM in 51.3s
    [variant layer_-8] logits built in 0.0s
    [variant layer_-8] TAM in 53.5s
    [variant layer_-9] logits built in 0.0s
    [variant layer_-9] TAM in 53.1s
    [variant layer_-10] logits built in 0.0s
    [variant layer_-10] TAM in 61.2s
    [variant cumavg_1] logits built in 0.0s
    [variant cumavg_1] TAM in 66.3s
    [variant cumavg_2] logits built in 0.6s
    [variant cumavg_2] TAM in 66.6s
    [variant cumavg_3] logits built in 1.3s
    [variant cumavg_3] TAM in 66.5s
    [variant cumavg_4] logits built in 2.1s
    [variant cumavg_4] TAM in 66.3s
    [variant cumavg_5] logits built in 2.8s
    [variant cumavg_5] TAM in 66.2s
    [variant cumavg_6] logits built in 3.6s
    [variant cumavg_6] TAM in 65.6s
    [variant cumavg_7] logits built in 4.3s
    [variant cumavg_7] TAM in 64.9s
    [variant cumavg_8] logits built in 5.1s
    [variant cumavg_8] TAM in 64.3s
    [variant cumavg_9] logits built in 5.8s
    [variant cumavg_9] TAM in 63.8s
    [variant cumavg_10] logits built in 6.6s
    [variant cumavg_10] TAM in 63.4s

[163/236] mbike-trick
  Running mbike-trick_exp2 | "a man on a bike"
    [layer_tam] vision_shape=(10, 15, 27), n_gen_tokens=418, apply_norm=False
    [variant layer_-1] logits built in 0.0s
    [variant layer_-1] TAM in 67.7s
    [variant layer_-2] logits built in 0.0s
    [variant layer_-2] TAM in 66.4s
    [variant layer_-3] logits built in 0.0s
    [variant layer_-3] TAM in 50.5s
    [variant layer_-4] logits built in 0.0s
    [variant layer_-4] TAM in 46.9s
    [variant layer_-5] logits built in 0.0s
    [variant layer_-5] TAM in 51.8s
    [variant layer_-6] logits built in 0.0s
    [variant layer_-6] TAM in 50.2s
    [variant layer_-7] logits built in 0.0s
    [variant layer_-7] TAM in 51.9s
    [variant layer_-8] logits built in 0.0s
    [variant layer_-8] TAM in 53.9s
    [variant layer_-9] logits built in 0.0s
    [variant layer_-9] TAM in 53.3s
    [variant layer_-10] logits built in 0.0s
    [variant layer_-10] TAM in 61.9s
    [variant cumavg_1] logits built in 0.0s
    [variant cumavg_1] TAM in 67.7s
    [variant cumavg_2] logits built in 0.6s
    [variant cumavg_2] TAM in 68.0s
    [variant cumavg_3] logits built in 1.4s
    [variant cumavg_3] TAM in 67.7s
    [variant cumavg_4] logits built in 2.1s
    [variant cumavg_4] TAM in 67.6s
    [variant cumavg_5] logits built in 2.8s
    [variant cumavg_5] TAM in 67.3s
    [variant cumavg_6] logits built in 3.6s
    [variant cumavg_6] TAM in 66.6s
    [variant cumavg_7] logits built in 4.3s
    [variant cumavg_7] TAM in 65.9s
    [variant cumavg_8] logits built in 5.1s
    [variant cumavg_8] TAM in 65.4s
    [variant cumavg_9] logits built in 5.8s
    [variant cumavg_9] TAM in 64.8s
    [variant cumavg_10] logits built in 6.6s
    [variant cumavg_10] TAM in 64.6s

[164/236] mbike-trick
  Running mbike-trick_exp3 | "a person in a white helmet riding a bike"
    [layer_tam] vision_shape=(10, 15, 27), n_gen_tokens=453, apply_norm=False
    [variant layer_-1] logits built in 0.0s
    [variant layer_-1] TAM in 73.2s
    [variant layer_-2] logits built in 0.0s
    [variant layer_-2] TAM in 72.0s
    [variant layer_-3] logits built in 0.0s
    [variant layer_-3] TAM in 55.7s
    [variant layer_-4] logits built in 0.0s
    [variant layer_-4] TAM in 52.1s
    [variant layer_-5] logits built in 0.0s
    [variant layer_-5] TAM in 57.1s
    [variant layer_-6] logits built in 0.0s
    [variant layer_-6] TAM in 55.4s
    [variant layer_-7] logits built in 0.0s
    [variant layer_-7] TAM in 56.9s
    [variant layer_-8] logits built in 0.0s
    [variant layer_-8] TAM in 59.2s
    [variant layer_-9] logits built in 0.0s
    [variant layer_-9] TAM in 58.4s
    [variant layer_-10] logits built in 0.0s
    [variant layer_-10] TAM in 67.3s
    [variant cumavg_1] logits built in 0.0s
    [variant cumavg_1] TAM in 73.1s
    [variant cumavg_2] logits built in 0.7s
    [variant cumavg_2] TAM in 73.5s
    [variant cumavg_3] logits built in 1.5s
    [variant cumavg_3] TAM in 73.4s
    [variant cumavg_4] logits built in 2.3s
    [variant cumavg_4] TAM in 73.4s
    [variant cumavg_5] logits built in 3.1s
    [variant cumavg_5] TAM in 72.9s
    [variant cumavg_6] logits built in 4.0s
    [variant cumavg_6] TAM in 72.0s
    [variant cumavg_7] logits built in 4.8s
    [variant cumavg_7] TAM in 71.4s
    [variant cumavg_8] logits built in 5.6s
    [variant cumavg_8] TAM in 70.6s
    [variant cumavg_9] logits built in 6.4s
    [variant cumavg_9] TAM in 70.2s
    [variant cumavg_10] logits built in 7.2s
    [variant cumavg_10] TAM in 69.8s

[165/236] mbike-trick
  Running mbike-trick_exp4 | "a black stunt bike"
    [layer_tam] vision_shape=(10, 15, 27), n_gen_tokens=408, apply_norm=False
    [variant layer_-1] logits built in 0.0s
    [variant layer_-1] TAM in 65.1s
    [variant layer_-2] logits built in 0.0s
    [variant layer_-2] TAM in 64.1s
    [variant layer_-3] logits built in 0.0s
    [variant layer_-3] TAM in 48.4s
    [variant layer_-4] logits built in 0.0s
    [variant layer_-4] TAM in 44.9s
    [variant layer_-5] logits built in 0.0s
    [variant layer_-5] TAM in 49.7s
    [variant layer_-6] logits built in 0.0s
    [variant layer_-6] TAM in 48.0s
    [variant layer_-7] logits built in 0.0s
    [variant layer_-7] TAM in 49.6s
    [variant layer_-8] logits built in 0.0s
    [variant layer_-8] TAM in 51.7s
    [variant layer_-9] logits built in 0.0s
    [variant layer_-9] TAM in 51.2s
    [variant layer_-10] logits built in 0.0s
    [variant layer_-10] TAM in 59.8s
    [variant cumavg_1] logits built in 0.0s
    [variant cumavg_1] TAM in 65.0s
    [variant cumavg_2] logits built in 0.6s
    [variant cumavg_2] TAM in 65.3s
    [variant cumavg_3] logits built in 1.3s
    [variant cumavg_3] TAM in 65.4s
    [variant cumavg_4] logits built in 2.0s
    [variant cumavg_4] TAM in 65.2s
    [variant cumavg_5] logits built in 2.8s
    [variant cumavg_5] TAM in 64.9s
    [variant cumavg_6] logits built in 3.5s
    [variant cumavg_6] TAM in 64.2s
    [variant cumavg_7] logits built in 4.2s
    [variant cumavg_7] TAM in 63.6s
    [variant cumavg_8] logits built in 4.9s
    [variant cumavg_8] TAM in 62.9s
    [variant cumavg_9] logits built in 5.7s
    [variant cumavg_9] TAM in 62.3s
    [variant cumavg_10] logits built in 6.4s
    [variant cumavg_10] TAM in 62.1s

[166/236] mbike-trick
  Running mbike-trick_exp5 | "a black bike moving"
    [layer_tam] vision_shape=(10, 15, 27), n_gen_tokens=409, apply_norm=False
    [variant layer_-1] logits built in 0.0s
    [variant layer_-1] TAM in 66.0s
    [variant layer_-2] logits built in 0.0s
    [variant layer_-2] TAM in 64.9s
    [variant layer_-3] logits built in 0.0s
    [variant layer_-3] TAM in 49.0s
    [variant layer_-4] logits built in 0.0s
    [variant layer_-4] TAM in 45.7s
    [variant layer_-5] logits built in 0.0s
    [variant layer_-5] TAM in 50.4s
    [variant layer_-6] logits built in 0.0s
    [variant layer_-6] TAM in 48.7s
    [variant layer_-7] logits built in 0.0s
    [variant layer_-7] TAM in 50.4s
    [variant layer_-8] logits built in 0.0s
    [variant layer_-8] TAM in 52.6s
    [variant layer_-9] logits built in 0.0s
    [variant layer_-9] TAM in 52.1s
    [variant layer_-10] logits built in 0.0s
    [variant layer_-10] TAM in 60.7s
    [variant cumavg_1] logits built in 0.0s
    [variant cumavg_1] TAM in 66.1s
    [variant cumavg_2] logits built in 0.6s
    [variant cumavg_2] TAM in 66.3s
    [variant cumavg_3] logits built in 1.3s
    [variant cumavg_3] TAM in 66.5s
    [variant cumavg_4] logits built in 2.0s
    [variant cumavg_4] TAM in 66.3s
    [variant cumavg_5] logits built in 2.8s
    [variant cumavg_5] TAM in 65.9s
    [variant cumavg_6] logits built in 3.5s
    [variant cumavg_6] TAM in 65.2s
    [variant cumavg_7] logits built in 4.2s
    [variant cumavg_7] TAM in 64.5s
    [variant cumavg_8] logits built in 5.0s
    [variant cumavg_8] TAM in 64.0s
    [variant cumavg_9] logits built in 5.7s
    [variant cumavg_9] TAM in 63.3s
    [variant cumavg_10] logits built in 6.4s
    [variant cumavg_10] TAM in 63.2s

[167/236] mbike-trick
  Running mbike-trick_exp6 | "a bike"
    [layer_tam] vision_shape=(10, 15, 27), n_gen_tokens=390, apply_norm=False
    [variant layer_-1] logits built in 0.0s
    [variant layer_-1] TAM in 63.3s
    [variant layer_-2] logits built in 0.0s
    [variant layer_-2] TAM in 62.0s
    [variant layer_-3] logits built in 0.0s
    [variant layer_-3] TAM in 46.5s
    [variant layer_-4] logits built in 0.0s
    [variant layer_-4] TAM in 43.2s
    [variant layer_-5] logits built in 0.0s
    [variant layer_-5] TAM in 47.8s
    [variant layer_-6] logits built in 0.0s
    [variant layer_-6] TAM in 46.0s
    [variant layer_-7] logits built in 0.0s
    [variant layer_-7] TAM in 47.7s
    [variant layer_-8] logits built in 0.0s
    [variant layer_-8] TAM in 49.9s
    [variant layer_-9] logits built in 0.0s
    [variant layer_-9] TAM in 49.4s
    [variant layer_-10] logits built in 0.0s
    [variant layer_-10] TAM in 57.8s
    [variant cumavg_1] logits built in 0.0s
    [variant cumavg_1] TAM in 63.0s
    [variant cumavg_2] logits built in 0.5s
    [variant cumavg_2] TAM in 63.5s
    [variant cumavg_3] logits built in 1.2s
    [variant cumavg_3] TAM in 63.7s
    [variant cumavg_4] logits built in 1.9s
    [variant cumavg_4] TAM in 63.4s
    [variant cumavg_5] logits built in 2.6s
    [variant cumavg_5] TAM in 63.0s
    [variant cumavg_6] logits built in 3.3s
    [variant cumavg_6] TAM in 62.4s
    [variant cumavg_7] logits built in 4.0s
    [variant cumavg_7] TAM in 61.7s
    [variant cumavg_8] logits built in 4.7s
    [variant cumavg_8] TAM in 61.0s
    [variant cumavg_9] logits built in 5.4s
    [variant cumavg_9] TAM in 60.5s
    [variant cumavg_10] logits built in 6.1s
    [variant cumavg_10] TAM in 60.3s

[168/236] mbike-trick
  Running mbike-trick_exp7 | "a black motorbike with golden rims"
    [layer_tam] vision_shape=(10, 15, 27), n_gen_tokens=435, apply_norm=False
    [variant layer_-1] logits built in 0.0s
    [variant layer_-1] TAM in 69.3s
    [variant layer_-2] logits built in 0.0s
    [variant layer_-2] TAM in 68.4s
    [variant layer_-3] logits built in 0.0s
    [variant layer_-3] TAM in 53.3s
    [variant layer_-4] logits built in 0.0s
    [variant layer_-4] TAM in 49.9s
    [variant layer_-5] logits built in 0.0s
    [variant layer_-5] TAM in 54.9s
    [variant layer_-6] logits built in 0.0s
    [variant layer_-6] TAM in 53.0s
    [variant layer_-7] logits built in 0.0s
    [variant layer_-7] TAM in 55.0s
    [variant layer_-8] logits built in 0.0s
    [variant layer_-8] TAM in 57.0s
    [variant layer_-9] logits built in 0.0s
    [variant layer_-9] TAM in 56.5s
    [variant layer_-10] logits built in 0.0s
    [variant layer_-10] TAM in 64.9s
    [variant cumavg_1] logits built in 0.0s
    [variant cumavg_1] TAM in 69.2s
    [variant cumavg_2] logits built in 0.7s
    [variant cumavg_2] TAM in 69.6s
    [variant cumavg_3] logits built in 1.4s
    [variant cumavg_3] TAM in 70.0s
    [variant cumavg_4] logits built in 2.2s
    [variant cumavg_4] TAM in 69.9s
    [variant cumavg_5] logits built in 3.0s
    [variant cumavg_5] TAM in 69.4s
    [variant cumavg_6] logits built in 3.8s
    [variant cumavg_6] TAM in 69.0s
    [variant cumavg_7] logits built in 4.5s
    [variant cumavg_7] TAM in 68.3s
    [variant cumavg_8] logits built in 5.3s
    [variant cumavg_8] TAM in 67.7s
    [variant cumavg_9] logits built in 7.0s
    [variant cumavg_9] TAM in 66.3s
    [variant cumavg_10] logits built in 6.9s
    [variant cumavg_10] TAM in 67.0s

[169/236] motocross-jump
  Running motocross-jump_exp0 | "a man riding a motorbike"
    [layer_tam] vision_shape=(5, 15, 27), n_gen_tokens=236, apply_norm=False
    [variant layer_-1] logits built in 0.0s
    [variant layer_-1] TAM in 21.0s
    [variant layer_-2] logits built in 0.0s
    [variant layer_-2] TAM in 21.0s
    [variant layer_-3] logits built in 0.0s
    [variant layer_-3] TAM in 16.7s
    [variant layer_-4] logits built in 0.0s
    [variant layer_-4] TAM in 15.7s
    [variant layer_-5] logits built in 0.0s
    [variant layer_-5] TAM in 17.2s
    [variant layer_-6] logits built in 0.0s
    [variant layer_-6] TAM in 16.6s
    [variant layer_-7] logits built in 0.0s
    [variant layer_-7] TAM in 17.2s
    [variant layer_-8] logits built in 0.0s
    [variant layer_-8] TAM in 17.6s
    [variant layer_-9] logits built in 0.0s
    [variant layer_-9] TAM in 17.5s
    [variant layer_-10] logits built in 0.0s
    [variant layer_-10] TAM in 19.1s
    [variant cumavg_1] logits built in 0.0s
    [variant cumavg_1] TAM in 21.0s
    [variant cumavg_2] logits built in 0.0s
    [variant cumavg_2] TAM in 21.6s
    [variant cumavg_3] logits built in 0.4s
    [variant cumavg_3] TAM in 21.7s
    [variant cumavg_4] logits built in 0.8s
    [variant cumavg_4] TAM in 21.7s
    [variant cumavg_5] logits built in 1.2s
    [variant cumavg_5] TAM in 21.6s
    [variant cumavg_6] logits built in 1.6s
    [variant cumavg_6] TAM in 21.5s
    [variant cumavg_7] logits built in 2.0s
    [variant cumavg_7] TAM in 21.3s
    [variant cumavg_8] logits built in 2.5s
    [variant cumavg_8] TAM in 21.1s
    [variant cumavg_9] logits built in 2.9s
    [variant cumavg_9] TAM in 21.0s
    [variant cumavg_10] logits built in 3.3s
    [variant cumavg_10] TAM in 21.0s

[170/236] motocross-jump
  Running motocross-jump_exp1 | "a man riding a motorbike"
    [layer_tam] vision_shape=(5, 15, 27), n_gen_tokens=236, apply_norm=False
    [variant layer_-1] logits built in 0.0s
    [variant layer_-1] TAM in 21.0s
    [variant layer_-2] logits built in 0.0s
    [variant layer_-2] TAM in 20.9s
    [variant layer_-3] logits built in 0.0s
    [variant layer_-3] TAM in 16.6s
    [variant layer_-4] logits built in 0.0s
    [variant layer_-4] TAM in 15.6s
    [variant layer_-5] logits built in 0.0s
    [variant layer_-5] TAM in 17.1s
    [variant layer_-6] logits built in 0.0s
    [variant layer_-6] TAM in 16.4s
    [variant layer_-7] logits built in 0.0s
    [variant layer_-7] TAM in 17.1s
    [variant layer_-8] logits built in 0.0s
    [variant layer_-8] TAM in 17.7s
    [variant layer_-9] logits built in 0.0s
    [variant layer_-9] TAM in 17.4s
    [variant layer_-10] logits built in 0.0s
    [variant layer_-10] TAM in 18.9s
    [variant cumavg_1] logits built in 0.0s
    [variant cumavg_1] TAM in 21.0s
    [variant cumavg_2] logits built in 0.0s
    [variant cumavg_2] TAM in 21.5s
    [variant cumavg_3] logits built in 0.4s
    [variant cumavg_3] TAM in 21.6s
    [variant cumavg_4] logits built in 0.8s
    [variant cumavg_4] TAM in 21.6s
    [variant cumavg_5] logits built in 1.2s
    [variant cumavg_5] TAM in 21.6s
    [variant cumavg_6] logits built in 1.6s
    [variant cumavg_6] TAM in 21.4s
    [variant cumavg_7] logits built in 2.0s
    [variant cumavg_7] TAM in 21.2s
    [variant cumavg_8] logits built in 2.5s
    [variant cumavg_8] TAM in 21.1s
    [variant cumavg_9] logits built in 2.9s
    [variant cumavg_9] TAM in 21.0s
    [variant cumavg_10] logits built in 3.3s
    [variant cumavg_10] TAM in 20.9s

[171/236] motocross-jump
  Running motocross-jump_exp2 | "a man riding a motorbike"
    [layer_tam] vision_shape=(5, 15, 27), n_gen_tokens=236, apply_norm=False
    [variant layer_-1] logits built in 0.0s
    [variant layer_-1] TAM in 22.4s
    [variant layer_-2] logits built in 0.0s
    [variant layer_-2] TAM in 21.0s
    [variant layer_-3] logits built in 0.0s
    [variant layer_-3] TAM in 16.6s
    [variant layer_-4] logits built in 0.0s
    [variant layer_-4] TAM in 15.6s
    [variant layer_-5] logits built in 0.0s
    [variant layer_-5] TAM in 17.0s
    [variant layer_-6] logits built in 0.0s
    [variant layer_-6] TAM in 16.4s
    [variant layer_-7] logits built in 0.0s
    [variant layer_-7] TAM in 17.1s
    [variant layer_-8] logits built in 0.0s
    [variant layer_-8] TAM in 17.7s
    [variant layer_-9] logits built in 0.0s
    [variant layer_-9] TAM in 17.3s
    [variant layer_-10] logits built in 0.0s
    [variant layer_-10] TAM in 19.0s
    [variant cumavg_1] logits built in 0.0s
    [variant cumavg_1] TAM in 21.0s
    [variant cumavg_2] logits built in 0.0s
    [variant cumavg_2] TAM in 21.4s
    [variant cumavg_3] logits built in 0.4s
    [variant cumavg_3] TAM in 21.7s
    [variant cumavg_4] logits built in 0.8s
    [variant cumavg_4] TAM in 21.6s
    [variant cumavg_5] logits built in 1.2s
    [variant cumavg_5] TAM in 21.6s
    [variant cumavg_6] logits built in 1.6s
    [variant cumavg_6] TAM in 21.5s
    [variant cumavg_7] logits built in 2.0s
    [variant cumavg_7] TAM in 21.3s
    [variant cumavg_8] logits built in 2.5s
    [variant cumavg_8] TAM in 21.1s
    [variant cumavg_9] logits built in 2.9s
    [variant cumavg_9] TAM in 21.1s
    [variant cumavg_10] logits built in 3.3s
    [variant cumavg_10] TAM in 21.0s

[172/236] motocross-jump
  Running motocross-jump_exp3 | "a man wearing a green helmet"
    [layer_tam] vision_shape=(5, 15, 27), n_gen_tokens=237, apply_norm=False
    [variant layer_-1] logits built in 0.0s
    [variant layer_-1] TAM in 21.2s
    [variant layer_-2] logits built in 0.0s
    [variant layer_-2] TAM in 21.1s
    [variant layer_-3] logits built in 0.0s
    [variant layer_-3] TAM in 16.7s
    [variant layer_-4] logits built in 0.0s
    [variant layer_-4] TAM in 15.6s
    [variant layer_-5] logits built in 0.0s
    [variant layer_-5] TAM in 17.1s
    [variant layer_-6] logits built in 0.0s
    [variant layer_-6] TAM in 16.4s
    [variant layer_-7] logits built in 0.0s
    [variant layer_-7] TAM in 17.1s
    [variant layer_-8] logits built in 0.0s
    [variant layer_-8] TAM in 17.6s
    [variant layer_-9] logits built in 0.0s
    [variant layer_-9] TAM in 17.3s
    [variant layer_-10] logits built in 0.0s
    [variant layer_-10] TAM in 19.1s
    [variant cumavg_1] logits built in 0.0s
    [variant cumavg_1] TAM in 21.1s
    [variant cumavg_2] logits built in 0.0s
    [variant cumavg_2] TAM in 21.6s
    [variant cumavg_3] logits built in 0.4s
    [variant cumavg_3] TAM in 21.6s
    [variant cumavg_4] logits built in 0.8s
    [variant cumavg_4] TAM in 21.8s
    [variant cumavg_5] logits built in 1.2s
    [variant cumavg_5] TAM in 21.7s
    [variant cumavg_6] logits built in 1.6s
    [variant cumavg_6] TAM in 21.6s
    [variant cumavg_7] logits built in 2.1s
    [variant cumavg_7] TAM in 21.5s
    [variant cumavg_8] logits built in 2.5s
    [variant cumavg_8] TAM in 21.3s
    [variant cumavg_9] logits built in 2.9s
    [variant cumavg_9] TAM in 21.2s
    [variant cumavg_10] logits built in 3.3s
    [variant cumavg_10] TAM in 21.1s

[173/236] motocross-jump
  Running motocross-jump_exp4 | "a green motorbike"
    [layer_tam] vision_shape=(5, 15, 27), n_gen_tokens=222, apply_norm=False
    [variant layer_-1] logits built in 0.0s
    [variant layer_-1] TAM in 19.9s
    [variant layer_-2] logits built in 0.0s
    [variant layer_-2] TAM in 19.9s
    [variant layer_-3] logits built in 0.0s
    [variant layer_-3] TAM in 15.6s
    [variant layer_-4] logits built in 0.0s
    [variant layer_-4] TAM in 14.7s
    [variant layer_-5] logits built in 0.0s
    [variant layer_-5] TAM in 16.3s
    [variant layer_-6] logits built in 0.0s
    [variant layer_-6] TAM in 15.6s
    [variant layer_-7] logits built in 0.0s
    [variant layer_-7] TAM in 16.3s
    [variant layer_-8] logits built in 0.0s
    [variant layer_-8] TAM in 16.8s
    [variant layer_-9] logits built in 0.0s
    [variant layer_-9] TAM in 16.5s
    [variant layer_-10] logits built in 0.0s
    [variant layer_-10] TAM in 18.0s
    [variant cumavg_1] logits built in 0.0s
    [variant cumavg_1] TAM in 19.8s
    [variant cumavg_2] logits built in 0.0s
    [variant cumavg_2] TAM in 20.3s
    [variant cumavg_3] logits built in 0.3s
    [variant cumavg_3] TAM in 20.6s
    [variant cumavg_4] logits built in 0.7s
    [variant cumavg_4] TAM in 20.6s
    [variant cumavg_5] logits built in 1.1s
    [variant cumavg_5] TAM in 20.5s
    [variant cumavg_6] logits built in 1.5s
    [variant cumavg_6] TAM in 20.3s
    [variant cumavg_7] logits built in 1.9s
    [variant cumavg_7] TAM in 20.2s
    [variant cumavg_8] logits built in 2.3s
    [variant cumavg_8] TAM in 20.1s
    [variant cumavg_9] logits built in 2.7s
    [variant cumavg_9] TAM in 19.9s
    [variant cumavg_10] logits built in 3.1s
    [variant cumavg_10] TAM in 19.8s

[174/236] motocross-jump
  Running motocross-jump_exp5 | "a green motorbike"
    [layer_tam] vision_shape=(5, 15, 27), n_gen_tokens=222, apply_norm=False
    [variant layer_-1] logits built in 0.0s
    [variant layer_-1] TAM in 19.9s
    [variant layer_-2] logits built in 0.0s
    [variant layer_-2] TAM in 19.9s
    [variant layer_-3] logits built in 0.0s
    [variant layer_-3] TAM in 15.7s
    [variant layer_-4] logits built in 0.0s
    [variant layer_-4] TAM in 14.8s
    [variant layer_-5] logits built in 0.0s
    [variant layer_-5] TAM in 16.3s
    [variant layer_-6] logits built in 0.0s
    [variant layer_-6] TAM in 15.6s
    [variant layer_-7] logits built in 0.0s
    [variant layer_-7] TAM in 16.2s
    [variant layer_-8] logits built in 0.0s
    [variant layer_-8] TAM in 16.6s
    [variant layer_-9] logits built in 0.0s
    [variant layer_-9] TAM in 16.4s
    [variant layer_-10] logits built in 0.0s
    [variant layer_-10] TAM in 18.0s
    [variant cumavg_1] logits built in 0.0s
    [variant cumavg_1] TAM in 19.9s
    [variant cumavg_2] logits built in 0.0s
    [variant cumavg_2] TAM in 20.4s
    [variant cumavg_3] logits built in 0.3s
    [variant cumavg_3] TAM in 20.6s
    [variant cumavg_4] logits built in 0.7s
    [variant cumavg_4] TAM in 20.6s
    [variant cumavg_5] logits built in 1.1s
    [variant cumavg_5] TAM in 20.5s
    [variant cumavg_6] logits built in 1.5s
    [variant cumavg_6] TAM in 20.4s
    [variant cumavg_7] logits built in 1.9s
    [variant cumavg_7] TAM in 20.2s
    [variant cumavg_8] logits built in 2.3s
    [variant cumavg_8] TAM in 20.1s
    [variant cumavg_9] logits built in 2.7s
    [variant cumavg_9] TAM in 20.0s
    [variant cumavg_10] logits built in 3.1s
    [variant cumavg_10] TAM in 19.9s

[175/236] motocross-jump
  Running motocross-jump_exp6 | "a motorbike"
    [layer_tam] vision_shape=(5, 15, 27), n_gen_tokens=217, apply_norm=False
    [variant layer_-1] logits built in 0.0s
    [variant layer_-1] TAM in 19.5s
    [variant layer_-2] logits built in 0.0s
    [variant layer_-2] TAM in 19.5s
    [variant layer_-3] logits built in 0.0s
    [variant layer_-3] TAM in 15.3s
    [variant layer_-4] logits built in 0.0s
    [variant layer_-4] TAM in 14.4s
    [variant layer_-5] logits built in 0.0s
    [variant layer_-5] TAM in 15.9s
    [variant layer_-6] logits built in 0.0s
    [variant layer_-6] TAM in 15.2s
    [variant layer_-7] logits built in 0.0s
    [variant layer_-7] TAM in 15.9s
    [variant layer_-8] logits built in 0.0s
    [variant layer_-8] TAM in 16.3s
    [variant layer_-9] logits built in 0.0s
    [variant layer_-9] TAM in 16.1s
    [variant layer_-10] logits built in 0.0s
    [variant layer_-10] TAM in 17.6s
    [variant cumavg_1] logits built in 0.0s
    [variant cumavg_1] TAM in 19.4s
    [variant cumavg_2] logits built in 0.0s
    [variant cumavg_2] TAM in 20.0s
    [variant cumavg_3] logits built in 0.3s
    [variant cumavg_3] TAM in 20.2s
    [variant cumavg_4] logits built in 0.7s
    [variant cumavg_4] TAM in 20.2s
    [variant cumavg_5] logits built in 1.0s
    [variant cumavg_5] TAM in 20.1s
    [variant cumavg_6] logits built in 1.4s
    [variant cumavg_6] TAM in 19.9s
    [variant cumavg_7] logits built in 1.8s
    [variant cumavg_7] TAM in 19.9s
    [variant cumavg_8] logits built in 2.2s
    [variant cumavg_8] TAM in 19.7s
    [variant cumavg_9] logits built in 2.6s
    [variant cumavg_9] TAM in 19.6s
    [variant cumavg_10] logits built in 3.0s
    [variant cumavg_10] TAM in 19.5s

[176/236] motocross-jump
  Running motocross-jump_exp7 | "a motor-bike"
    [layer_tam] vision_shape=(5, 15, 27), n_gen_tokens=224, apply_norm=False
    [variant layer_-1] logits built in 0.0s
    [variant layer_-1] TAM in 20.1s
    [variant layer_-2] logits built in 0.0s
    [variant layer_-2] TAM in 20.1s
    [variant layer_-3] logits built in 0.0s
    [variant layer_-3] TAM in 15.8s
    [variant layer_-4] logits built in 0.0s
    [variant layer_-4] TAM in 14.8s
    [variant layer_-5] logits built in 0.0s
    [variant layer_-5] TAM in 16.3s
    [variant layer_-6] logits built in 0.0s
    [variant layer_-6] TAM in 15.6s
    [variant layer_-7] logits built in 0.0s
    [variant layer_-7] TAM in 16.4s
    [variant layer_-8] logits built in 0.0s
    [variant layer_-8] TAM in 16.8s
    [variant layer_-9] logits built in 0.0s
    [variant layer_-9] TAM in 16.5s
    [variant layer_-10] logits built in 0.0s
    [variant layer_-10] TAM in 18.2s
    [variant cumavg_1] logits built in 0.0s
    [variant cumavg_1] TAM in 20.1s
    [variant cumavg_2] logits built in 0.0s
    [variant cumavg_2] TAM in 20.6s
    [variant cumavg_3] logits built in 0.3s
    [variant cumavg_3] TAM in 20.8s
    [variant cumavg_4] logits built in 0.7s
    [variant cumavg_4] TAM in 20.8s
    [variant cumavg_5] logits built in 1.1s
    [variant cumavg_5] TAM in 20.7s
    [variant cumavg_6] logits built in 1.5s
    [variant cumavg_6] TAM in 20.6s
    [variant cumavg_7] logits built in 1.9s
    [variant cumavg_7] TAM in 20.4s
    [variant cumavg_8] logits built in 2.3s
    [variant cumavg_8] TAM in 20.3s
    [variant cumavg_9] logits built in 2.7s
    [variant cumavg_9] TAM in 20.2s
    [variant cumavg_10] logits built in 3.1s
    [variant cumavg_10] TAM in 20.1s

[177/236] paragliding-launch
  Running paragliding-launch_exp0 | "a black harness with an airbag"
    [layer_tam] vision_shape=(10, 15, 27), n_gen_tokens=436, apply_norm=False
    [variant layer_-1] logits built in 0.0s
    [variant layer_-1] TAM in 70.1s
    [variant layer_-2] logits built in 0.0s
    [variant layer_-2] TAM in 69.8s
    [variant layer_-3] logits built in 0.0s
    [variant layer_-3] TAM in 54.4s
    [variant layer_-4] logits built in 0.0s
    [variant layer_-4] TAM in 51.6s
    [variant layer_-5] logits built in 0.0s
    [variant layer_-5] TAM in 57.2s
    [variant layer_-6] logits built in 0.0s
    [variant layer_-6] TAM in 57.5s
    [variant layer_-7] logits built in 0.0s
    [variant layer_-7] TAM in 58.0s
    [variant layer_-8] logits built in 0.0s
    [variant layer_-8] TAM in 61.1s
    [variant layer_-9] logits built in 0.0s
    [variant layer_-9] TAM in 62.2s
    [variant layer_-10] logits built in 0.0s
    [variant layer_-10] TAM in 67.6s
    [variant cumavg_1] logits built in 0.0s
    [variant cumavg_1] TAM in 70.1s
    [variant cumavg_2] logits built in 0.7s
    [variant cumavg_2] TAM in 70.6s
    [variant cumavg_3] logits built in 1.4s
    [variant cumavg_3] TAM in 71.0s
    [variant cumavg_4] logits built in 2.2s
    [variant cumavg_4] TAM in 70.8s
    [variant cumavg_5] logits built in 3.0s
    [variant cumavg_5] TAM in 70.4s
    [variant cumavg_6] logits built in 3.8s
    [variant cumavg_6] TAM in 70.2s
    [variant cumavg_7] logits built in 4.6s
    [variant cumavg_7] TAM in 69.9s
    [variant cumavg_8] logits built in 5.3s
    [variant cumavg_8] TAM in 69.4s
    [variant cumavg_9] logits built in 6.1s
    [variant cumavg_9] TAM in 69.1s
    [variant cumavg_10] logits built in 6.9s
    [variant cumavg_10] TAM in 68.9s

[178/236] paragliding-launch
  Running paragliding-launch_exp1 | "a black harness"
    [layer_tam] vision_shape=(10, 15, 27), n_gen_tokens=400, apply_norm=False
    [variant layer_-1] logits built in 0.0s
    [variant layer_-1] TAM in 64.1s
    [variant layer_-2] logits built in 0.0s
    [variant layer_-2] TAM in 65.0s
    [variant layer_-3] logits built in 0.0s
    [variant layer_-3] TAM in 48.3s
    [variant layer_-4] logits built in 0.0s
    [variant layer_-4] TAM in 45.4s
    [variant layer_-5] logits built in 0.0s
    [variant layer_-5] TAM in 51.1s
    [variant layer_-6] logits built in 0.0s
    [variant layer_-6] TAM in 51.1s
    [variant layer_-7] logits built in 0.0s
    [variant layer_-7] TAM in 51.6s
    [variant layer_-8] logits built in 0.0s
    [variant layer_-8] TAM in 54.6s
    [variant layer_-9] logits built in 0.0s
    [variant layer_-9] TAM in 55.9s
    [variant layer_-10] logits built in 0.0s
    [variant layer_-10] TAM in 60.6s
    [variant cumavg_1] logits built in 0.0s
    [variant cumavg_1] TAM in 63.6s
    [variant cumavg_2] logits built in 0.5s
    [variant cumavg_2] TAM in 64.2s
    [variant cumavg_3] logits built in 1.3s
    [variant cumavg_3] TAM in 64.5s
    [variant cumavg_4] logits built in 2.0s
    [variant cumavg_4] TAM in 64.5s
    [variant cumavg_5] logits built in 2.7s
    [variant cumavg_5] TAM in 64.2s
    [variant cumavg_6] logits built in 3.4s
    [variant cumavg_6] TAM in 63.7s
    [variant cumavg_7] logits built in 4.1s
    [variant cumavg_7] TAM in 63.6s
    [variant cumavg_8] logits built in 4.8s
    [variant cumavg_8] TAM in 63.1s
    [variant cumavg_9] logits built in 5.5s
    [variant cumavg_9] TAM in 62.6s
    [variant cumavg_10] logits built in 6.3s
    [variant cumavg_10] TAM in 62.3s

[179/236] paragliding-launch
  Running paragliding-launch_exp2 | "a harness"
    [layer_tam] vision_shape=(10, 15, 27), n_gen_tokens=391, apply_norm=False
    [variant layer_-1] logits built in 0.0s
    [variant layer_-1] TAM in 63.3s
    [variant layer_-2] logits built in 0.0s
    [variant layer_-2] TAM in 62.8s
    [variant layer_-3] logits built in 0.0s
    [variant layer_-3] TAM in 47.6s
    [variant layer_-4] logits built in 0.0s
    [variant layer_-4] TAM in 45.3s
    [variant layer_-5] logits built in 0.0s
    [variant layer_-5] TAM in 50.7s
    [variant layer_-6] logits built in 0.0s
    [variant layer_-6] TAM in 50.8s
    [variant layer_-7] logits built in 0.0s
    [variant layer_-7] TAM in 51.4s
    [variant layer_-8] logits built in 0.0s
    [variant layer_-8] TAM in 54.1s
    [variant layer_-9] logits built in 0.0s
    [variant layer_-9] TAM in 55.3s
    [variant layer_-10] logits built in 0.0s
    [variant layer_-10] TAM in 60.0s
    [variant cumavg_1] logits built in 0.0s
    [variant cumavg_1] TAM in 63.2s
    [variant cumavg_2] logits built in 0.5s
    [variant cumavg_2] TAM in 63.8s
    [variant cumavg_3] logits built in 1.2s
    [variant cumavg_3] TAM in 64.0s
    [variant cumavg_4] logits built in 1.9s
    [variant cumavg_4] TAM in 63.7s
    [variant cumavg_5] logits built in 2.6s
    [variant cumavg_5] TAM in 63.8s
    [variant cumavg_6] logits built in 3.3s
    [variant cumavg_6] TAM in 63.5s
    [variant cumavg_7] logits built in 4.0s
    [variant cumavg_7] TAM in 63.0s
    [variant cumavg_8] logits built in 4.7s
    [variant cumavg_8] TAM in 62.6s
    [variant cumavg_9] logits built in 5.4s
    [variant cumavg_9] TAM in 62.2s
    [variant cumavg_10] logits built in 6.9s
    [variant cumavg_10] TAM in 62.0s

[180/236] paragliding-launch
  Running paragliding-launch_exp3 | "a backpack"
    [layer_tam] vision_shape=(10, 15, 27), n_gen_tokens=391, apply_norm=False
    [variant layer_-1] logits built in 0.0s
    [variant layer_-1] TAM in 63.0s
    [variant layer_-2] logits built in 0.0s
    [variant layer_-2] TAM in 62.8s
    [variant layer_-3] logits built in 0.0s
    [variant layer_-3] TAM in 47.8s
    [variant layer_-4] logits built in 0.0s
    [variant layer_-4] TAM in 44.8s
    [variant layer_-5] logits built in 0.0s
    [variant layer_-5] TAM in 50.4s
    [variant layer_-6] logits built in 0.0s
    [variant layer_-6] TAM in 50.5s
    [variant layer_-7] logits built in 0.0s
    [variant layer_-7] TAM in 51.1s
    [variant layer_-8] logits built in 0.0s
    [variant layer_-8] TAM in 53.8s
    [variant layer_-9] logits built in 0.0s
    [variant layer_-9] TAM in 55.2s
    [variant layer_-10] logits built in 0.0s
    [variant layer_-10] TAM in 59.9s
    [variant cumavg_1] logits built in 0.0s
    [variant cumavg_1] TAM in 63.1s
    [variant cumavg_2] logits built in 0.5s
    [variant cumavg_2] TAM in 63.8s
    [variant cumavg_3] logits built in 1.2s
    [variant cumavg_3] TAM in 64.1s
    [variant cumavg_4] logits built in 1.9s
    [variant cumavg_4] TAM in 64.0s
    [variant cumavg_5] logits built in 2.6s
    [variant cumavg_5] TAM in 63.9s
    [variant cumavg_6] logits built in 3.3s
    [variant cumavg_6] TAM in 63.5s
    [variant cumavg_7] logits built in 4.0s
    [variant cumavg_7] TAM in 63.0s
    [variant cumavg_8] logits built in 4.7s
    [variant cumavg_8] TAM in 62.6s
    [variant cumavg_9] logits built in 5.4s
    [variant cumavg_9] TAM in 62.2s
    [variant cumavg_10] logits built in 6.1s
    [variant cumavg_10] TAM in 61.9s

[181/236] paragliding-launch
  Running paragliding-launch_exp4 | "a man launching a paraglider"
    [layer_tam] vision_shape=(10, 15, 27), n_gen_tokens=436, apply_norm=False
    [variant layer_-1] logits built in 0.0s
    [variant layer_-1] TAM in 70.2s
    [variant layer_-2] logits built in 0.0s
    [variant layer_-2] TAM in 69.5s
    [variant layer_-3] logits built in 0.0s
    [variant layer_-3] TAM in 54.4s
    [variant layer_-4] logits built in 0.0s
    [variant layer_-4] TAM in 51.8s
    [variant layer_-5] logits built in 0.0s
    [variant layer_-5] TAM in 57.5s
    [variant layer_-6] logits built in 0.0s
    [variant layer_-6] TAM in 57.5s
    [variant layer_-7] logits built in 0.0s
    [variant layer_-7] TAM in 58.1s
    [variant layer_-8] logits built in 0.0s
    [variant layer_-8] TAM in 60.8s
    [variant layer_-9] logits built in 0.0s
    [variant layer_-9] TAM in 62.0s
    [variant layer_-10] logits built in 0.0s
    [variant layer_-10] TAM in 66.9s
    [variant cumavg_1] logits built in 0.0s
    [variant cumavg_1] TAM in 69.7s
    [variant cumavg_2] logits built in 0.7s
    [variant cumavg_2] TAM in 70.5s
    [variant cumavg_3] logits built in 1.4s
    [variant cumavg_3] TAM in 70.6s
    [variant cumavg_4] logits built in 2.2s
    [variant cumavg_4] TAM in 70.6s
    [variant cumavg_5] logits built in 3.0s
    [variant cumavg_5] TAM in 70.5s
    [variant cumavg_6] logits built in 3.8s
    [variant cumavg_6] TAM in 70.3s
    [variant cumavg_7] logits built in 4.6s
    [variant cumavg_7] TAM in 69.9s
    [variant cumavg_8] logits built in 5.3s
    [variant cumavg_8] TAM in 69.4s
    [variant cumavg_9] logits built in 6.1s
    [variant cumavg_9] TAM in 68.9s
    [variant cumavg_10] logits built in 6.9s
    [variant cumavg_10] TAM in 68.7s

[182/236] paragliding-launch
  Running paragliding-launch_exp5 | "a person launching paragliding"
    [layer_tam] vision_shape=(10, 15, 27), n_gen_tokens=436, apply_norm=False
    [variant layer_-1] logits built in 0.0s
    [variant layer_-1] TAM in 70.0s
    [variant layer_-2] logits built in 0.0s
    [variant layer_-2] TAM in 69.3s
    [variant layer_-3] logits built in 0.0s
    [variant layer_-3] TAM in 53.8s
    [variant layer_-4] logits built in 0.0s
    [variant layer_-4] TAM in 51.3s
    [variant layer_-5] logits built in 0.0s
    [variant layer_-5] TAM in 56.8s
    [variant layer_-6] logits built in 0.0s
    [variant layer_-6] TAM in 56.8s
    [variant layer_-7] logits built in 0.0s
    [variant layer_-7] TAM in 57.3s
    [variant layer_-8] logits built in 0.0s
    [variant layer_-8] TAM in 59.9s
    [variant layer_-9] logits built in 0.0s
    [variant layer_-9] TAM in 61.2s
    [variant layer_-10] logits built in 0.0s
    [variant layer_-10] TAM in 66.3s
    [variant cumavg_1] logits built in 0.0s
    [variant cumavg_1] TAM in 70.0s
    [variant cumavg_2] logits built in 0.7s
    [variant cumavg_2] TAM in 70.4s
    [variant cumavg_3] logits built in 1.4s
    [variant cumavg_3] TAM in 70.6s
    [variant cumavg_4] logits built in 2.2s
    [variant cumavg_4] TAM in 70.7s
    [variant cumavg_5] logits built in 3.0s
    [variant cumavg_5] TAM in 70.6s
    [variant cumavg_6] logits built in 3.8s
    [variant cumavg_6] TAM in 69.9s
    [variant cumavg_7] logits built in 4.6s
    [variant cumavg_7] TAM in 69.6s
    [variant cumavg_8] logits built in 5.3s
    [variant cumavg_8] TAM in 69.0s
    [variant cumavg_9] logits built in 6.1s
    [variant cumavg_9] TAM in 68.7s
    [variant cumavg_10] logits built in 7.8s
    [variant cumavg_10] TAM in 68.4s

[183/236] paragliding-launch
  Running paragliding-launch_exp6 | "a man with the paraglider"
    [layer_tam] vision_shape=(10, 15, 27), n_gen_tokens=436, apply_norm=False
    [variant layer_-1] logits built in 0.0s
    [variant layer_-1] TAM in 70.7s
    [variant layer_-2] logits built in 0.0s
    [variant layer_-2] TAM in 69.8s
    [variant layer_-3] logits built in 0.0s
    [variant layer_-3] TAM in 54.5s
    [variant layer_-4] logits built in 0.0s
    [variant layer_-4] TAM in 51.4s
    [variant layer_-5] logits built in 0.0s
    [variant layer_-5] TAM in 57.4s
    [variant layer_-6] logits built in 0.0s
    [variant layer_-6] TAM in 57.7s
    [variant layer_-7] logits built in 0.0s
    [variant layer_-7] TAM in 58.2s
    [variant layer_-8] logits built in 0.0s
    [variant layer_-8] TAM in 61.2s
    [variant layer_-9] logits built in 0.0s
    [variant layer_-9] TAM in 62.2s
    [variant layer_-10] logits built in 0.0s
    [variant layer_-10] TAM in 67.4s
    [variant cumavg_1] logits built in 0.0s
    [variant cumavg_1] TAM in 70.9s
    [variant cumavg_2] logits built in 0.7s
    [variant cumavg_2] TAM in 70.8s
    [variant cumavg_3] logits built in 1.4s
    [variant cumavg_3] TAM in 71.1s
    [variant cumavg_4] logits built in 2.2s
    [variant cumavg_4] TAM in 71.0s
    [variant cumavg_5] logits built in 3.0s
    [variant cumavg_5] TAM in 70.8s
    [variant cumavg_6] logits built in 3.8s
    [variant cumavg_6] TAM in 70.5s
    [variant cumavg_7] logits built in 4.6s
    [variant cumavg_7] TAM in 70.0s
    [variant cumavg_8] logits built in 5.3s
    [variant cumavg_8] TAM in 69.5s
    [variant cumavg_9] logits built in 6.1s
    [variant cumavg_9] TAM in 69.2s
    [variant cumavg_10] logits built in 6.9s
    [variant cumavg_10] TAM in 69.2s

[184/236] paragliding-launch
  Running paragliding-launch_exp7 | "a person wearing a backpack"
    [layer_tam] vision_shape=(10, 15, 27), n_gen_tokens=418, apply_norm=False
    [variant layer_-1] logits built in 0.0s
    [variant layer_-1] TAM in 67.0s
    [variant layer_-2] logits built in 0.0s
    [variant layer_-2] TAM in 66.4s
    [variant layer_-3] logits built in 0.0s
    [variant layer_-3] TAM in 51.1s
    [variant layer_-4] logits built in 0.0s
    [variant layer_-4] TAM in 48.4s
    [variant layer_-5] logits built in 0.0s
    [variant layer_-5] TAM in 53.9s
    [variant layer_-6] logits built in 0.0s
    [variant layer_-6] TAM in 53.8s
    [variant layer_-7] logits built in 0.0s
    [variant layer_-7] TAM in 54.5s
    [variant layer_-8] logits built in 0.0s
    [variant layer_-8] TAM in 57.2s
    [variant layer_-9] logits built in 0.0s
    [variant layer_-9] TAM in 58.2s
    [variant layer_-10] logits built in 0.0s
    [variant layer_-10] TAM in 63.0s
    [variant cumavg_1] logits built in 0.0s
    [variant cumavg_1] TAM in 66.6s
    [variant cumavg_2] logits built in 0.6s
    [variant cumavg_2] TAM in 67.0s
    [variant cumavg_3] logits built in 1.4s
    [variant cumavg_3] TAM in 67.3s
    [variant cumavg_4] logits built in 2.1s
    [variant cumavg_4] TAM in 67.3s
    [variant cumavg_5] logits built in 2.8s
    [variant cumavg_5] TAM in 67.2s
    [variant cumavg_6] logits built in 3.6s
    [variant cumavg_6] TAM in 66.7s
    [variant cumavg_7] logits built in 4.3s
    [variant cumavg_7] TAM in 66.2s
    [variant cumavg_8] logits built in 6.3s
    [variant cumavg_8] TAM in 65.7s
    [variant cumavg_9] logits built in 5.8s
    [variant cumavg_9] TAM in 65.2s
    [variant cumavg_10] logits built in 6.6s
    [variant cumavg_10] TAM in 65.2s

[185/236] paragliding-launch
  Running paragliding-launch_exp8 | "wing risers with cascade"
    [layer_tam] vision_shape=(10, 15, 27), n_gen_tokens=400, apply_norm=False
    [variant layer_-1] logits built in 0.0s
    [variant layer_-1] TAM in 64.6s
    [variant layer_-2] logits built in 0.0s
    [variant layer_-2] TAM in 64.4s
    [variant layer_-3] logits built in 0.0s
    [variant layer_-3] TAM in 50.0s
    [variant layer_-4] logits built in 0.0s
    [variant layer_-4] TAM in 47.6s
    [variant layer_-5] logits built in 0.0s
    [variant layer_-5] TAM in 53.0s
    [variant layer_-6] logits built in 0.0s
    [variant layer_-6] TAM in 53.2s
    [variant layer_-7] logits built in 0.0s
    [variant layer_-7] TAM in 53.6s
    [variant layer_-8] logits built in 0.0s
    [variant layer_-8] TAM in 56.4s
    [variant layer_-9] logits built in 0.0s
    [variant layer_-9] TAM in 57.5s
    [variant layer_-10] logits built in 0.0s
    [variant layer_-10] TAM in 62.1s
    [variant cumavg_1] logits built in 0.0s
    [variant cumavg_1] TAM in 64.5s
    [variant cumavg_2] logits built in 0.5s
    [variant cumavg_2] TAM in 64.7s
    [variant cumavg_3] logits built in 1.3s
    [variant cumavg_3] TAM in 65.3s
    [variant cumavg_4] logits built in 2.0s
    [variant cumavg_4] TAM in 65.2s
    [variant cumavg_5] logits built in 2.7s
    [variant cumavg_5] TAM in 65.2s
    [variant cumavg_6] logits built in 3.4s
    [variant cumavg_6] TAM in 64.8s
    [variant cumavg_7] logits built in 4.1s
    [variant cumavg_7] TAM in 64.5s
    [variant cumavg_8] logits built in 4.8s
    [variant cumavg_8] TAM in 64.1s
    [variant cumavg_9] logits built in 5.5s
    [variant cumavg_9] TAM in 63.7s
    [variant cumavg_10] logits built in 6.3s
    [variant cumavg_10] TAM in 63.5s

[186/236] paragliding-launch
  Running paragliding-launch_exp9 | "paraglider lines"
    [layer_tam] vision_shape=(10, 15, 27), n_gen_tokens=391, apply_norm=False
    [variant layer_-1] logits built in 0.0s
    [variant layer_-1] TAM in 63.5s
    [variant layer_-2] logits built in 0.0s
    [variant layer_-2] TAM in 62.7s
    [variant layer_-3] logits built in 0.0s
    [variant layer_-3] TAM in 48.4s
    [variant layer_-4] logits built in 0.0s
    [variant layer_-4] TAM in 46.3s
    [variant layer_-5] logits built in 0.0s
    [variant layer_-5] TAM in 51.9s
    [variant layer_-6] logits built in 0.0s
    [variant layer_-6] TAM in 52.1s
    [variant layer_-7] logits built in 0.1s
    [variant layer_-7] TAM in 52.6s
    [variant layer_-8] logits built in 0.0s
    [variant layer_-8] TAM in 55.1s
    [variant layer_-9] logits built in 0.0s
    [variant layer_-9] TAM in 56.3s
    [variant layer_-10] logits built in 0.0s
    [variant layer_-10] TAM in 60.6s
    [variant cumavg_1] logits built in 0.0s
    [variant cumavg_1] TAM in 63.2s
    [variant cumavg_2] logits built in 0.5s
    [variant cumavg_2] TAM in 63.6s
    [variant cumavg_3] logits built in 1.2s
    [variant cumavg_3] TAM in 64.0s
    [variant cumavg_4] logits built in 1.9s
    [variant cumavg_4] TAM in 64.1s
    [variant cumavg_5] logits built in 2.6s
    [variant cumavg_5] TAM in 64.1s
    [variant cumavg_6] logits built in 3.3s
    [variant cumavg_6] TAM in 63.6s
    [variant cumavg_7] logits built in 4.0s
    [variant cumavg_7] TAM in 63.2s
    [variant cumavg_8] logits built in 4.7s
    [variant cumavg_8] TAM in 62.8s
    [variant cumavg_9] logits built in 5.4s
    [variant cumavg_9] TAM in 62.4s
    [variant cumavg_10] logits built in 6.1s
    [variant cumavg_10] TAM in 62.1s

[187/236] paragliding-launch
  Running paragliding-launch_exp10 | "paraglider lines"
    [layer_tam] vision_shape=(10, 15, 27), n_gen_tokens=391, apply_norm=False
    [variant layer_-1] logits built in 0.0s
    [variant layer_-1] TAM in 63.3s
    [variant layer_-2] logits built in 0.0s
    [variant layer_-2] TAM in 62.4s
    [variant layer_-3] logits built in 0.0s
    [variant layer_-3] TAM in 48.6s
    [variant layer_-4] logits built in 0.0s
    [variant layer_-4] TAM in 46.1s
    [variant layer_-5] logits built in 0.0s
    [variant layer_-5] TAM in 51.5s
    [variant layer_-6] logits built in 0.0s
    [variant layer_-6] TAM in 51.8s
    [variant layer_-7] logits built in 0.0s
    [variant layer_-7] TAM in 52.1s
    [variant layer_-8] logits built in 0.0s
    [variant layer_-8] TAM in 54.9s
    [variant layer_-9] logits built in 0.0s
    [variant layer_-9] TAM in 55.8s
    [variant layer_-10] logits built in 0.0s
    [variant layer_-10] TAM in 60.6s
    [variant cumavg_1] logits built in 0.0s
    [variant cumavg_1] TAM in 63.1s
    [variant cumavg_2] logits built in 0.5s
    [variant cumavg_2] TAM in 63.5s
    [variant cumavg_3] logits built in 1.2s
    [variant cumavg_3] TAM in 63.8s
    [variant cumavg_4] logits built in 1.9s
    [variant cumavg_4] TAM in 64.0s
    [variant cumavg_5] logits built in 2.6s
    [variant cumavg_5] TAM in 63.8s
    [variant cumavg_6] logits built in 3.3s
    [variant cumavg_6] TAM in 63.4s
    [variant cumavg_7] logits built in 4.0s
    [variant cumavg_7] TAM in 63.0s
    [variant cumavg_8] logits built in 4.7s
    [variant cumavg_8] TAM in 62.6s
    [variant cumavg_9] logits built in 5.4s
    [variant cumavg_9] TAM in 62.4s
    [variant cumavg_10] logits built in 6.1s
    [variant cumavg_10] TAM in 61.9s

[188/236] paragliding-launch
  Running paragliding-launch_exp11 | "strings of a parachute"
    [layer_tam] vision_shape=(10, 15, 27), n_gen_tokens=391, apply_norm=False
    [variant layer_-1] logits built in 0.0s
    [variant layer_-1] TAM in 63.1s
    [variant layer_-2] logits built in 0.0s
    [variant layer_-2] TAM in 62.6s
    [variant layer_-3] logits built in 0.0s
    [variant layer_-3] TAM in 48.5s
    [variant layer_-4] logits built in 0.0s
    [variant layer_-4] TAM in 45.8s
    [variant layer_-5] logits built in 0.0s
    [variant layer_-5] TAM in 51.6s
    [variant layer_-6] logits built in 0.0s
    [variant layer_-6] TAM in 51.6s
    [variant layer_-7] logits built in 0.0s
    [variant layer_-7] TAM in 52.0s
    [variant layer_-8] logits built in 0.0s
    [variant layer_-8] TAM in 54.9s
    [variant layer_-9] logits built in 0.0s
    [variant layer_-9] TAM in 55.9s
    [variant layer_-10] logits built in 0.0s
    [variant layer_-10] TAM in 60.2s
    [variant cumavg_1] logits built in 0.0s
    [variant cumavg_1] TAM in 63.2s
    [variant cumavg_2] logits built in 0.5s
    [variant cumavg_2] TAM in 63.8s
    [variant cumavg_3] logits built in 1.2s
    [variant cumavg_3] TAM in 64.1s
    [variant cumavg_4] logits built in 1.9s
    [variant cumavg_4] TAM in 64.2s
    [variant cumavg_5] logits built in 2.6s
    [variant cumavg_5] TAM in 64.2s
    [variant cumavg_6] logits built in 3.3s
    [variant cumavg_6] TAM in 63.6s
    [variant cumavg_7] logits built in 4.0s
    [variant cumavg_7] TAM in 63.2s
    [variant cumavg_8] logits built in 4.7s
    [variant cumavg_8] TAM in 62.7s
    [variant cumavg_9] logits built in 5.4s
    [variant cumavg_9] TAM in 62.5s
    [variant cumavg_10] logits built in 6.1s
    [variant cumavg_10] TAM in 62.3s

[189/236] parkour
  Running parkour_exp0 | "a man jumping across fences"
    [layer_tam] vision_shape=(13, 15, 27), n_gen_tokens=555, apply_norm=False
    [variant layer_-1] logits built in 0.1s
    [variant layer_-1] TAM in 112.1s
    [variant layer_-2] logits built in 0.1s
    [variant layer_-2] TAM in 111.8s
    [variant layer_-3] logits built in 0.1s
    [variant layer_-3] TAM in 89.6s
    [variant layer_-4] logits built in 0.1s
    [variant layer_-4] TAM in 82.8s
    [variant layer_-5] logits built in 0.1s
    [variant layer_-5] TAM in 96.3s
    [variant layer_-6] logits built in 0.1s
    [variant layer_-6] TAM in 96.2s
    [variant layer_-7] logits built in 0.1s
    [variant layer_-7] TAM in 98.1s
    [variant layer_-8] logits built in 0.1s
    [variant layer_-8] TAM in 100.0s
    [variant layer_-9] logits built in 0.1s
    [variant layer_-9] TAM in 99.6s
    [variant layer_-10] logits built in 0.1s
    [variant layer_-10] TAM in 107.9s
    [variant cumavg_1] logits built in 0.1s
    [variant cumavg_1] TAM in 112.1s
    [variant cumavg_2] logits built in 1.1s
    [variant cumavg_2] TAM in 112.5s
    [variant cumavg_3] logits built in 2.1s
    [variant cumavg_3] TAM in 112.8s
    [variant cumavg_4] logits built in 3.1s
    [variant cumavg_4] TAM in 112.7s
    [variant cumavg_5] logits built in 4.1s
    [variant cumavg_5] TAM in 111.8s
    [variant cumavg_6] logits built in 5.1s
    [variant cumavg_6] TAM in 111.7s
    [variant cumavg_7] logits built in 6.0s
    [variant cumavg_7] TAM in 111.3s
    [variant cumavg_8] logits built in 7.0s
    [variant cumavg_8] TAM in 111.0s
    [variant cumavg_9] logits built in 8.0s
    [variant cumavg_9] TAM in 110.2s
    [variant cumavg_10] logits built in 9.0s
    [variant cumavg_10] TAM in 110.0s

[190/236] parkour
  Running parkour_exp1 | "a person crossing over obstacles"
    [layer_tam] vision_shape=(13, 15, 27), n_gen_tokens=553, apply_norm=False
    [variant layer_-1] logits built in 0.1s
    [variant layer_-1] TAM in 112.7s
    [variant layer_-2] logits built in 0.1s
    [variant layer_-2] TAM in 111.2s
    [variant layer_-3] logits built in 0.1s
    [variant layer_-3] TAM in 89.0s
    [variant layer_-4] logits built in 0.1s
    [variant layer_-4] TAM in 82.8s
    [variant layer_-5] logits built in 0.1s
    [variant layer_-5] TAM in 96.2s
    [variant layer_-6] logits built in 0.1s
    [variant layer_-6] TAM in 96.2s
    [variant layer_-7] logits built in 0.1s
    [variant layer_-7] TAM in 98.0s
    [variant layer_-8] logits built in 0.1s
    [variant layer_-8] TAM in 99.7s
    [variant layer_-9] logits built in 0.1s
    [variant layer_-9] TAM in 99.0s
    [variant layer_-10] logits built in 0.1s
    [variant layer_-10] TAM in 107.2s
    [variant cumavg_1] logits built in 0.1s
    [variant cumavg_1] TAM in 112.1s
    [variant cumavg_2] logits built in 1.1s
    [variant cumavg_2] TAM in 112.6s
    [variant cumavg_3] logits built in 2.1s
    [variant cumavg_3] TAM in 112.6s
    [variant cumavg_4] logits built in 3.1s
    [variant cumavg_4] TAM in 112.4s
    [variant cumavg_5] logits built in 4.1s
    [variant cumavg_5] TAM in 112.0s
    [variant cumavg_6] logits built in 5.0s
    [variant cumavg_6] TAM in 111.6s
    [variant cumavg_7] logits built in 6.0s
    [variant cumavg_7] TAM in 111.1s
    [variant cumavg_8] logits built in 7.0s
    [variant cumavg_8] TAM in 110.2s
    [variant cumavg_9] logits built in 8.0s
    [variant cumavg_9] TAM in 109.8s
    [variant cumavg_10] logits built in 9.0s
    [variant cumavg_10] TAM in 109.6s

[191/236] parkour
  Running parkour_exp2 | "a parkour guy"
    [layer_tam] vision_shape=(13, 15, 27), n_gen_tokens=541, apply_norm=False
    [variant layer_-1] logits built in 0.1s
    [variant layer_-1] TAM in 110.0s
    [variant layer_-2] logits built in 0.1s
    [variant layer_-2] TAM in 110.0s
    [variant layer_-3] logits built in 0.1s
    [variant layer_-3] TAM in 88.3s
    [variant layer_-4] logits built in 0.1s
    [variant layer_-4] TAM in 81.5s
    [variant layer_-5] logits built in 0.1s
    [variant layer_-5] TAM in 94.9s
    [variant layer_-6] logits built in 0.1s
    [variant layer_-6] TAM in 94.6s
    [variant layer_-7] logits built in 0.1s
    [variant layer_-7] TAM in 96.5s
    [variant layer_-8] logits built in 0.1s
    [variant layer_-8] TAM in 98.4s
    [variant layer_-9] logits built in 0.1s
    [variant layer_-9] TAM in 97.6s
    [variant layer_-10] logits built in 0.1s
    [variant layer_-10] TAM in 106.2s
    [variant cumavg_1] logits built in 0.1s
    [variant cumavg_1] TAM in 109.9s
    [variant cumavg_2] logits built in 1.0s
    [variant cumavg_2] TAM in 110.3s
    [variant cumavg_3] logits built in 2.0s
    [variant cumavg_3] TAM in 111.2s
    [variant cumavg_4] logits built in 3.0s
    [variant cumavg_4] TAM in 110.6s
    [variant cumavg_5] logits built in 3.9s
    [variant cumavg_5] TAM in 110.5s
    [variant cumavg_6] logits built in 4.9s
    [variant cumavg_6] TAM in 110.1s
    [variant cumavg_7] logits built in 5.9s
    [variant cumavg_7] TAM in 109.7s
    [variant cumavg_8] logits built in 6.8s
    [variant cumavg_8] TAM in 109.0s
    [variant cumavg_9] logits built in 7.8s
    [variant cumavg_9] TAM in 108.4s
    [variant cumavg_10] logits built in 8.8s
    [variant cumavg_10] TAM in 108.1s

[192/236] parkour
  Running parkour_exp3 | "a person in a greyish blue shirt"
    [layer_tam] vision_shape=(13, 15, 27), n_gen_tokens=589, apply_norm=False
    [variant layer_-1] logits built in 0.2s
    [variant layer_-1] TAM in 120.0s
    [variant layer_-2] logits built in 0.2s
    [variant layer_-2] TAM in 118.0s
    [variant layer_-3] logits built in 0.2s
    [variant layer_-3] TAM in 95.4s
    [variant layer_-4] logits built in 0.2s
    [variant layer_-4] TAM in 89.0s
    [variant layer_-5] logits built in 0.2s
    [variant layer_-5] TAM in 102.6s
    [variant layer_-6] logits built in 0.2s
    [variant layer_-6] TAM in 102.6s
    [variant layer_-7] logits built in 0.2s
    [variant layer_-7] TAM in 104.3s
    [variant layer_-8] logits built in 0.2s
    [variant layer_-8] TAM in 106.6s
    [variant layer_-9] logits built in 0.2s
    [variant layer_-9] TAM in 105.7s
    [variant layer_-10] logits built in 0.2s
    [variant layer_-10] TAM in 114.3s
    [variant cumavg_1] logits built in 0.2s
    [variant cumavg_1] TAM in 119.7s
    [variant cumavg_2] logits built in 1.2s
    [variant cumavg_2] TAM in 119.7s
    [variant cumavg_3] logits built in 2.3s
    [variant cumavg_3] TAM in 119.8s
    [variant cumavg_4] logits built in 3.3s
    [variant cumavg_4] TAM in 119.6s
    [variant cumavg_5] logits built in 4.4s
    [variant cumavg_5] TAM in 119.0s
    [variant cumavg_6] logits built in 5.4s
    [variant cumavg_6] TAM in 118.6s
    [variant cumavg_7] logits built in 6.5s
    [variant cumavg_7] TAM in 118.0s
    [variant cumavg_8] logits built in 7.5s
    [variant cumavg_8] TAM in 117.2s
    [variant cumavg_9] logits built in 8.6s
    [variant cumavg_9] TAM in 116.8s
    [variant cumavg_10] logits built in 9.6s
    [variant cumavg_10] TAM in 116.7s

[193/236] pigs
  Running pigs_exp0 | "a brown and white colored piglet"
    [layer_tam] vision_shape=(10, 15, 27), n_gen_tokens=418, apply_norm=False
    [variant layer_-1] logits built in 0.0s
    [variant layer_-1] TAM in 66.8s
    [variant layer_-2] logits built in 0.0s
    [variant layer_-2] TAM in 66.6s
    [variant layer_-3] logits built in 0.0s
    [variant layer_-3] TAM in 52.8s
    [variant layer_-4] logits built in 0.0s
    [variant layer_-4] TAM in 48.1s
    [variant layer_-5] logits built in 0.0s
    [variant layer_-5] TAM in 52.9s
    [variant layer_-6] logits built in 0.0s
    [variant layer_-6] TAM in 52.0s
    [variant layer_-7] logits built in 0.0s
    [variant layer_-7] TAM in 52.8s
    [variant layer_-8] logits built in 0.0s
    [variant layer_-8] TAM in 55.8s
    [variant layer_-9] logits built in 0.0s
    [variant layer_-9] TAM in 56.6s
    [variant layer_-10] logits built in 0.0s
    [variant layer_-10] TAM in 62.3s
    [variant cumavg_1] logits built in 0.0s
    [variant cumavg_1] TAM in 67.1s
    [variant cumavg_2] logits built in 0.6s
    [variant cumavg_2] TAM in 67.5s
    [variant cumavg_3] logits built in 1.4s
    [variant cumavg_3] TAM in 67.7s
    [variant cumavg_4] logits built in 2.1s
    [variant cumavg_4] TAM in 67.5s
    [variant cumavg_5] logits built in 2.8s
    [variant cumavg_5] TAM in 67.2s
    [variant cumavg_6] logits built in 3.6s
    [variant cumavg_6] TAM in 66.5s
    [variant cumavg_7] logits built in 4.3s
    [variant cumavg_7] TAM in 65.9s
    [variant cumavg_8] logits built in 5.1s
    [variant cumavg_8] TAM in 65.3s
    [variant cumavg_9] logits built in 5.8s
    [variant cumavg_9] TAM in 65.0s
    [variant cumavg_10] logits built in 6.6s
    [variant cumavg_10] TAM in 64.7s

[194/236] pigs
  Running pigs_exp1 | "a brown and white coloured piglet"
    [layer_tam] vision_shape=(10, 15, 27), n_gen_tokens=424, apply_norm=False
    [variant layer_-1] logits built in 0.0s
    [variant layer_-1] TAM in 67.9s
    [variant layer_-2] logits built in 0.0s
    [variant layer_-2] TAM in 67.5s
    [variant layer_-3] logits built in 0.0s
    [variant layer_-3] TAM in 53.6s
    [variant layer_-4] logits built in 0.0s
    [variant layer_-4] TAM in 48.8s
    [variant layer_-5] logits built in 0.0s
    [variant layer_-5] TAM in 53.7s
    [variant layer_-6] logits built in 0.0s
    [variant layer_-6] TAM in 52.6s
    [variant layer_-7] logits built in 0.0s
    [variant layer_-7] TAM in 53.5s
    [variant layer_-8] logits built in 0.0s
    [variant layer_-8] TAM in 56.5s
    [variant layer_-9] logits built in 0.0s
    [variant layer_-9] TAM in 57.3s
    [variant layer_-10] logits built in 0.0s
    [variant layer_-10] TAM in 62.9s
    [variant cumavg_1] logits built in 0.0s
    [variant cumavg_1] TAM in 67.6s
    [variant cumavg_2] logits built in 0.6s
    [variant cumavg_2] TAM in 68.0s
    [variant cumavg_3] logits built in 1.4s
    [variant cumavg_3] TAM in 68.4s
    [variant cumavg_4] logits built in 2.1s
    [variant cumavg_4] TAM in 68.2s
    [variant cumavg_5] logits built in 2.9s
    [variant cumavg_5] TAM in 67.9s
    [variant cumavg_6] logits built in 3.6s
    [variant cumavg_6] TAM in 67.4s
    [variant cumavg_7] logits built in 4.4s
    [variant cumavg_7] TAM in 66.8s
    [variant cumavg_8] logits built in 5.2s
    [variant cumavg_8] TAM in 66.1s
    [variant cumavg_9] logits built in 5.9s
    [variant cumavg_9] TAM in 65.7s
    [variant cumavg_10] logits built in 6.7s
    [variant cumavg_10] TAM in 65.7s

[195/236] pigs
  Running pigs_exp2 | "a brown and white colored piglet"
    [layer_tam] vision_shape=(10, 15, 27), n_gen_tokens=424, apply_norm=False
    [variant layer_-1] logits built in 0.0s
    [variant layer_-1] TAM in 67.9s
    [variant layer_-2] logits built in 0.0s
    [variant layer_-2] TAM in 67.3s
    [variant layer_-3] logits built in 0.0s
    [variant layer_-3] TAM in 53.5s
    [variant layer_-4] logits built in 0.0s
    [variant layer_-4] TAM in 48.6s
    [variant layer_-5] logits built in 0.0s
    [variant layer_-5] TAM in 53.7s
    [variant layer_-6] logits built in 0.0s
    [variant layer_-6] TAM in 52.6s
    [variant layer_-7] logits built in 0.0s
    [variant layer_-7] TAM in 53.1s
    [variant layer_-8] logits built in 0.0s
    [variant layer_-8] TAM in 56.4s
    [variant layer_-9] logits built in 0.0s
    [variant layer_-9] TAM in 57.2s
    [variant layer_-10] logits built in 0.0s
    [variant layer_-10] TAM in 62.9s
    [variant cumavg_1] logits built in 0.0s
    [variant cumavg_1] TAM in 67.7s
    [variant cumavg_2] logits built in 0.6s
    [variant cumavg_2] TAM in 68.0s
    [variant cumavg_3] logits built in 1.4s
    [variant cumavg_3] TAM in 68.3s
    [variant cumavg_4] logits built in 2.1s
    [variant cumavg_4] TAM in 68.3s
    [variant cumavg_5] logits built in 2.9s
    [variant cumavg_5] TAM in 67.9s
    [variant cumavg_6] logits built in 3.7s
    [variant cumavg_6] TAM in 67.3s
    [variant cumavg_7] logits built in 4.4s
    [variant cumavg_7] TAM in 66.6s
    [variant cumavg_8] logits built in 5.2s
    [variant cumavg_8] TAM in 66.0s
    [variant cumavg_9] logits built in 5.9s
    [variant cumavg_9] TAM in 65.7s
    [variant cumavg_10] logits built in 6.7s
    [variant cumavg_10] TAM in 65.5s

[196/236] pigs
  Running pigs_exp3 | "a brown and white pig"
    [layer_tam] vision_shape=(10, 15, 27), n_gen_tokens=400, apply_norm=False
    [variant layer_-1] logits built in 0.0s
    [variant layer_-1] TAM in 63.4s
    [variant layer_-2] logits built in 0.0s
    [variant layer_-2] TAM in 63.1s
    [variant layer_-3] logits built in 0.0s
    [variant layer_-3] TAM in 49.1s
    [variant layer_-4] logits built in 0.0s
    [variant layer_-4] TAM in 44.2s
    [variant layer_-5] logits built in 0.0s
    [variant layer_-5] TAM in 49.0s
    [variant layer_-6] logits built in 0.0s
    [variant layer_-6] TAM in 48.2s
    [variant layer_-7] logits built in 0.0s
    [variant layer_-7] TAM in 49.1s
    [variant layer_-8] logits built in 0.0s
    [variant layer_-8] TAM in 51.9s
    [variant layer_-9] logits built in 0.0s
    [variant layer_-9] TAM in 52.8s
    [variant layer_-10] logits built in 0.0s
    [variant layer_-10] TAM in 58.2s
    [variant cumavg_1] logits built in 0.0s
    [variant cumavg_1] TAM in 63.4s
    [variant cumavg_2] logits built in 0.5s
    [variant cumavg_2] TAM in 63.9s
    [variant cumavg_3] logits built in 1.3s
    [variant cumavg_3] TAM in 64.1s
    [variant cumavg_4] logits built in 2.0s
    [variant cumavg_4] TAM in 64.1s
    [variant cumavg_5] logits built in 2.7s
    [variant cumavg_5] TAM in 63.6s
    [variant cumavg_6] logits built in 3.4s
    [variant cumavg_6] TAM in 62.9s
    [variant cumavg_7] logits built in 4.1s
    [variant cumavg_7] TAM in 62.4s
    [variant cumavg_8] logits built in 4.8s
    [variant cumavg_8] TAM in 61.8s
    [variant cumavg_9] logits built in 5.6s
    [variant cumavg_9] TAM in 61.7s
    [variant cumavg_10] logits built in 6.3s
    [variant cumavg_10] TAM in 61.4s

[197/236] pigs
  Running pigs_exp4 | "a brown piglet in the middle"
    [layer_tam] vision_shape=(10, 15, 27), n_gen_tokens=436, apply_norm=False
    [variant layer_-1] logits built in 0.0s
    [variant layer_-1] TAM in 70.0s
    [variant layer_-2] logits built in 0.0s
    [variant layer_-2] TAM in 69.8s
    [variant layer_-3] logits built in 0.0s
    [variant layer_-3] TAM in 54.9s
    [variant layer_-4] logits built in 0.0s
    [variant layer_-4] TAM in 49.5s
    [variant layer_-5] logits built in 0.0s
    [variant layer_-5] TAM in 54.7s
    [variant layer_-6] logits built in 0.0s
    [variant layer_-6] TAM in 53.8s
    [variant layer_-7] logits built in 0.0s
    [variant layer_-7] TAM in 54.2s
    [variant layer_-8] logits built in 0.0s
    [variant layer_-8] TAM in 57.4s
    [variant layer_-9] logits built in 0.0s
    [variant layer_-9] TAM in 58.3s
    [variant layer_-10] logits built in 0.0s
    [variant layer_-10] TAM in 64.6s
    [variant cumavg_1] logits built in 0.0s
    [variant cumavg_1] TAM in 69.7s
    [variant cumavg_2] logits built in 0.7s
    [variant cumavg_2] TAM in 70.3s
    [variant cumavg_3] logits built in 1.4s
    [variant cumavg_3] TAM in 70.4s
    [variant cumavg_4] logits built in 2.2s
    [variant cumavg_4] TAM in 70.0s
    [variant cumavg_5] logits built in 3.0s
    [variant cumavg_5] TAM in 69.5s
    [variant cumavg_6] logits built in 3.8s
    [variant cumavg_6] TAM in 69.0s
    [variant cumavg_7] logits built in 4.6s
    [variant cumavg_7] TAM in 68.4s
    [variant cumavg_8] logits built in 5.3s
    [variant cumavg_8] TAM in 67.8s
    [variant cumavg_9] logits built in 6.1s
    [variant cumavg_9] TAM in 67.4s
    [variant cumavg_10] logits built in 7.9s
    [variant cumavg_10] TAM in 67.2s

[198/236] pigs
  Running pigs_exp5 | "a brown piglet"
    [layer_tam] vision_shape=(10, 15, 27), n_gen_tokens=409, apply_norm=False
    [variant layer_-1] logits built in 0.0s
    [variant layer_-1] TAM in 65.4s
    [variant layer_-2] logits built in 0.0s
    [variant layer_-2] TAM in 65.2s
    [variant layer_-3] logits built in 0.0s
    [variant layer_-3] TAM in 51.3s
    [variant layer_-4] logits built in 0.0s
    [variant layer_-4] TAM in 46.2s
    [variant layer_-5] logits built in 0.0s
    [variant layer_-5] TAM in 51.0s
    [variant layer_-6] logits built in 0.0s
    [variant layer_-6] TAM in 50.2s
    [variant layer_-7] logits built in 0.0s
    [variant layer_-7] TAM in 50.7s
    [variant layer_-8] logits built in 0.0s
    [variant layer_-8] TAM in 53.8s
    [variant layer_-9] logits built in 0.0s
    [variant layer_-9] TAM in 54.9s
    [variant layer_-10] logits built in 0.0s
    [variant layer_-10] TAM in 60.4s
    [variant cumavg_1] logits built in 0.0s
    [variant cumavg_1] TAM in 65.5s
    [variant cumavg_2] logits built in 0.6s
    [variant cumavg_2] TAM in 65.8s
    [variant cumavg_3] logits built in 1.3s
    [variant cumavg_3] TAM in 66.0s
    [variant cumavg_4] logits built in 2.0s
    [variant cumavg_4] TAM in 66.2s
    [variant cumavg_5] logits built in 2.8s
    [variant cumavg_5] TAM in 65.7s
    [variant cumavg_6] logits built in 3.5s
    [variant cumavg_6] TAM in 65.0s
    [variant cumavg_7] logits built in 4.2s
    [variant cumavg_7] TAM in 64.3s
    [variant cumavg_8] logits built in 5.0s
    [variant cumavg_8] TAM in 63.8s
    [variant cumavg_9] logits built in 5.7s
    [variant cumavg_9] TAM in 63.4s
    [variant cumavg_10] logits built in 6.4s
    [variant cumavg_10] TAM in 63.1s

[199/236] pigs
  Running pigs_exp6 | "a brown piglet in the middle"
    [layer_tam] vision_shape=(10, 15, 27), n_gen_tokens=436, apply_norm=False
    [variant layer_-1] logits built in 0.0s
    [variant layer_-1] TAM in 70.3s
    [variant layer_-2] logits built in 0.0s
    [variant layer_-2] TAM in 69.9s
    [variant layer_-3] logits built in 0.0s
    [variant layer_-3] TAM in 54.9s
    [variant layer_-4] logits built in 0.0s
    [variant layer_-4] TAM in 49.3s
    [variant layer_-5] logits built in 0.0s
    [variant layer_-5] TAM in 54.9s
    [variant layer_-6] logits built in 0.0s
    [variant layer_-6] TAM in 53.8s
    [variant layer_-7] logits built in 0.0s
    [variant layer_-7] TAM in 54.2s
    [variant layer_-8] logits built in 0.0s
    [variant layer_-8] TAM in 57.6s
    [variant layer_-9] logits built in 0.0s
    [variant layer_-9] TAM in 58.5s
    [variant layer_-10] logits built in 0.0s
    [variant layer_-10] TAM in 64.7s
    [variant cumavg_1] logits built in 0.0s
    [variant cumavg_1] TAM in 69.9s
    [variant cumavg_2] logits built in 0.7s
    [variant cumavg_2] TAM in 70.4s
    [variant cumavg_3] logits built in 1.4s
    [variant cumavg_3] TAM in 70.6s
    [variant cumavg_4] logits built in 2.2s
    [variant cumavg_4] TAM in 70.3s
    [variant cumavg_5] logits built in 3.0s
    [variant cumavg_5] TAM in 70.1s
    [variant cumavg_6] logits built in 3.8s
    [variant cumavg_6] TAM in 69.4s
    [variant cumavg_7] logits built in 4.6s
    [variant cumavg_7] TAM in 68.7s
    [variant cumavg_8] logits built in 5.3s
    [variant cumavg_8] TAM in 68.1s
    [variant cumavg_9] logits built in 6.1s
    [variant cumavg_9] TAM in 67.7s
    [variant cumavg_10] logits built in 6.9s
    [variant cumavg_10] TAM in 67.7s

[200/236] pigs
  Running pigs_exp7 | "a fully brown pig in the centre"
    [layer_tam] vision_shape=(10, 15, 27), n_gen_tokens=436, apply_norm=False
    [variant layer_-1] logits built in 0.0s
    [variant layer_-1] TAM in 69.4s
    [variant layer_-2] logits built in 0.0s
    [variant layer_-2] TAM in 69.2s
    [variant layer_-3] logits built in 0.0s
    [variant layer_-3] TAM in 54.7s
    [variant layer_-4] logits built in 0.0s
    [variant layer_-4] TAM in 49.5s
    [variant layer_-5] logits built in 0.0s
    [variant layer_-5] TAM in 55.1s
    [variant layer_-6] logits built in 0.0s
    [variant layer_-6] TAM in 53.4s
    [variant layer_-7] logits built in 0.0s
    [variant layer_-7] TAM in 54.4s
    [variant layer_-8] logits built in 0.0s
    [variant layer_-8] TAM in 57.6s
    [variant layer_-9] logits built in 0.0s
    [variant layer_-9] TAM in 58.9s
    [variant layer_-10] logits built in 0.0s
    [variant layer_-10] TAM in 64.7s
    [variant cumavg_1] logits built in 0.0s
    [variant cumavg_1] TAM in 69.4s
    [variant cumavg_2] logits built in 0.7s
    [variant cumavg_2] TAM in 69.9s
    [variant cumavg_3] logits built in 1.4s
    [variant cumavg_3] TAM in 70.2s
    [variant cumavg_4] logits built in 2.2s
    [variant cumavg_4] TAM in 69.9s
    [variant cumavg_5] logits built in 3.0s
    [variant cumavg_5] TAM in 69.8s
    [variant cumavg_6] logits built in 3.8s
    [variant cumavg_6] TAM in 69.0s
    [variant cumavg_7] logits built in 4.5s
    [variant cumavg_7] TAM in 68.3s
    [variant cumavg_8] logits built in 5.3s
    [variant cumavg_8] TAM in 67.7s
    [variant cumavg_9] logits built in 6.1s
    [variant cumavg_9] TAM in 67.1s
    [variant cumavg_10] logits built in 6.9s
    [variant cumavg_10] TAM in 67.1s

[201/236] pigs
  Running pigs_exp8 | "an adult pig on the right"
    [layer_tam] vision_shape=(10, 15, 27), n_gen_tokens=427, apply_norm=False
    [variant layer_-1] logits built in 0.0s
    [variant layer_-1] TAM in 67.6s
    [variant layer_-2] logits built in 0.0s
    [variant layer_-2] TAM in 67.2s
    [variant layer_-3] logits built in 0.0s
    [variant layer_-3] TAM in 52.3s
    [variant layer_-4] logits built in 0.0s
    [variant layer_-4] TAM in 47.0s
    [variant layer_-5] logits built in 0.0s
    [variant layer_-5] TAM in 52.3s
    [variant layer_-6] logits built in 0.0s
    [variant layer_-6] TAM in 51.3s
    [variant layer_-7] logits built in 0.0s
    [variant layer_-7] TAM in 52.1s
    [variant layer_-8] logits built in 0.0s
    [variant layer_-8] TAM in 55.5s
    [variant layer_-9] logits built in 0.0s
    [variant layer_-9] TAM in 56.2s
    [variant layer_-10] logits built in 0.0s
    [variant layer_-10] TAM in 62.0s
    [variant cumavg_1] logits built in 0.0s
    [variant cumavg_1] TAM in 67.2s
    [variant cumavg_2] logits built in 0.6s
    [variant cumavg_2] TAM in 67.8s
    [variant cumavg_3] logits built in 1.4s
    [variant cumavg_3] TAM in 67.9s
    [variant cumavg_4] logits built in 2.2s
    [variant cumavg_4] TAM in 67.8s
    [variant cumavg_5] logits built in 2.9s
    [variant cumavg_5] TAM in 67.4s
    [variant cumavg_6] logits built in 3.7s
    [variant cumavg_6] TAM in 66.8s
    [variant cumavg_7] logits built in 4.4s
    [variant cumavg_7] TAM in 66.2s
    [variant cumavg_8] logits built in 5.2s
    [variant cumavg_8] TAM in 65.6s
    [variant cumavg_9] logits built in 6.0s
    [variant cumavg_9] TAM in 65.2s
    [variant cumavg_10] logits built in 6.7s
    [variant cumavg_10] TAM in 65.0s

[202/236] pigs
  Running pigs_exp9 | "an adult pig"
    [layer_tam] vision_shape=(10, 15, 27), n_gen_tokens=400, apply_norm=False
    [variant layer_-1] logits built in 0.0s
    [variant layer_-1] TAM in 63.9s
    [variant layer_-2] logits built in 0.0s
    [variant layer_-2] TAM in 63.5s
    [variant layer_-3] logits built in 0.0s
    [variant layer_-3] TAM in 49.7s
    [variant layer_-4] logits built in 0.0s
    [variant layer_-4] TAM in 44.8s
    [variant layer_-5] logits built in 0.0s
    [variant layer_-5] TAM in 49.9s
    [variant layer_-6] logits built in 0.0s
    [variant layer_-6] TAM in 48.6s
    [variant layer_-7] logits built in 0.0s
    [variant layer_-7] TAM in 49.5s
    [variant layer_-8] logits built in 0.0s
    [variant layer_-8] TAM in 52.6s
    [variant layer_-9] logits built in 0.0s
    [variant layer_-9] TAM in 53.6s
    [variant layer_-10] logits built in 0.0s
    [variant layer_-10] TAM in 59.0s
    [variant cumavg_1] logits built in 0.0s
    [variant cumavg_1] TAM in 64.0s
    [variant cumavg_2] logits built in 0.5s
    [variant cumavg_2] TAM in 64.4s
    [variant cumavg_3] logits built in 1.3s
    [variant cumavg_3] TAM in 64.4s
    [variant cumavg_4] logits built in 2.0s
    [variant cumavg_4] TAM in 64.6s
    [variant cumavg_5] logits built in 2.7s
    [variant cumavg_5] TAM in 64.2s
    [variant cumavg_6] logits built in 3.4s
    [variant cumavg_6] TAM in 63.4s
    [variant cumavg_7] logits built in 4.1s
    [variant cumavg_7] TAM in 62.8s
    [variant cumavg_8] logits built in 4.8s
    [variant cumavg_8] TAM in 62.3s
    [variant cumavg_9] logits built in 5.6s
    [variant cumavg_9] TAM in 61.8s
    [variant cumavg_10] logits built in 6.3s
    [variant cumavg_10] TAM in 61.7s

[203/236] pigs
  Running pigs_exp10 | "a pig on the right"
    [layer_tam] vision_shape=(10, 15, 27), n_gen_tokens=418, apply_norm=False
    [variant layer_-1] logits built in 0.0s
    [variant layer_-1] TAM in 66.3s
    [variant layer_-2] logits built in 0.0s
    [variant layer_-2] TAM in 66.1s
    [variant layer_-3] logits built in 0.0s
    [variant layer_-3] TAM in 51.0s
    [variant layer_-4] logits built in 0.0s
    [variant layer_-4] TAM in 45.2s
    [variant layer_-5] logits built in 0.0s
    [variant layer_-5] TAM in 50.7s
    [variant layer_-6] logits built in 0.0s
    [variant layer_-6] TAM in 49.6s
    [variant layer_-7] logits built in 0.0s
    [variant layer_-7] TAM in 50.2s
    [variant layer_-8] logits built in 0.0s
    [variant layer_-8] TAM in 53.6s
    [variant layer_-9] logits built in 0.0s
    [variant layer_-9] TAM in 54.4s
    [variant layer_-10] logits built in 0.0s
    [variant layer_-10] TAM in 60.4s
    [variant cumavg_1] logits built in 0.0s
    [variant cumavg_1] TAM in 66.0s
    [variant cumavg_2] logits built in 0.6s
    [variant cumavg_2] TAM in 66.7s
    [variant cumavg_3] logits built in 1.4s
    [variant cumavg_3] TAM in 66.8s
    [variant cumavg_4] logits built in 2.1s
    [variant cumavg_4] TAM in 66.8s
    [variant cumavg_5] logits built in 2.8s
    [variant cumavg_5] TAM in 66.3s
    [variant cumavg_6] logits built in 3.6s
    [variant cumavg_6] TAM in 65.7s
    [variant cumavg_7] logits built in 4.3s
    [variant cumavg_7] TAM in 65.0s
    [variant cumavg_8] logits built in 5.1s
    [variant cumavg_8] TAM in 64.5s
    [variant cumavg_9] logits built in 5.8s
    [variant cumavg_9] TAM in 64.0s
    [variant cumavg_10] logits built in 6.6s
    [variant cumavg_10] TAM in 63.8s

[204/236] pigs
  Running pigs_exp11 | "a black colored pig"
    [layer_tam] vision_shape=(10, 15, 27), n_gen_tokens=409, apply_norm=False
    [variant layer_-1] logits built in 0.0s
    [variant layer_-1] TAM in 65.3s
    [variant layer_-2] logits built in 0.0s
    [variant layer_-2] TAM in 65.0s
    [variant layer_-3] logits built in 0.0s
    [variant layer_-3] TAM in 50.6s
    [variant layer_-4] logits built in 0.0s
    [variant layer_-4] TAM in 45.5s
    [variant layer_-5] logits built in 0.0s
    [variant layer_-5] TAM in 50.4s
    [variant layer_-6] logits built in 0.0s
    [variant layer_-6] TAM in 49.4s
    [variant layer_-7] logits built in 0.0s
    [variant layer_-7] TAM in 50.0s
    [variant layer_-8] logits built in 0.0s
    [variant layer_-8] TAM in 53.3s
    [variant layer_-9] logits built in 0.0s
    [variant layer_-9] TAM in 54.0s
    [variant layer_-10] logits built in 0.0s
    [variant layer_-10] TAM in 59.8s
    [variant cumavg_1] logits built in 0.0s
    [variant cumavg_1] TAM in 65.1s
    [variant cumavg_2] logits built in 0.6s
    [variant cumavg_2] TAM in 65.8s
    [variant cumavg_3] logits built in 1.3s
    [variant cumavg_3] TAM in 66.0s
    [variant cumavg_4] logits built in 2.0s
    [variant cumavg_4] TAM in 66.0s
    [variant cumavg_5] logits built in 2.8s
    [variant cumavg_5] TAM in 65.7s
    [variant cumavg_6] logits built in 3.5s
    [variant cumavg_6] TAM in 64.8s
    [variant cumavg_7] logits built in 4.2s
    [variant cumavg_7] TAM in 64.3s
    [variant cumavg_8] logits built in 5.0s
    [variant cumavg_8] TAM in 63.7s
    [variant cumavg_9] logits built in 5.7s
    [variant cumavg_9] TAM in 63.4s
    [variant cumavg_10] logits built in 6.4s
    [variant cumavg_10] TAM in 63.0s

[205/236] scooter-black
  Running scooter-black_exp0 | "a man in a suit riding a scooter"
    [layer_tam] vision_shape=(6, 15, 27), n_gen_tokens=299, apply_norm=False
    [variant layer_-1] logits built in 0.0s
    [variant layer_-1] TAM in 30.6s
    [variant layer_-2] logits built in 0.0s
    [variant layer_-2] TAM in 30.4s
    [variant layer_-3] logits built in 0.0s
    [variant layer_-3] TAM in 24.5s
    [variant layer_-4] logits built in 0.0s
    [variant layer_-4] TAM in 22.4s
    [variant layer_-5] logits built in 0.0s
    [variant layer_-5] TAM in 24.5s
    [variant layer_-6] logits built in 0.0s
    [variant layer_-6] TAM in 24.3s
    [variant layer_-7] logits built in 0.0s
    [variant layer_-7] TAM in 24.7s
    [variant layer_-8] logits built in 0.0s
    [variant layer_-8] TAM in 25.5s
    [variant layer_-9] logits built in 0.0s
    [variant layer_-9] TAM in 25.5s
    [variant layer_-10] logits built in 0.0s
    [variant layer_-10] TAM in 28.4s
    [variant cumavg_1] logits built in 0.0s
    [variant cumavg_1] TAM in 30.5s
    [variant cumavg_2] logits built in 0.2s
    [variant cumavg_2] TAM in 31.0s
    [variant cumavg_3] logits built in 0.7s
    [variant cumavg_3] TAM in 31.0s
    [variant cumavg_4] logits built in 1.2s
    [variant cumavg_4] TAM in 31.0s
    [variant cumavg_5] logits built in 1.8s
    [variant cumavg_5] TAM in 30.7s
    [variant cumavg_6] logits built in 2.3s
    [variant cumavg_6] TAM in 30.4s
    [variant cumavg_7] logits built in 2.8s
    [variant cumavg_7] TAM in 30.0s
    [variant cumavg_8] logits built in 3.4s
    [variant cumavg_8] TAM in 29.8s
    [variant cumavg_9] logits built in 3.9s
    [variant cumavg_9] TAM in 29.7s
    [variant cumavg_10] logits built in 4.4s
    [variant cumavg_10] TAM in 29.7s

[206/236] scooter-black
  Running scooter-black_exp1 | "a man in a suit riding on a black scooter"
    [layer_tam] vision_shape=(6, 15, 27), n_gen_tokens=311, apply_norm=False
    [variant layer_-1] logits built in 0.0s
    [variant layer_-1] TAM in 31.6s
    [variant layer_-2] logits built in 0.0s
    [variant layer_-2] TAM in 31.7s
    [variant layer_-3] logits built in 0.0s
    [variant layer_-3] TAM in 25.6s
    [variant layer_-4] logits built in 0.0s
    [variant layer_-4] TAM in 23.6s
    [variant layer_-5] logits built in 0.0s
    [variant layer_-5] TAM in 25.8s
    [variant layer_-6] logits built in 0.0s
    [variant layer_-6] TAM in 25.5s
    [variant layer_-7] logits built in 0.0s
    [variant layer_-7] TAM in 25.8s
    [variant layer_-8] logits built in 0.0s
    [variant layer_-8] TAM in 26.8s
    [variant layer_-9] logits built in 0.0s
    [variant layer_-9] TAM in 26.6s
    [variant layer_-10] logits built in 0.0s
    [variant layer_-10] TAM in 29.6s
    [variant cumavg_1] logits built in 0.0s
    [variant cumavg_1] TAM in 31.7s
    [variant cumavg_2] logits built in 0.2s
    [variant cumavg_2] TAM in 32.2s
    [variant cumavg_3] logits built in 0.8s
    [variant cumavg_3] TAM in 32.2s
    [variant cumavg_4] logits built in 1.3s
    [variant cumavg_4] TAM in 32.2s
    [variant cumavg_5] logits built in 1.9s
    [variant cumavg_5] TAM in 32.0s
    [variant cumavg_6] logits built in 2.4s
    [variant cumavg_6] TAM in 31.8s
    [variant cumavg_7] logits built in 3.0s
    [variant cumavg_7] TAM in 31.5s
    [variant cumavg_8] logits built in 3.5s
    [variant cumavg_8] TAM in 31.1s
    [variant cumavg_9] logits built in 4.1s
    [variant cumavg_9] TAM in 31.0s
    [variant cumavg_10] logits built in 4.6s
    [variant cumavg_10] TAM in 30.9s

[207/236] scooter-black
  Running scooter-black_exp2 | "a man riding a scooter"
    [layer_tam] vision_shape=(6, 15, 27), n_gen_tokens=281, apply_norm=False
    [variant layer_-1] logits built in 0.0s
    [variant layer_-1] TAM in 28.8s
    [variant layer_-2] logits built in 0.0s
    [variant layer_-2] TAM in 28.8s
    [variant layer_-3] logits built in 0.0s
    [variant layer_-3] TAM in 23.1s
    [variant layer_-4] logits built in 0.0s
    [variant layer_-4] TAM in 21.2s
    [variant layer_-5] logits built in 0.0s
    [variant layer_-5] TAM in 23.2s
    [variant layer_-6] logits built in 0.0s
    [variant layer_-6] TAM in 22.8s
    [variant layer_-7] logits built in 0.0s
    [variant layer_-7] TAM in 23.2s
    [variant layer_-8] logits built in 0.0s
    [variant layer_-8] TAM in 24.1s
    [variant layer_-9] logits built in 0.0s
    [variant layer_-9] TAM in 23.9s
    [variant layer_-10] logits built in 0.0s
    [variant layer_-10] TAM in 26.7s
    [variant cumavg_1] logits built in 0.0s
    [variant cumavg_1] TAM in 28.8s
    [variant cumavg_2] logits built in 0.1s
    [variant cumavg_2] TAM in 29.2s
    [variant cumavg_3] logits built in 0.6s
    [variant cumavg_3] TAM in 29.4s
    [variant cumavg_4] logits built in 1.1s
    [variant cumavg_4] TAM in 29.4s
    [variant cumavg_5] logits built in 1.6s
    [variant cumavg_5] TAM in 29.2s
    [variant cumavg_6] logits built in 2.1s
    [variant cumavg_6] TAM in 28.9s
    [variant cumavg_7] logits built in 2.6s
    [variant cumavg_7] TAM in 28.6s
    [variant cumavg_8] logits built in 3.1s
    [variant cumavg_8] TAM in 28.4s
    [variant cumavg_9] logits built in 3.6s
    [variant cumavg_9] TAM in 28.2s
    [variant cumavg_10] logits built in 4.1s
    [variant cumavg_10] TAM in 28.1s

[208/236] scooter-black
  Running scooter-black_exp3 | "a man wearing a white helmet riding a scooter"
    [layer_tam] vision_shape=(6, 15, 27), n_gen_tokens=305, apply_norm=False
    [variant layer_-1] logits built in 0.0s
    [variant layer_-1] TAM in 31.2s
    [variant layer_-2] logits built in 0.0s
    [variant layer_-2] TAM in 31.3s
    [variant layer_-3] logits built in 0.0s
    [variant layer_-3] TAM in 25.4s
    [variant layer_-4] logits built in 0.0s
    [variant layer_-4] TAM in 23.3s
    [variant layer_-5] logits built in 0.0s
    [variant layer_-5] TAM in 25.4s
    [variant layer_-6] logits built in 0.0s
    [variant layer_-6] TAM in 25.1s
    [variant layer_-7] logits built in 0.0s
    [variant layer_-7] TAM in 25.4s
    [variant layer_-8] logits built in 0.0s
    [variant layer_-8] TAM in 26.2s
    [variant layer_-9] logits built in 0.0s
    [variant layer_-9] TAM in 25.9s
    [variant layer_-10] logits built in 0.0s
    [variant layer_-10] TAM in 29.1s
    [variant cumavg_1] logits built in 0.0s
    [variant cumavg_1] TAM in 31.0s
    [variant cumavg_2] logits built in 0.2s
    [variant cumavg_2] TAM in 31.6s
    [variant cumavg_3] logits built in 0.7s
    [variant cumavg_3] TAM in 31.7s
    [variant cumavg_4] logits built in 1.3s
    [variant cumavg_4] TAM in 31.7s
    [variant cumavg_5] logits built in 1.8s
    [variant cumavg_5] TAM in 31.5s
    [variant cumavg_6] logits built in 2.4s
    [variant cumavg_6] TAM in 31.2s
    [variant cumavg_7] logits built in 2.9s
    [variant cumavg_7] TAM in 30.9s
    [variant cumavg_8] logits built in 3.4s
    [variant cumavg_8] TAM in 30.7s
    [variant cumavg_9] logits built in 4.0s
    [variant cumavg_9] TAM in 30.4s
    [variant cumavg_10] logits built in 4.5s
    [variant cumavg_10] TAM in 30.4s

[209/236] scooter-black
  Running scooter-black_exp4 | "a black scooter ridden by a man"
    [layer_tam] vision_shape=(6, 15, 27), n_gen_tokens=293, apply_norm=False
    [variant layer_-1] logits built in 0.0s
    [variant layer_-1] TAM in 30.0s
    [variant layer_-2] logits built in 0.0s
    [variant layer_-2] TAM in 30.0s
    [variant layer_-3] logits built in 0.0s
    [variant layer_-3] TAM in 24.0s
    [variant layer_-4] logits built in 0.0s
    [variant layer_-4] TAM in 22.1s
    [variant layer_-5] logits built in 0.0s
    [variant layer_-5] TAM in 24.3s
    [variant layer_-6] logits built in 0.0s
    [variant layer_-6] TAM in 23.8s
    [variant layer_-7] logits built in 0.0s
    [variant layer_-7] TAM in 24.3s
    [variant layer_-8] logits built in 0.0s
    [variant layer_-8] TAM in 25.2s
    [variant layer_-9] logits built in 0.0s
    [variant layer_-9] TAM in 25.1s
    [variant layer_-10] logits built in 0.0s
    [variant layer_-10] TAM in 27.9s
    [variant cumavg_1] logits built in 0.0s
    [variant cumavg_1] TAM in 30.0s
    [variant cumavg_2] logits built in 0.2s
    [variant cumavg_2] TAM in 30.5s
    [variant cumavg_3] logits built in 0.7s
    [variant cumavg_3] TAM in 30.6s
    [variant cumavg_4] logits built in 1.2s
    [variant cumavg_4] TAM in 30.5s
    [variant cumavg_5] logits built in 1.7s
    [variant cumavg_5] TAM in 30.4s
    [variant cumavg_6] logits built in 2.2s
    [variant cumavg_6] TAM in 30.2s
    [variant cumavg_7] logits built in 2.8s
    [variant cumavg_7] TAM in 29.9s
    [variant cumavg_8] logits built in 3.3s
    [variant cumavg_8] TAM in 29.6s
    [variant cumavg_9] logits built in 3.8s
    [variant cumavg_9] TAM in 29.3s
    [variant cumavg_10] logits built in 4.3s
    [variant cumavg_10] TAM in 29.3s

[210/236] scooter-black
  Running scooter-black_exp5 | "a black scooter being ridden in a street"
    [layer_tam] vision_shape=(6, 15, 27), n_gen_tokens=299, apply_norm=False
    [variant layer_-1] logits built in 0.0s
    [variant layer_-1] TAM in 30.4s
    [variant layer_-2] logits built in 0.0s
    [variant layer_-2] TAM in 30.4s
    [variant layer_-3] logits built in 0.0s
    [variant layer_-3] TAM in 24.5s
    [variant layer_-4] logits built in 0.0s
    [variant layer_-4] TAM in 22.5s
    [variant layer_-5] logits built in 0.0s
    [variant layer_-5] TAM in 24.6s
    [variant layer_-6] logits built in 0.0s
    [variant layer_-6] TAM in 24.3s
    [variant layer_-7] logits built in 0.0s
    [variant layer_-7] TAM in 24.6s
    [variant layer_-8] logits built in 0.0s
    [variant layer_-8] TAM in 25.6s
    [variant layer_-9] logits built in 0.0s
    [variant layer_-9] TAM in 25.5s
    [variant layer_-10] logits built in 0.0s
    [variant layer_-10] TAM in 28.3s
    [variant cumavg_1] logits built in 0.0s
    [variant cumavg_1] TAM in 30.3s
    [variant cumavg_2] logits built in 0.2s
    [variant cumavg_2] TAM in 30.9s
    [variant cumavg_3] logits built in 0.7s
    [variant cumavg_3] TAM in 31.0s
    [variant cumavg_4] logits built in 1.2s
    [variant cumavg_4] TAM in 30.9s
    [variant cumavg_5] logits built in 1.8s
    [variant cumavg_5] TAM in 30.8s
    [variant cumavg_6] logits built in 2.3s
    [variant cumavg_6] TAM in 30.4s
    [variant cumavg_7] logits built in 2.8s
    [variant cumavg_7] TAM in 30.2s
    [variant cumavg_8] logits built in 3.4s
    [variant cumavg_8] TAM in 30.0s
    [variant cumavg_9] logits built in 3.9s
    [variant cumavg_9] TAM in 29.7s
    [variant cumavg_10] logits built in 4.4s
    [variant cumavg_10] TAM in 29.6s

[211/236] scooter-black
  Running scooter-black_exp6 | "a black scooter"
    [layer_tam] vision_shape=(6, 15, 27), n_gen_tokens=269, apply_norm=False
    [variant layer_-1] logits built in 0.0s
    [variant layer_-1] TAM in 27.6s
    [variant layer_-2] logits built in 0.0s
    [variant layer_-2] TAM in 27.4s
    [variant layer_-3] logits built in 0.0s
    [variant layer_-3] TAM in 21.7s
    [variant layer_-4] logits built in 0.0s
    [variant layer_-4] TAM in 20.0s
    [variant layer_-5] logits built in 0.0s
    [variant layer_-5] TAM in 22.0s
    [variant layer_-6] logits built in 0.0s
    [variant layer_-6] TAM in 21.6s
    [variant layer_-7] logits built in 0.0s
    [variant layer_-7] TAM in 22.0s
    [variant layer_-8] logits built in 0.0s
    [variant layer_-8] TAM in 22.7s
    [variant layer_-9] logits built in 0.0s
    [variant layer_-9] TAM in 22.8s
    [variant layer_-10] logits built in 0.0s
    [variant layer_-10] TAM in 25.4s
    [variant cumavg_1] logits built in 0.0s
    [variant cumavg_1] TAM in 27.5s
    [variant cumavg_2] logits built in 0.1s
    [variant cumavg_2] TAM in 28.0s
    [variant cumavg_3] logits built in 0.6s
    [variant cumavg_3] TAM in 28.1s
    [variant cumavg_4] logits built in 1.0s
    [variant cumavg_4] TAM in 28.1s
    [variant cumavg_5] logits built in 1.5s
    [variant cumavg_5] TAM in 28.0s
    [variant cumavg_6] logits built in 2.0s
    [variant cumavg_6] TAM in 27.7s
    [variant cumavg_7] logits built in 2.5s
    [variant cumavg_7] TAM in 27.4s
    [variant cumavg_8] logits built in 2.9s
    [variant cumavg_8] TAM in 27.2s
    [variant cumavg_9] logits built in 3.4s
    [variant cumavg_9] TAM in 27.0s
    [variant cumavg_10] logits built in 3.9s
    [variant cumavg_10] TAM in 26.8s

[212/236] scooter-black
  Running scooter-black_exp7 | "a black heavy bike with a bmw logo in the middle of the road"
    [layer_tam] vision_shape=(6, 15, 27), n_gen_tokens=341, apply_norm=False
    [variant layer_-1] logits built in 0.0s
    [variant layer_-1] TAM in 34.7s
    [variant layer_-2] logits built in 0.0s
    [variant layer_-2] TAM in 34.8s
    [variant layer_-3] logits built in 0.0s
    [variant layer_-3] TAM in 28.1s
    [variant layer_-4] logits built in 0.0s
    [variant layer_-4] TAM in 26.0s
    [variant layer_-5] logits built in 0.0s
    [variant layer_-5] TAM in 28.4s
    [variant layer_-6] logits built in 0.0s
    [variant layer_-6] TAM in 28.0s
    [variant layer_-7] logits built in 0.0s
    [variant layer_-7] TAM in 28.2s
    [variant layer_-8] logits built in 0.0s
    [variant layer_-8] TAM in 29.5s
    [variant layer_-9] logits built in 0.0s
    [variant layer_-9] TAM in 29.4s
    [variant layer_-10] logits built in 0.0s
    [variant layer_-10] TAM in 32.5s
    [variant cumavg_1] logits built in 0.0s
    [variant cumavg_1] TAM in 34.6s
    [variant cumavg_2] logits built in 0.3s
    [variant cumavg_2] TAM in 35.2s
    [variant cumavg_3] logits built in 0.9s
    [variant cumavg_3] TAM in 35.2s
    [variant cumavg_4] logits built in 1.5s
    [variant cumavg_4] TAM in 35.2s
    [variant cumavg_5] logits built in 2.1s
    [variant cumavg_5] TAM in 35.0s
    [variant cumavg_6] logits built in 2.7s
    [variant cumavg_6] TAM in 34.7s
    [variant cumavg_7] logits built in 3.3s
    [variant cumavg_7] TAM in 34.5s
    [variant cumavg_8] logits built in 3.9s
    [variant cumavg_8] TAM in 34.1s
    [variant cumavg_9] logits built in 4.5s
    [variant cumavg_9] TAM in 33.9s
    [variant cumavg_10] logits built in 5.1s
    [variant cumavg_10] TAM in 33.8s

[213/236] shooting
  Running shooting_exp0 | "a black shooting gun"
    [layer_tam] vision_shape=(5, 15, 36), n_gen_tokens=184, apply_norm=False
    [variant layer_-1] logits built in 0.0s
    [variant layer_-1] TAM in 21.1s
    [variant layer_-2] logits built in 0.0s
    [variant layer_-2] TAM in 21.2s
    [variant layer_-3] logits built in 0.0s
    [variant layer_-3] TAM in 16.0s
    [variant layer_-4] logits built in 0.0s
    [variant layer_-4] TAM in 14.9s
    [variant layer_-5] logits built in 0.0s
    [variant layer_-5] TAM in 17.3s
    [variant layer_-6] logits built in 0.0s
    [variant layer_-6] TAM in 17.5s
    [variant layer_-7] logits built in 0.0s
    [variant layer_-7] TAM in 17.8s
    [variant layer_-8] logits built in 0.0s
    [variant layer_-8] TAM in 18.4s
    [variant layer_-9] logits built in 0.0s
    [variant layer_-9] TAM in 18.3s
    [variant layer_-10] logits built in 0.0s
    [variant layer_-10] TAM in 20.2s
    [variant cumavg_1] logits built in 0.0s
    [variant cumavg_1] TAM in 21.1s
    [variant cumavg_2] logits built in 0.0s
    [variant cumavg_2] TAM in 21.5s
    [variant cumavg_3] logits built in 0.1s
    [variant cumavg_3] TAM in 21.8s
    [variant cumavg_4] logits built in 0.5s
    [variant cumavg_4] TAM in 21.9s
    [variant cumavg_5] logits built in 0.8s
    [variant cumavg_5] TAM in 21.9s
    [variant cumavg_6] logits built in 1.1s
    [variant cumavg_6] TAM in 21.7s
    [variant cumavg_7] logits built in 1.5s
    [variant cumavg_7] TAM in 21.6s
    [variant cumavg_8] logits built in 1.8s
    [variant cumavg_8] TAM in 21.5s
    [variant cumavg_9] logits built in 2.1s
    [variant cumavg_9] TAM in 21.3s
    [variant cumavg_10] logits built in 2.5s
    [variant cumavg_10] TAM in 21.5s

[214/236] shooting
  Running shooting_exp1 | "a black rifle"
    [layer_tam] vision_shape=(5, 15, 36), n_gen_tokens=181, apply_norm=False
    [variant layer_-1] logits built in 0.0s
    [variant layer_-1] TAM in 20.9s
    [variant layer_-2] logits built in 0.0s
    [variant layer_-2] TAM in 21.0s
    [variant layer_-3] logits built in 0.0s
    [variant layer_-3] TAM in 15.7s
    [variant layer_-4] logits built in 0.0s
    [variant layer_-4] TAM in 14.7s
    [variant layer_-5] logits built in 0.0s
    [variant layer_-5] TAM in 17.0s
    [variant layer_-6] logits built in 0.0s
    [variant layer_-6] TAM in 17.2s
    [variant layer_-7] logits built in 0.0s
    [variant layer_-7] TAM in 17.6s
    [variant layer_-8] logits built in 0.0s
    [variant layer_-8] TAM in 18.3s
    [variant layer_-9] logits built in 0.0s
    [variant layer_-9] TAM in 18.0s
    [variant layer_-10] logits built in 0.0s
    [variant layer_-10] TAM in 19.9s
    [variant cumavg_1] logits built in 0.0s
    [variant cumavg_1] TAM in 20.9s
    [variant cumavg_2] logits built in 0.0s
    [variant cumavg_2] TAM in 21.3s
    [variant cumavg_3] logits built in 0.1s
    [variant cumavg_3] TAM in 21.7s
    [variant cumavg_4] logits built in 0.4s
    [variant cumavg_4] TAM in 21.7s
    [variant cumavg_5] logits built in 0.8s
    [variant cumavg_5] TAM in 21.7s
    [variant cumavg_6] logits built in 1.1s
    [variant cumavg_6] TAM in 21.6s
    [variant cumavg_7] logits built in 1.4s
    [variant cumavg_7] TAM in 21.4s
    [variant cumavg_8] logits built in 1.8s
    [variant cumavg_8] TAM in 21.3s
    [variant cumavg_9] logits built in 2.1s
    [variant cumavg_9] TAM in 21.1s
    [variant cumavg_10] logits built in 2.4s
    [variant cumavg_10] TAM in 21.1s

[215/236] shooting
  Running shooting_exp2 | "a gun"
    [layer_tam] vision_shape=(5, 15, 36), n_gen_tokens=176, apply_norm=False
    [variant layer_-1] logits built in 0.0s
    [variant layer_-1] TAM in 20.4s
    [variant layer_-2] logits built in 0.0s
    [variant layer_-2] TAM in 20.5s
    [variant layer_-3] logits built in 0.0s
    [variant layer_-3] TAM in 15.2s
    [variant layer_-4] logits built in 0.0s
    [variant layer_-4] TAM in 14.1s
    [variant layer_-5] logits built in 0.0s
    [variant layer_-5] TAM in 16.5s
    [variant layer_-6] logits built in 0.0s
    [variant layer_-6] TAM in 16.7s
    [variant layer_-7] logits built in 0.0s
    [variant layer_-7] TAM in 16.9s
    [variant layer_-8] logits built in 0.0s
    [variant layer_-8] TAM in 17.7s
    [variant layer_-9] logits built in 0.0s
    [variant layer_-9] TAM in 17.6s
    [variant layer_-10] logits built in 0.0s
    [variant layer_-10] TAM in 19.4s
    [variant cumavg_1] logits built in 0.0s
    [variant cumavg_1] TAM in 20.3s
    [variant cumavg_2] logits built in 0.0s
    [variant cumavg_2] TAM in 20.8s
    [variant cumavg_3] logits built in 0.1s
    [variant cumavg_3] TAM in 21.2s
    [variant cumavg_4] logits built in 0.4s
    [variant cumavg_4] TAM in 21.2s
    [variant cumavg_5] logits built in 0.7s
    [variant cumavg_5] TAM in 21.1s
    [variant cumavg_6] logits built in 1.0s
    [variant cumavg_6] TAM in 21.1s
    [variant cumavg_7] logits built in 1.4s
    [variant cumavg_7] TAM in 20.9s
    [variant cumavg_8] logits built in 1.7s
    [variant cumavg_8] TAM in 20.8s
    [variant cumavg_9] logits built in 2.0s
    [variant cumavg_9] TAM in 20.7s
    [variant cumavg_10] logits built in 2.3s
    [variant cumavg_10] TAM in 20.7s

[216/236] shooting
  Running shooting_exp3 | "an automatic rifle"
    [layer_tam] vision_shape=(5, 15, 36), n_gen_tokens=180, apply_norm=False
    [variant layer_-1] logits built in 0.0s
    [variant layer_-1] TAM in 20.6s
    [variant layer_-2] logits built in 0.0s
    [variant layer_-2] TAM in 20.9s
    [variant layer_-3] logits built in 0.0s
    [variant layer_-3] TAM in 15.6s
    [variant layer_-4] logits built in 0.0s
    [variant layer_-4] TAM in 14.6s
    [variant layer_-5] logits built in 0.0s
    [variant layer_-5] TAM in 16.9s
    [variant layer_-6] logits built in 0.0s
    [variant layer_-6] TAM in 17.2s
    [variant layer_-7] logits built in 0.0s
    [variant layer_-7] TAM in 17.5s
    [variant layer_-8] logits built in 0.0s
    [variant layer_-8] TAM in 18.3s
    [variant layer_-9] logits built in 0.0s
    [variant layer_-9] TAM in 18.2s
    [variant layer_-10] logits built in 0.0s
    [variant layer_-10] TAM in 19.8s
    [variant cumavg_1] logits built in 0.0s
    [variant cumavg_1] TAM in 20.6s
    [variant cumavg_2] logits built in 0.0s
    [variant cumavg_2] TAM in 21.1s
    [variant cumavg_3] logits built in 0.1s
    [variant cumavg_3] TAM in 21.5s
    [variant cumavg_4] logits built in 0.4s
    [variant cumavg_4] TAM in 21.4s
    [variant cumavg_5] logits built in 0.8s
    [variant cumavg_5] TAM in 21.3s
    [variant cumavg_6] logits built in 1.1s
    [variant cumavg_6] TAM in 21.3s
    [variant cumavg_7] logits built in 1.4s
    [variant cumavg_7] TAM in 21.2s
    [variant cumavg_8] logits built in 1.7s
    [variant cumavg_8] TAM in 21.0s
    [variant cumavg_9] logits built in 2.1s
    [variant cumavg_9] TAM in 21.0s
    [variant cumavg_10] logits built in 2.4s
    [variant cumavg_10] TAM in 21.0s

[217/236] shooting
  Running shooting_exp4 | "a black man"
    [layer_tam] vision_shape=(5, 15, 36), n_gen_tokens=220, apply_norm=False
    [variant layer_-1] logits built in 0.0s
    [variant layer_-1] TAM in 24.4s
    [variant layer_-2] logits built in 0.0s
    [variant layer_-2] TAM in 24.4s
    [variant layer_-3] logits built in 0.0s
    [variant layer_-3] TAM in 18.0s
    [variant layer_-4] logits built in 0.0s
    [variant layer_-4] TAM in 16.8s
    [variant layer_-5] logits built in 0.0s
    [variant layer_-5] TAM in 19.5s
    [variant layer_-6] logits built in 0.0s
    [variant layer_-6] TAM in 19.8s
    [variant layer_-7] logits built in 0.0s
    [variant layer_-7] TAM in 20.3s
    [variant layer_-8] logits built in 0.0s
    [variant layer_-8] TAM in 21.1s
    [variant layer_-9] logits built in 0.0s
    [variant layer_-9] TAM in 20.9s
    [variant layer_-10] logits built in 0.0s
    [variant layer_-10] TAM in 23.0s
    [variant cumavg_1] logits built in 0.0s
    [variant cumavg_1] TAM in 24.4s
    [variant cumavg_2] logits built in 0.0s
    [variant cumavg_2] TAM in 24.9s
    [variant cumavg_3] logits built in 0.3s
    [variant cumavg_3] TAM in 25.1s
    [variant cumavg_4] logits built in 0.7s
    [variant cumavg_4] TAM in 25.0s
    [variant cumavg_5] logits built in 1.1s
    [variant cumavg_5] TAM in 25.0s
    [variant cumavg_6] logits built in 1.5s
    [variant cumavg_6] TAM in 24.9s
    [variant cumavg_7] logits built in 1.9s
    [variant cumavg_7] TAM in 24.7s
    [variant cumavg_8] logits built in 2.3s
    [variant cumavg_8] TAM in 24.5s
    [variant cumavg_9] logits built in 2.7s
    [variant cumavg_9] TAM in 24.4s
    [variant cumavg_10] logits built in 3.1s
    [variant cumavg_10] TAM in 24.4s

[218/236] shooting
  Running shooting_exp5 | "a person shooting with a rifle"
    [layer_tam] vision_shape=(5, 15, 36), n_gen_tokens=231, apply_norm=False
    [variant layer_-1] logits built in 0.0s
    [variant layer_-1] TAM in 25.7s
    [variant layer_-2] logits built in 0.0s
    [variant layer_-2] TAM in 25.8s
    [variant layer_-3] logits built in 0.0s
    [variant layer_-3] TAM in 19.3s
    [variant layer_-4] logits built in 0.0s
    [variant layer_-4] TAM in 18.1s
    [variant layer_-5] logits built in 0.0s
    [variant layer_-5] TAM in 20.9s
    [variant layer_-6] logits built in 0.0s
    [variant layer_-6] TAM in 21.1s
    [variant layer_-7] logits built in 0.0s
    [variant layer_-7] TAM in 21.5s
    [variant layer_-8] logits built in 0.0s
    [variant layer_-8] TAM in 22.4s
    [variant layer_-9] logits built in 0.0s
    [variant layer_-9] TAM in 22.1s
    [variant layer_-10] logits built in 0.0s
    [variant layer_-10] TAM in 24.2s
    [variant cumavg_1] logits built in 0.0s
    [variant cumavg_1] TAM in 25.7s
    [variant cumavg_2] logits built in 0.0s
    [variant cumavg_2] TAM in 26.3s
    [variant cumavg_3] logits built in 0.4s
    [variant cumavg_3] TAM in 26.4s
    [variant cumavg_4] logits built in 0.8s
    [variant cumavg_4] TAM in 26.4s
    [variant cumavg_5] logits built in 1.2s
    [variant cumavg_5] TAM in 26.3s
    [variant cumavg_6] logits built in 1.6s
    [variant cumavg_6] TAM in 26.2s
    [variant cumavg_7] logits built in 2.0s
    [variant cumavg_7] TAM in 25.9s
    [variant cumavg_8] logits built in 2.4s
    [variant cumavg_8] TAM in 25.7s
    [variant cumavg_9] logits built in 2.9s
    [variant cumavg_9] TAM in 25.6s
    [variant cumavg_10] logits built in 3.3s
    [variant cumavg_10] TAM in 25.6s

[219/236] shooting
  Running shooting_exp6 | "a man"
    [layer_tam] vision_shape=(5, 15, 36), n_gen_tokens=211, apply_norm=False
    [variant layer_-1] logits built in 0.0s
    [variant layer_-1] TAM in 23.5s
    [variant layer_-2] logits built in 0.0s
    [variant layer_-2] TAM in 23.6s
    [variant layer_-3] logits built in 0.0s
    [variant layer_-3] TAM in 17.3s
    [variant layer_-4] logits built in 0.0s
    [variant layer_-4] TAM in 16.1s
    [variant layer_-5] logits built in 0.0s
    [variant layer_-5] TAM in 18.8s
    [variant layer_-6] logits built in 0.0s
    [variant layer_-6] TAM in 19.1s
    [variant layer_-7] logits built in 0.0s
    [variant layer_-7] TAM in 19.5s
    [variant layer_-8] logits built in 0.0s
    [variant layer_-8] TAM in 20.3s
    [variant layer_-9] logits built in 0.0s
    [variant layer_-9] TAM in 20.0s
    [variant layer_-10] logits built in 0.0s
    [variant layer_-10] TAM in 22.2s
    [variant cumavg_1] logits built in 0.0s
    [variant cumavg_1] TAM in 23.5s
    [variant cumavg_2] logits built in 0.0s
    [variant cumavg_2] TAM in 24.0s
    [variant cumavg_3] logits built in 0.3s
    [variant cumavg_3] TAM in 24.2s
    [variant cumavg_4] logits built in 0.6s
    [variant cumavg_4] TAM in 24.2s
    [variant cumavg_5] logits built in 1.0s
    [variant cumavg_5] TAM in 24.2s
    [variant cumavg_6] logits built in 1.4s
    [variant cumavg_6] TAM in 24.0s
    [variant cumavg_7] logits built in 1.8s
    [variant cumavg_7] TAM in 23.8s
    [variant cumavg_8] logits built in 2.2s
    [variant cumavg_8] TAM in 23.7s
    [variant cumavg_9] logits built in 2.5s
    [variant cumavg_9] TAM in 23.6s
    [variant cumavg_10] logits built in 2.9s
    [variant cumavg_10] TAM in 23.6s

[220/236] shooting
  Running shooting_exp7 | "a person holding a rifle"
    [layer_tam] vision_shape=(5, 15, 36), n_gen_tokens=235, apply_norm=False
    [variant layer_-1] logits built in 0.0s
    [variant layer_-1] TAM in 25.9s
    [variant layer_-2] logits built in 0.0s
    [variant layer_-2] TAM in 26.0s
    [variant layer_-3] logits built in 0.0s
    [variant layer_-3] TAM in 19.5s
    [variant layer_-4] logits built in 0.0s
    [variant layer_-4] TAM in 18.1s
    [variant layer_-5] logits built in 0.0s
    [variant layer_-5] TAM in 21.1s
    [variant layer_-6] logits built in 0.0s
    [variant layer_-6] TAM in 21.3s
    [variant layer_-7] logits built in 0.0s
    [variant layer_-7] TAM in 21.7s
    [variant layer_-8] logits built in 0.0s
    [variant layer_-8] TAM in 22.5s
    [variant layer_-9] logits built in 0.0s
    [variant layer_-9] TAM in 22.3s
    [variant layer_-10] logits built in 0.0s
    [variant layer_-10] TAM in 24.4s
    [variant cumavg_1] logits built in 0.0s
    [variant cumavg_1] TAM in 25.9s
    [variant cumavg_2] logits built in 0.0s
    [variant cumavg_2] TAM in 26.5s
    [variant cumavg_3] logits built in 0.4s
    [variant cumavg_3] TAM in 26.5s
    [variant cumavg_4] logits built in 0.8s
    [variant cumavg_4] TAM in 26.7s
    [variant cumavg_5] logits built in 1.2s
    [variant cumavg_5] TAM in 26.5s
    [variant cumavg_6] logits built in 1.6s
    [variant cumavg_6] TAM in 26.4s
    [variant cumavg_7] logits built in 2.1s
    [variant cumavg_7] TAM in 26.1s
    [variant cumavg_8] logits built in 2.5s
    [variant cumavg_8] TAM in 26.1s
    [variant cumavg_9] logits built in 2.9s
    [variant cumavg_9] TAM in 25.9s
    [variant cumavg_10] logits built in 3.3s
    [variant cumavg_10] TAM in 25.9s

[221/236] shooting
  Running shooting_exp8 | "a rope"
    [layer_tam] vision_shape=(5, 15, 36), n_gen_tokens=169, apply_norm=False
    [variant layer_-1] logits built in 0.0s
    [variant layer_-1] TAM in 19.8s
    [variant layer_-2] logits built in 0.0s
    [variant layer_-2] TAM in 19.9s
    [variant layer_-3] logits built in 0.0s
    [variant layer_-3] TAM in 14.8s
    [variant layer_-4] logits built in 0.0s
    [variant layer_-4] TAM in 13.7s
    [variant layer_-5] logits built in 0.0s
    [variant layer_-5] TAM in 15.9s
    [variant layer_-6] logits built in 0.0s
    [variant layer_-6] TAM in 16.2s
    [variant layer_-7] logits built in 0.0s
    [variant layer_-7] TAM in 16.6s
    [variant layer_-8] logits built in 0.0s
    [variant layer_-8] TAM in 17.3s
    [variant layer_-9] logits built in 0.0s
    [variant layer_-9] TAM in 17.1s
    [variant layer_-10] logits built in 0.0s
    [variant layer_-10] TAM in 18.7s
    [variant cumavg_1] logits built in 0.0s
    [variant cumavg_1] TAM in 19.7s
    [variant cumavg_2] logits built in 0.0s
    [variant cumavg_2] TAM in 20.2s
    [variant cumavg_3] logits built in 0.0s
    [variant cumavg_3] TAM in 20.6s
    [variant cumavg_4] logits built in 0.4s
    [variant cumavg_4] TAM in 20.6s
    [variant cumavg_5] logits built in 0.7s
    [variant cumavg_5] TAM in 20.5s
    [variant cumavg_6] logits built in 1.0s
    [variant cumavg_6] TAM in 20.5s
    [variant cumavg_7] logits built in 1.3s
    [variant cumavg_7] TAM in 20.3s
    [variant cumavg_8] logits built in 1.6s
    [variant cumavg_8] TAM in 20.2s
    [variant cumavg_9] logits built in 1.9s
    [variant cumavg_9] TAM in 20.0s
    [variant cumavg_10] logits built in 2.2s
    [variant cumavg_10] TAM in 20.1s

[222/236] shooting
  Running shooting_exp9 | "a rope which the guy is hanging on"
    [layer_tam] vision_shape=(5, 15, 36), n_gen_tokens=240, apply_norm=False
    [variant layer_-1] logits built in 0.0s
    [variant layer_-1] TAM in 26.3s
    [variant layer_-2] logits built in 0.0s
    [variant layer_-2] TAM in 26.6s
    [variant layer_-3] logits built in 0.0s
    [variant layer_-3] TAM in 19.9s
    [variant layer_-4] logits built in 0.0s
    [variant layer_-4] TAM in 18.7s
    [variant layer_-5] logits built in 0.0s
    [variant layer_-5] TAM in 21.5s
    [variant layer_-6] logits built in 0.0s
    [variant layer_-6] TAM in 21.8s
    [variant layer_-7] logits built in 0.0s
    [variant layer_-7] TAM in 22.3s
    [variant layer_-8] logits built in 0.0s
    [variant layer_-8] TAM in 23.2s
    [variant layer_-9] logits built in 0.0s
    [variant layer_-9] TAM in 22.8s
    [variant layer_-10] logits built in 0.0s
    [variant layer_-10] TAM in 25.1s
    [variant cumavg_1] logits built in 0.0s
    [variant cumavg_1] TAM in 26.3s
    [variant cumavg_2] logits built in 0.0s
    [variant cumavg_2] TAM in 27.0s
    [variant cumavg_3] logits built in 0.4s
    [variant cumavg_3] TAM in 27.2s
    [variant cumavg_4] logits built in 0.8s
    [variant cumavg_4] TAM in 27.2s
    [variant cumavg_5] logits built in 1.3s
    [variant cumavg_5] TAM in 27.1s
    [variant cumavg_6] logits built in 1.7s
    [variant cumavg_6] TAM in 27.0s
    [variant cumavg_7] logits built in 2.1s
    [variant cumavg_7] TAM in 26.8s
    [variant cumavg_8] logits built in 2.6s
    [variant cumavg_8] TAM in 26.6s
    [variant cumavg_9] logits built in 3.0s
    [variant cumavg_9] TAM in 26.5s
    [variant cumavg_10] logits built in 3.4s
    [variant cumavg_10] TAM in 26.5s

[223/236] shooting
  Running shooting_exp10 | "a rope"
    [layer_tam] vision_shape=(5, 15, 36), n_gen_tokens=169, apply_norm=False
    [variant layer_-1] logits built in 0.0s
    [variant layer_-1] TAM in 19.8s
    [variant layer_-2] logits built in 0.0s
    [variant layer_-2] TAM in 19.9s
    [variant layer_-3] logits built in 0.0s
    [variant layer_-3] TAM in 14.7s
    [variant layer_-4] logits built in 0.0s
    [variant layer_-4] TAM in 13.7s
    [variant layer_-5] logits built in 0.0s
    [variant layer_-5] TAM in 16.0s
    [variant layer_-6] logits built in 0.0s
    [variant layer_-6] TAM in 16.2s
    [variant layer_-7] logits built in 0.0s
    [variant layer_-7] TAM in 16.6s
    [variant layer_-8] logits built in 0.0s
    [variant layer_-8] TAM in 17.3s
    [variant layer_-9] logits built in 0.0s
    [variant layer_-9] TAM in 17.1s
    [variant layer_-10] logits built in 0.0s
    [variant layer_-10] TAM in 18.8s
    [variant cumavg_1] logits built in 0.0s
    [variant cumavg_1] TAM in 19.7s
    [variant cumavg_2] logits built in 0.0s
    [variant cumavg_2] TAM in 20.2s
    [variant cumavg_3] logits built in 0.0s
    [variant cumavg_3] TAM in 20.5s
    [variant cumavg_4] logits built in 0.4s
    [variant cumavg_4] TAM in 20.6s
    [variant cumavg_5] logits built in 0.7s
    [variant cumavg_5] TAM in 20.6s
    [variant cumavg_6] logits built in 1.0s
    [variant cumavg_6] TAM in 20.5s
    [variant cumavg_7] logits built in 1.3s
    [variant cumavg_7] TAM in 20.3s
    [variant cumavg_8] logits built in 1.6s
    [variant cumavg_8] TAM in 20.2s
    [variant cumavg_9] logits built in 1.9s
    [variant cumavg_9] TAM in 20.1s
    [variant cumavg_10] logits built in 2.2s
    [variant cumavg_10] TAM in 20.0s

[224/236] shooting
  Running shooting_exp11 | "a rope"
    [layer_tam] vision_shape=(5, 15, 36), n_gen_tokens=210, apply_norm=False
    [variant layer_-1] logits built in 0.0s
    [variant layer_-1] TAM in 23.3s
    [variant layer_-2] logits built in 0.0s
    [variant layer_-2] TAM in 23.4s
    [variant layer_-3] logits built in 0.0s
    [variant layer_-3] TAM in 17.2s
    [variant layer_-4] logits built in 0.0s
    [variant layer_-4] TAM in 16.1s
    [variant layer_-5] logits built in 0.0s
    [variant layer_-5] TAM in 18.7s
    [variant layer_-6] logits built in 0.0s
    [variant layer_-6] TAM in 19.0s
    [variant layer_-7] logits built in 0.0s
    [variant layer_-7] TAM in 19.4s
    [variant layer_-8] logits built in 0.0s
    [variant layer_-8] TAM in 20.2s
    [variant layer_-9] logits built in 0.0s
    [variant layer_-9] TAM in 19.8s
    [variant layer_-10] logits built in 0.0s
    [variant layer_-10] TAM in 22.0s
    [variant cumavg_1] logits built in 0.0s
    [variant cumavg_1] TAM in 23.3s
    [variant cumavg_2] logits built in 0.0s
    [variant cumavg_2] TAM in 23.8s
    [variant cumavg_3] logits built in 0.3s
    [variant cumavg_3] TAM in 24.1s
    [variant cumavg_4] logits built in 0.6s
    [variant cumavg_4] TAM in 24.1s
    [variant cumavg_5] logits built in 1.0s
    [variant cumavg_5] TAM in 24.1s
    [variant cumavg_6] logits built in 1.4s
    [variant cumavg_6] TAM in 24.0s
    [variant cumavg_7] logits built in 1.8s
    [variant cumavg_7] TAM in 23.8s
    [variant cumavg_8] logits built in 2.1s
    [variant cumavg_8] TAM in 23.6s
    [variant cumavg_9] logits built in 2.5s
    [variant cumavg_9] TAM in 23.5s
    [variant cumavg_10] logits built in 2.9s
    [variant cumavg_10] TAM in 23.5s

[225/236] soapbox
  Running soapbox_exp0 | "a blue wooden car"
    [layer_tam] vision_shape=(13, 15, 27), n_gen_tokens=587, apply_norm=False
    [variant layer_-1] logits built in 0.2s
    [variant layer_-1] TAM in 116.7s
    [variant layer_-2] logits built in 0.2s
    [variant layer_-2] TAM in 115.5s
    [variant layer_-3] logits built in 0.2s
    [variant layer_-3] TAM in 89.5s
    [variant layer_-4] logits built in 0.2s
    [variant layer_-4] TAM in 84.3s
    [variant layer_-5] logits built in 0.2s
    [variant layer_-5] TAM in 95.5s
    [variant layer_-6] logits built in 0.2s
    [variant layer_-6] TAM in 93.5s
    [variant layer_-7] logits built in 0.2s
    [variant layer_-7] TAM in 93.1s
    [variant layer_-8] logits built in 0.2s
    [variant layer_-8] TAM in 98.2s
    [variant layer_-9] logits built in 0.2s
    [variant layer_-9] TAM in 97.6s
    [variant layer_-10] logits built in 0.2s
    [variant layer_-10] TAM in 108.0s
    [variant cumavg_1] logits built in 0.2s
    [variant cumavg_1] TAM in 116.3s
    [variant cumavg_2] logits built in 1.2s
    [variant cumavg_2] TAM in 116.8s
    [variant cumavg_3] logits built in 2.3s
    [variant cumavg_3] TAM in 116.8s
    [variant cumavg_4] logits built in 3.3s
    [variant cumavg_4] TAM in 116.3s
    [variant cumavg_5] logits built in 4.3s
    [variant cumavg_5] TAM in 116.0s
    [variant cumavg_6] logits built in 5.4s
    [variant cumavg_6] TAM in 115.0s
    [variant cumavg_7] logits built in 6.4s
